pageid,num_links_in,num_images,num_links_out,num_categories,num_references,num_words
1246843,460,22,607,64,732,96298
1973,6456,24,1454,22,169,95050
48728,1133,16,395,33,199,95833
44534,1452,33,973,55,164,100662
14458973,174,22,648,11,80,101858
221708,458,11,357,11,32,101505
504379,1884,73,1100,27,57,99932
33994467,15,0,51,4,17,99284
44471459,90,34,5840,2,2,96063
7418510,12,0,1909,5,2,100062
18839,6715,61,1154,24,79,96673
3567893,2116,3,2517,4,19,101762
297809,15944,60,1061,39,61,96458
221400,64,13,122,14,4,101883
21067650,17,3,34,1,7,101142
18987,15680,152,1384,52,222,98110
7921,1050,21,237,8,18,99385
1814362,582,104,1540,17,160,95359
31655,667,22,398,14,211,98786
55271716,1,36,587,8,476,97359
29030725,3,2,27,3,11,99320
85234,1068,32,731,43,188,89262
18081,14742,90,1397,33,311,90587
8133,3438,30,901,20,70,89780
15051,1236,137,974,29,677,88458
31162817,677,32,531,67,593,94527
7271,2577,19,773,54,23,88970
13485,894,29,1083,15,47,88041
12925855,12,4,954,27,25,92396
26714,5681,279,1453,8,37,87962
29265,42434,113,1566,44,375,91001
8687,17250,78,860,42,328,92475
103443,3989,49,899,28,203,94001
3414021,14044,76,1575,98,789,88680
15992,6031,52,1957,80,448,89432
25441497,115,3,135,10,14,88568
42475403,14,6,93,6,59,89181
92656,3344,112,961,45,605,94109
7723686,223,29,334,8,27,91165
38483,1702,53,818,26,105,92326
417021,699,55,597,7,22,89124
263261,786,19,245,35,87,91069
15941,2263,36,1416,75,107,94079
277006,543,20,491,24,53,91853
21073732,3053,47,1204,44,107,91201
148594,152,6,126,3,34,92259
13904,1743,51,984,19,91,90083
21090338,87,53,717,7,5,90054
2711369,330,15,592,7,80,88964
46284800,597,80,956,24,161,88183
675561,1023,46,791,39,413,89569
6299613,1150,39,840,39,518,89728
2632114,3399,46,732,33,187,89050
59962,216,10,179,3,30,92067
43373,2810,24,1175,87,273,88577
62654,1046,25,574,19,114,83691
15872,2318,33,845,82,239,82833
51320,1576,34,1222,10,127,86387
32073,2205,65,548,35,329,80681
143377,234,26,249,53,110,84567
29023680,138,25,751,14,233,86866
2989409,24,0,39,1,10,86054
48722130,89,18,214,17,214,82882
66592,1433,29,548,65,102,85810
606848,28704,69,2339,26,315,83127
5405,99136,140,1901,50,578,85397
11962112,62,3,1853,4,52,80813
30876071,190,9,144,2,51,85196
20519569,11,5,70,6,4,85929
14941202,100,99,1418,5,4,80742
525160,773,9,658,34,22,86374
66256,127,14,120,17,62,80385
1660277,2640,26,915,37,596,80364
53107,3534,50,1923,22,49,86135
35719627,3,3,363,15,276,85283
25423,47896,48,1327,26,161,81375
1178438,34,5,28,11,37,84218
32927,130870,73,1408,99,161,81905
1757165,135,9,309,21,338,85355
62896,1244,35,1009,56,155,85826
95214,2880,21,364,10,12,83869
25101,13000,115,1852,36,336,82654
280738,1306,23,732,42,68,81950
4020775,1289,39,644,42,152,86382
42142305,352,29,407,33,403,85160
26902061,303,21,360,45,331,82840
44440022,9,24,331,9,85,85981
31602166,91,6,144,15,139,80885
33135,1248,11,526,34,147,83396
364285,641,3,2158,5,1,86325
25263739,27,2,123,3,213,80371
102446,689,19,671,39,57,82979
29266,960,13,1448,25,166,84752
6887017,32,7,294,18,8,71153
48417107,410,2,661,9,190,68894
21221606,1082,34,564,17,163,72193
159225,176,6,135,5,23,66004
21441842,8,12,317,7,3,69681
252534,462,62,306,33,49,72377
85754,389,12,281,7,16,67226
69328,16828,84,823,34,403,67079
1111684,306,28,579,22,71,72856
35981249,765,39,359,7,99,67109
872,1406,40,872,54,89,69895
523329,82,21,272,16,13,71270
24894509,106,10,474,24,52,71035
75899,751,25,724,30,88,69500
18203,334,4,196,18,72,66066
1726029,506,13,343,5,87,71115
43206,2089,40,797,28,59,67330
8687911,30,9,57,2,7,68016
4339,7539,40,1375,18,107,66966
36765013,2,0,36,1,4,66958
44240,1733,42,585,60,53,70807
18938265,1133,11,667,56,268,66611
13461936,14,4,27,2,1,68071
52847,3882,28,687,15,100,70134
15476854,78,6,150,3,17,71905
18853459,163,1,191,5,48,68924
17349356,1456,51,645,20,421,72372
76762,14944,60,843,50,192,70703
404829,600,48,777,21,247,71602
25000433,21,19,174,3,27,65931
7875958,244,26,317,14,459,71555
208827,707,22,381,13,46,69371
77667,1537,38,672,7,20,67790
34678382,15,12,282,21,80,67129
45337,357,3,246,7,23,71229
1800772,816,29,617,28,99,68384
18934,4750,42,1365,58,247,68491
15942,1492,28,874,75,203,71687
19167679,2613,34,630,17,400,68033
30253888,326,22,388,14,376,69320
1348067,208,24,216,7,75,66972
527847,52,2,1041,11,17,71245
113453,1085,71,582,27,101,71419
43223,1397,12,1130,54,237,70640
93428,736,28,841,18,185,67385
314101,325,52,570,10,112,70505
14561,638,25,1022,35,116,72452
3874731,548,29,526,9,127,65647
12386,599,31,422,14,82,70097
16321,904,24,720,62,119,68335
45694879,178,10,289,24,288,66916
43675,2358,21,1088,60,113,67290
97509,798,29,451,51,56,67699
621328,99,23,200,8,4,69823
356777,2884,19,578,18,267,71450
878854,24,230,445,6,128,67800
265778,259,12,477,47,213,65889
22614,2780,37,561,72,89,69237
8484783,400,18,393,47,224,68867
28086000,21,6,435,17,78,72349
18895385,77,20,295,14,103,69099
22163753,587,5,913,15,213,72090
170808,211,16,71,9,17,114821
14889,2160,81,1284,55,184,169887
391488,344,55,418,40,59,114479
17627721,46,13,275,8,4,116219
33265,7309,63,2102,132,232,125409
23805,7108,50,1891,105,407,111939
32434421,3,2,3542,4,3,134138
782741,871,7,509,32,365,131314
24999219,158,27,676,18,354,114155
18285325,335,36,1098,27,710,162103
6453527,31,0,68,2,24,241865
31429503,2,3,3612,4,3,136434
771,10444,68,1423,31,252,106812
11843604,262,4,1100,20,350,386429
9288,6956,40,786,72,138,110197
19527,3425,54,1388,88,173,105799
43689031,387,0,868,12,5,157374
409566,502,43,1456,5,7,253990
803894,61,3,102,8,16,126972
47099786,18,70,335,3,4,113614
3089277,78,85,591,10,477,127071
3266013,248,31,717,18,83,106178
2525549,49,2,135,4,4,102830
20855562,742,40,698,38,591,125196
1234508,34,5,745,20,76,139326
30654,1193,30,257,6,27,107745
6295613,60,53,555,4,640,118560
56017314,2,7,126,5,81,103130
13306,824,37,1170,22,113,103870
17820,2069,63,798,12,44,111132
31358910,105,143,1825,2,17,108788
15342038,425,0,974,14,14,152198
43633857,384,0,908,15,8,162039
3177125,34,63,180,15,68,113907
780188,108,38,313,39,45,102269
3072809,403,7,1201,9,23,116791
4922019,181,3,625,8,6,144440
46662125,22,12,491,10,126,107301
8799338,9,2,2996,10,80,121797
5119376,8101,93,2299,75,223,107646
173547,58,4,103,5,37,139142
17862,796,28,601,69,125,102552
160760,1465,21,600,110,236,76329
507399,908,20,1229,11,65,78079
92402,3342,48,1164,30,177,79231
39912374,1141,15,595,66,218,78345
210710,800,51,1029,26,176,73081
33186,1714,34,925,22,49,74448
33589,2475,33,819,46,564,78742
2457206,892,74,1566,22,500,79268
89988,1487,34,1164,80,112,75062
66964,4789,36,899,24,113,73096
870044,32,2,31,4,11,75001
111582,2006,17,796,77,154,77641
4283766,68,34,370,4,405,78369
150209,429,6,563,53,128,78357
27630477,510,24,400,45,289,74555
76972,58296,89,1745,49,261,78630
97404,1863,85,773,52,337,78822
31737,10478,42,1171,25,276,78749
594,2712,43,1286,33,93,73838
25272709,15,3,99,4,198,75493
15123,1117,36,480,25,354,78280
52233943,180,7,500,12,326,79272
41831802,2,34,204,6,2,77035
19872006,104,1,1106,5,8,76027
18154,276,3,301,11,13,75757
7116046,2333,26,694,23,98,77773
339841,1702,22,1442,28,390,75117
8868062,34,1,69,5,120,75009
619761,750,30,686,33,653,76799
32905,13091,61,1067,37,277,74631
412059,156,20,318,29,59,79501
4349459,14185,78,1220,29,482,79204
36808,2169,53,637,16,152,73154
36218417,8,4,15,12,2,75721
49728,25563,78,1532,30,397,78303
20405,3277,27,733,73,88,74450
16408009,18,1,63,5,2,74855
65064,785,12,559,49,244,74267
2615708,387,12,398,41,704,79440
43337801,1,2,408,11,1,74759
2194173,946,14,464,13,71,76851
16578,415,33,429,49,41,75958
33277,1819,61,804,63,78,77747
42004317,22,22,287,5,8,77254
24102656,726,12,459,44,81,74728
573822,226,19,719,20,37,77401
15766,2986,20,737,84,180,75954
7739570,22,0,40,4,3,78832
26589,2679,25,537,32,190,79619
16949861,11782,88,1442,42,160,78284
43449,2889,51,803,21,47,73567
55791,1116,17,798,21,164,76942
60192,3955,25,1209,81,324,75085
15378788,229,36,753,10,59,75273
49121,10159,83,1202,26,393,79602
11003095,72,43,369,43,139,76625
1327701,27,6,91,4,75,78708
26061,25490,123,1391,30,173,78974
15524,634,14,589,44,164,74974
48768,21462,73,981,52,294,75025
10935907,252,141,1113,12,286,79826
158986,255,53,1202,17,184,79808
20155503,40,15,149,16,128,59145
102383,860,33,443,31,111,60337
324222,1638,39,417,30,47,65035
7954643,4876,56,907,31,300,60249
36377373,2,0,14,2,20,59346
72866,3129,37,742,17,76,65354
25784,3082,52,913,17,247,65333
6861578,5,45,515,11,23,64161
4429395,3986,25,1236,55,377,62025
172111,433,27,261,35,129,63701
1071653,122,4,235,4,13,58832
158267,318,38,333,18,35,65383
177765,862,13,856,12,138,63039
13567676,26,31,329,9,57,59917
23090816,6,2,87,2,163,61464
5829721,81,4,44,13,14,64234
1557634,125,7,213,12,1,63359
391324,1917,41,1477,45,345,60063
481130,6613,17,566,6,86,62271
52024,497,32,509,24,126,58907
3524766,60900,121,1181,55,512,62104
147726,2297,27,1826,81,298,62315
795071,252,49,609,44,142,60405
2116,504,13,488,11,68,58480
32005,8769,51,801,29,200,59693
19318,2249,37,468,55,82,60178
6325873,458,17,515,43,279,64660
17454,9950,94,1110,23,143,62933
20320,267,33,259,26,107,63131
57851,4175,81,782,26,111,64810
72243,91515,6,508,29,62,63201
769016,732,131,701,10,44,64798
1669998,1047,27,689,22,219,62247
74097,488,23,318,47,82,58655
703940,55,22,219,31,30,65384
1630627,51,18,123,8,77,59796
393593,432,17,383,31,246,64802
34340,2307,51,1086,41,254,62080
161139,457,7,441,14,172,63722
36511,16892,82,1212,35,186,61102
52760867,60,0,1016,4,1,59341
28613119,306,4,191,22,213,61447
26905,1513,28,562,14,41,59496
162688,840,18,907,18,200,58928
57845,5830,64,1068,28,123,60344
2269697,1403,15,480,11,64,63605
27071,1902,28,601,40,122,62767
713949,273,22,346,17,129,63871
45399040,2,1,911,2,4,61421
19606306,1916,47,756,44,109,62044
3208634,12,68,651,11,299,61902
37765,6839,27,886,38,298,59461
42780592,2,3,37,8,1,58663
7517565,43,12,380,9,72,59302
3505712,525,30,455,21,228,63234
55796083,22,8,267,27,124,65285
38894501,179,28,389,4,140,60615
37423368,1334,52,771,82,424,60967
3272427,60,42,82,5,28,62554
27687,8132,115,1195,26,156,62902
32668390,277,27,295,31,72,64382
5583441,502,6,412,13,97,64508
45474,889,34,538,18,197,61774
21883857,19714,69,1152,33,211,62018
56978,2084,39,747,21,40,59684
41668588,445,15,601,42,479,63697
100582,8815,60,1113,34,123,59589
48972510,397,8,558,8,1,60429
20905,649,21,407,48,247,65098
2198844,7059,127,1021,25,55,62676
25160837,102,3,404,14,206,59828
538391,82,4,99,5,10,60306
4683002,130,3,179,12,41,58606
18538,2309,57,891,32,183,61993
20622,2837,27,552,34,62,63485
21825423,965,25,666,63,133,59472
4131402,435,19,709,27,216,64778
366061,64,11,302,26,20,30349
27417613,4,30,721,7,2,29491
305917,1907,5,389,7,23,31150
157232,2179,71,496,16,65,32356
69802,1825,52,482,17,46,29358
264105,2141,23,479,30,66,35686
81456,734,12,494,48,40,36330
9955,154,9,115,11,46,30195
377606,880,11,757,13,45,29982
5785,3204,14,680,30,20,36064
21184,13062,39,906,32,95,34291
32227599,106,8,234,15,22,33146
23219544,34,4,127,7,115,30869
140469,94,13,227,17,28,32563
51510,2472,46,676,23,137,31801
9933726,30,5,40,9,7,29586
32642,131,7,276,16,31,34809
219640,1063,30,449,11,94,31385
216849,539,4,580,9,30,33551
94158,27,6,28,5,9,31844
424928,427,21,614,4,8,29349
23275402,1283,15,422,10,70,31518
869945,2921,16,315,13,23,33767
8817404,10,6,88,14,7,35101
24536543,2011,24,1464,18,241,34179
30555,1239,27,261,28,72,36243
24511019,230,32,314,6,120,32966
234842,356,11,293,9,74,29610
3437663,208,2,188,19,102,30747
350072,240,4,110,6,85,29861
80028,544,13,222,17,46,33798
1505381,297,12,271,9,121,29544
2046288,42,9,104,13,29,33657
55032,25,8,272,2,5,34773
4121869,48,13,211,13,60,33673
125176,935,32,357,22,154,34033
219056,225,1,220,20,88,29849
5962511,551,19,256,35,339,29313
11793227,92,32,258,9,67,34223
232847,551,39,309,59,150,31378
58586,1209,8,293,64,76,35624
14187933,16,24,172,29,35,31937
7893,838,16,1127,37,70,36170
21836,2569,17,631,19,106,31220
329949,408,21,132,13,55,32922
195552,87,6,304,7,59,30051
364934,437,13,340,28,241,36122
17939402,17,3,47,11,163,36379
10091322,36,11,277,18,35,35830
32220228,96,14,379,10,331,29917
170029,689,11,343,36,136,35860
786545,6204,31,497,17,21,35956
1774390,190,5,486,16,20,33967
1485652,192,5,218,11,11,31904
409855,306,33,288,16,80,34829
147748,350,65,303,51,49,33555
47762,294,28,296,24,105,34470
9164577,32,3,43,6,6,29534
1540309,223,15,344,12,39,30666
194896,155,9,327,13,61,31608
70718,648,29,356,43,57,34607
32623,1373,35,544,17,116,32822
37009650,111,2,473,4,8,33251
80027,1044,7,303,34,152,33841
286458,2289,2,368,13,20,31657
2845579,126,3,157,23,17,30427
8613,1228,7,273,23,70,32652
964717,490,7,506,26,74,33714
16692,125,22,325,18,37,32620
332248,1236,53,823,16,52,30790
576969,125,8,116,31,7,33864
23362908,1053,25,359,43,51,35930
1803489,323,5,411,25,107,30621
30307259,1310,43,851,41,48,33704
21049733,275,18,172,7,1,31892
32096,306,7,399,8,34,29541
1202355,1227,18,307,5,90,29242
157302,436,11,380,16,59,30925
193684,277,17,277,10,19,31294
6082436,215,8,341,4,77,31582
125436,811,16,613,17,180,30106
620602,327,18,310,16,7,34241
10286612,23,5,65,9,3,34320
186797,758,9,484,47,150,31555
277310,252,5,171,42,22,34000
22210561,128,8,230,6,48,30601
7950181,92,0,111,3,9,35152
844184,926,19,499,17,25,30320
35843293,15,2,74,20,63,31109
325831,138,23,130,7,22,31620
65133,223,13,199,39,166,32650
176316,1309,7,610,64,83,35851
56101,578,3,232,9,41,31270
163382,405,12,362,30,57,31523
37476190,52,8,94,19,86,29292
31717023,112,61,868,13,601,33440
97774,178,14,175,19,36,30674
127894,2738,42,620,19,70,31602
238677,390,11,286,33,215,30351
89442,913,32,628,9,13,29869
566647,629,4,335,6,46,33171
579570,677,30,478,35,264,35419
1225426,98,14,262,3,49,36402
23488052,252,68,305,13,107,31912
32122390,4,3,8,17,113,33647
4704229,2327,6,500,49,156,34061
1300409,260,7,309,24,5,35888
3170723,107,2,109,5,1,29604
18736289,119,8,249,28,59,32530
2275412,228,2,359,6,15,33010
6589,497,6,305,19,92,35289
160434,527,24,439,22,111,33857
40566,1828,34,711,17,33,31920
171325,864,15,416,17,20,30246
324,6720,21,511,23,202,35405
447089,100,5,521,14,22,30754
1620297,61,14,277,30,124,29721
269046,170,12,213,41,44,33279
7166373,155,0,221,4,323,33302
38072719,91,0,784,6,45,32154
14937814,327,6,589,13,56,32891
1804336,570,9,240,14,29,29760
43331629,39,44,267,23,59,30122
50310081,102,21,457,5,90,33945
19642082,24,8,601,13,95,35322
41592580,19,3,165,14,126,29430
22796,1504,82,696,30,87,31290
11962266,46,0,132,6,32,29369
142154,685,49,370,24,40,30279
29542497,5,9,408,8,26,33186
136960,793,27,508,15,46,31528
166163,1328,17,674,45,177,35889
3397169,82,4,133,7,48,9026
19194236,37,5,70,14,15,11059
204283,415,8,117,47,29,13303
3888092,58,4,62,20,18,11005
33031496,45,0,61,4,23,7475
2412780,7231,1,53,4,28,8879
27586261,501,10,576,20,39,8272
25012037,82,6,175,10,25,11153
2892481,29,5,80,15,18,13575
5789543,128,1,169,4,3,10469
36246766,71,3,103,23,52,11112
13514560,142,4,135,22,25,14213
26848243,106,0,138,15,15,8698
30414731,68,7,113,10,20,14284
2083285,1,2,90,8,1,9007
9286738,47,6,65,8,40,9182
1602349,710,11,237,17,26,9180
1816178,22,3,54,23,27,8007
100385,473,2,265,30,22,11824
1911160,76,2,111,26,62,8014
39066698,99,6,127,24,57,14095
33831345,39,7,56,5,5,9875
191273,17,4,93,8,4,12173
1131625,17,2,48,22,16,10957
46241959,12,1,29,2,3,13600
2871603,153,3,183,50,53,11857
578712,48,10,165,10,70,12224
154245,536,9,400,16,10,7931
4871845,30,10,118,10,11,8867
187337,63,8,86,8,13,11343
35337618,18,3,17,3,17,14177
29617833,16,1,26,3,9,9985
30597047,8,3,54,15,21,9496
241267,515,5,286,14,23,13473
40417489,69,2,76,15,45,9864
40508,263,8,212,7,13,11086
2395833,157,4,161,25,32,9263
501798,72,6,163,20,19,8201
1340309,139,12,442,37,17,12418
2089,720,8,292,9,20,12461
134583,320,5,254,8,15,8655
290189,265,9,88,4,18,7677
44785986,64,4,448,5,536,8408
44994160,25,0,66,4,40,12435
7776179,5,2,74,9,9,9090
30806858,65,0,206,8,5,10806
1193095,331,9,212,8,27,10699
48994238,9,2,48,8,6,11995
32560864,272,8,273,4,10,9038
25977139,52,6,160,7,38,8187
2527229,142,3,159,5,62,13104
161091,355,7,164,32,69,13381
591604,388,3,164,11,38,11369
10072598,15,2,40,15,67,9645
4532448,84,7,104,9,22,7466
33775893,15,3,24,12,1,8609
2293506,140,7,220,27,59,10343
15037096,331,14,258,15,17,7953
49438681,1,15,161,5,11,7453
572939,301,5,88,7,2,11515
1251648,13,2,39,8,5,7714
33548913,4,7,57,18,12,7660
13497621,9,7,123,14,12,10151
3018837,129,9,263,15,15,8310
2692172,65,3,62,18,28,10152
1108893,2215,120,744,8,12,8849
59806,31,2,106,9,5,7685
3655443,80,8,118,16,28,7782
35643332,80,1,96,11,32,7756
6181660,158,9,225,7,6,11188
25645497,149,8,160,6,37,8084
105697,534,9,149,10,18,11855
232863,920,16,616,28,38,12456
37280522,9,2,38,20,43,8328
23468778,20,0,78,28,32,12306
22944399,281,1,400,10,15,7456
12573166,96,2,79,6,38,10773
22117825,152,2,256,7,4,12411
827225,115,8,89,8,56,7866
44509739,352,2,521,2,21,7657
20379729,21,0,31,4,4,9770
50547541,8,15,34,8,28,11420
654162,118,2,137,6,7,7910
745853,19,1,22,9,7,9837
40538740,38,1,55,10,13,11576
3362317,96,0,137,23,20,10580
2088125,186,5,92,30,39,8818
20647396,7,1,37,2,41,9050
2505145,70,3,83,2,5,13676
24526226,17,5,23,20,29,8639
183610,51,2,68,15,3,9261
122822,417,5,262,7,18,8451
37910618,8,1,34,15,3,11576
628811,68,5,107,12,34,9796
933137,85,1,97,6,4,11573
9882330,68,17,68,4,11,7736
2048467,175,3,164,31,32,8900
44527235,899,17,369,11,48,7981
4342107,120,1,121,22,23,10529
6262423,231,2,195,15,16,13818
5289760,20,15,76,26,18,7408
149369,1355,22,494,10,57,12849
5063128,420,9,426,7,12,7497
5995136,42,12,67,5,31,12919
805891,620,2,396,20,31,13879
25389526,292,4,346,9,44,8835
34780788,14,4,57,17,12,7751
1915347,30,2,42,11,6,12036
959907,286,4,79,19,5,9340
376818,773,15,346,10,55,14188
42678054,27,3,97,11,43,8798
1339238,41,4,52,13,3,7469
4018311,9,2,20,7,1,7604
7026804,49,0,63,2,4,7472
26874,285,7,233,9,27,14355
22663901,12,3,16,5,2,8063
890687,76,2,92,17,15,9567
17343590,9,3,24,14,35,11635
3234715,101,0,100,9,6,10776
47524633,12,0,16,13,19,8105
35824191,134,9,194,6,5,13614
3816801,561,7,615,24,34,7496
21406281,36,11,120,11,7,11431
17206737,151,13,459,11,122,13136
47939619,5,9,67,25,3,11090
15975,156,6,127,11,21,9701
6765187,468,2,770,13,7,10235
370368,184,14,181,12,36,9295
1739180,31,0,33,24,17,13980
1303295,136,6,168,21,9,8512
11465552,82,14,125,13,11,11825
34303868,94,5,110,11,10,8567
113933,2447,34,385,27,86,36679
35701370,5,20,355,2,2,37331
628782,5967,57,874,22,137,43370
35998553,133,0,121,4,13,41050
27005455,2397,12,715,47,282,42014
184170,201,60,289,36,67,39155
5052533,2222,45,896,91,114,42558
14477322,102,6,196,9,18,39775
13684,1500,29,981,68,82,38746
29711529,55,1,190,10,136,38167
23470968,67,34,3110,2,2,39600
16924903,58,7,384,6,3,39474
300279,307,10,660,71,143,42229
20384579,80,55,150,6,79,37253
26857471,345,3,353,19,183,39083
33476103,431,20,481,9,24,40291
24189541,246,7,291,13,115,42115
83620,708,26,306,12,2,42302
1008284,190,13,318,23,65,40060
99959,1013,16,423,46,82,43034
37364982,481,23,658,8,141,38221
655221,282,15,404,18,45,39335
29684300,565,33,453,51,33,41964
78023,6257,10,457,13,109,38391
145325,1185,27,332,80,99,40690
16354915,40,7,169,14,28,37126
156858,930,13,410,18,112,40480
5405088,470,11,523,11,26,41200
265083,7157,45,557,29,72,36498
2746666,67,8,177,12,20,38027
143914,1244,74,711,22,88,37375
3844691,391,16,428,38,180,40394
158079,1106,8,493,42,601,43553
1133844,739,155,825,16,234,39959
63816,1376,39,598,23,144,41050
761462,122,12,166,35,12,40953
3344863,65,15,123,1,63,39638
64610,931,19,323,49,178,37958
384676,112,7,128,24,54,36716
24589,919,22,459,31,69,42209
97831,3862,23,810,19,59,41579
27497535,348,17,341,12,19,37908
884607,1870,8,834,32,223,43441
151051,1659,29,549,19,153,41739
14078934,13,2,47,7,99,36922
30717904,34,12,79,4,63,41629
22514299,9,4,45,4,2,39902
759317,1785,40,548,12,143,40986
505833,361,39,379,24,177,41156
400103,181,11,229,21,31,39402
525737,613,204,603,12,24,41837
40480187,22,1,186,20,30,41972
207655,134,8,236,13,45,37197
320965,2765,36,650,33,61,43647
36078060,225,21,332,22,32,42324
15361,1814,21,348,23,130,39894
108243,1669,37,858,28,82,38420
3099417,1279,17,349,23,21,38404
46823,2876,43,689,72,65,41308
1495667,309,7,328,10,59,42072
62682,899,20,911,43,223,37114
6173299,203,1,257,8,29,40081
893219,3212,149,617,41,231,40189
1175257,352,61,340,4,16,42329
344859,926,3,249,23,27,37024
256925,2129,30,586,7,64,37749
2067,5118,43,628,17,267,38129
2065634,539,15,532,10,172,41161
917941,627,20,364,23,63,39531
712828,693,4,625,18,33,37913
607552,805,17,740,18,14,42392
314292,179,16,342,26,189,36977
1308385,136,8,169,6,14,39720
1795025,619,13,409,14,39,39974
49040304,103,0,841,9,55,39153
9105,7676,14,887,18,109,38216
261654,29,5,72,5,10,37726
238811,117,7,159,6,7,36476
30505250,52,10,182,6,42,37273
22999784,288,3,215,13,6,40659
9549,2914,27,678,58,90,41422
61145,670,195,729,16,92,40454
8455187,301,9,172,6,11,38471
46217753,798,22,515,9,16,39294
27235473,33,18,84,2,13,40577
1700717,98,9,108,23,149,37464
565730,196,13,408,44,99,42253
8498162,22,7,548,6,11,37961
1775833,575,11,482,19,101,40611
36623,985,73,1079,55,99,41546
660931,591,7,559,37,24,37401
42646393,21,20,245,22,99,38679
1577801,260,80,400,7,38,39241
204706,600,8,793,39,101,37955
9543863,53,5,122,8,11,42636
489133,401,13,453,24,22,40444
40457153,1,0,79,9,2,37175
387623,440,24,522,15,87,37934
15300612,234,6,338,7,112,39631
15271,566,3,152,11,55,39272
5240186,8,2,36,18,8,37607
27490,200,10,116,16,14,41583
22434448,828,8,510,21,90,39570
1117450,388,38,683,12,53,40736
5437,133,30,267,6,5,38622
18253454,9,4,46,9,74,42973
4996,1328,31,531,17,25,41655
18113207,22,20,305,6,16,37995
2368408,330,22,495,21,130,38994
19363129,17,4,170,13,14,38463
6001027,210,14,266,41,106,43076
50888873,3,20,55,3,45,38121
8358106,11,41,159,25,99,41983
46272899,182,68,343,16,67,41502
9647504,21,0,45,5,45,36534
186716,683,36,612,42,73,38789
20184567,67,6,64,7,6,354
14526706,232,24,194,15,18,2824
22351923,45,14,63,5,8,511
20228169,189,2,161,14,34,860
36121147,78,4,95,5,4,283
1064917,246,18,314,12,1,2092
14255377,1,3,3,9,1,474
56543038,2,1,29,8,15,4304
55135530,9,1,29,5,8,2143
8571298,35,3,38,7,4,249
36700599,20,6,48,5,3,964
42720323,1,3,5,8,1,258
13698503,13,2,21,22,10,1972
49655256,4,4,31,16,5,6734
884044,9,0,14,7,2,568
1924418,4,4,25,5,1,4266
32988926,2,3,5,14,3,202
3953738,112,2,149,32,20,6019
41578796,42,0,76,4,2,830
4371925,572,29,282,6,17,1956
4852233,80,2,48,10,8,4115
18406401,271,3,283,7,31,3585
1360222,436,3,455,18,31,3795
3392292,15,4,63,11,14,1834
25717487,39,4,26,9,3,1429
774588,15,2,11,8,5,1206
6459614,2,3,21,5,2,334
467803,69,14,148,21,7,5002
44595957,84,0,13,3,5,895
44319369,78,4,189,22,60,6980
4614422,20,3,28,7,2,1034
53281811,1,0,10,5,1,127
16759271,19,4,88,5,3,1250
46470319,35,2,46,12,4,1433
18522414,6,3,26,11,2,982
44282786,2,2,8,5,7,1351
15219666,7,2,10,5,7,995
15887917,505,17,521,5,2,149
49133251,397,16,607,5,12,2443
51358865,4,29,850,9,4,862
34518150,3,1,43,4,8,1398
2865660,112,13,170,13,12,6836
6027422,18,1,8,7,9,6546
24234930,4,3,4,11,1,253
24001332,62,9,73,5,5,545
9380457,3,3,6,7,3,784
40304660,6,0,37,14,7,2311
41174687,6,2,43,8,5,4241
10769845,1,4,13,8,1,1801
6337740,82,0,131,10,10,6038
7545924,9,5,78,16,13,5632
48806304,484,4,523,5,2,254
40849708,2,4,6,15,3,1289
30577785,303,12,346,8,3,4254
2550711,179,2,157,15,27,5880
46496429,7,2,9,8,2,448
42579750,1,2,6,10,1,328
7543675,84,4,42,9,13,2402
23380995,1,1,31,8,1,249
8839080,18,3,29,15,13,2130
13492165,4,21,14,8,3,445
52045918,39,3,10,8,5,380
5744906,6,8,16,3,3,780
19555532,17,5,20,8,2,1046
6734490,106,4,69,22,3,953
26951433,10,2,16,19,2,229
14368996,37,0,51,11,1,1165
48958475,93,0,149,5,1,374
13437247,72,12,95,8,3,331
36806948,10,9,20,10,2,582
43649260,26,3,33,11,4,446
13017065,141,5,158,8,6,126
18505633,7,1,25,21,12,4583
54739124,207,3,229,3,1,267
8493516,12,1,40,14,9,4799
11717251,125,177,397,22,3,4690
18816116,103,5,97,7,4,165
23589837,10,2,13,2,1,1655
3334427,20,3,863,5,5,1723
256268,3177,49,978,18,35,46964
230189,595,23,431,31,91,45015
78358,7661,8,888,16,103,46784
2346975,1434,58,530,50,182,46021
24962835,91,5,387,10,3,47302
1051262,288,11,189,15,78,50001
60027,1513,41,640,23,116,50190
7586,295,10,445,19,149,43874
14474647,11,0,35,1,8,47735
2539671,1182,21,313,39,112,44051
5464960,7720,18,317,6,92,50503
6055195,84,14,502,23,18,47493
125794,504,29,490,14,283,44637
70671,216,2,256,2,3,47601
6293,9948,114,847,37,93,44470
518843,739,7,262,44,48,46746
331550,37,17,241,15,42,49353
355738,286,20,167,11,17,44116
208691,455,27,663,20,306,50883
1439427,184,7,254,12,127,50415
26781,1723,18,754,14,69,49660
31692117,554,24,463,33,275,47319
28394320,76,20,337,20,225,48415
41536,3772,18,515,69,91,45176
1029,855,18,481,83,67,50351
24404702,144,12,320,14,74,45818
262979,151,7,286,4,35,45904
30857,4508,28,779,11,59,46577
42685705,347,29,816,20,131,46772
23407882,15,2,283,39,49,49066
6015943,220,2,402,7,166,46382
33161913,351,42,518,6,203,45910
23626,1775,8,856,19,42,45379
26202,1923,20,1124,51,73,47024
8100768,128,8,283,14,22,44837
262260,985,12,632,36,130,44151
827717,1080,17,651,23,78,45292
32291112,183,5,246,11,51,48199
32009,2755,46,972,20,101,49189
1053949,512,16,398,12,175,44870
27662703,79,12,167,18,25,49982
32070455,179,11,337,10,10,46140
94040,485,38,417,13,49,46077
731896,212,17,352,16,336,45885
9623,4444,30,727,22,182,50257
1506903,670,24,696,15,135,48370
506881,1570,27,591,29,38,47347
303434,996,9,397,11,86,49543
517136,607,18,681,47,58,45721
8253,4721,41,744,26,241,45842
265857,670,50,563,14,83,45693
30871090,144,44,318,16,108,51012
37010,1744,23,1154,15,83,47527
12441,2678,18,821,15,130,48212
36118062,25,16,154,3,132,49171
1130,2127,19,1237,69,98,47436
2103628,728,10,510,44,268,45563
4079673,37,11,78,5,10,44884
38743,1886,24,652,21,74,49037
28920167,90,2,150,8,58,50837
6357903,11,2,765,5,4,50776
8783,937,16,268,39,115,49621
49856,2901,28,1044,45,91,49235
202133,178,7,324,19,49,45873
1514405,17,4,60,3,19,48192
99312,4548,61,930,20,137,47651
2676764,250,16,399,12,66,48217
89260,752,30,352,15,223,50604
295217,725,10,1049,10,170,43936
43459,1174,26,331,13,13,44913
153041,7356,6,186,12,215,48491
5265384,199,4,185,1,20,46459
19188562,710,8,461,35,203,43748
20587985,76,14,506,11,392,44694
12499410,67,11,99,2,183,47349
20556944,784,26,862,38,233,45371
20007045,70,4,187,12,6,50067
1111358,97,6,285,9,15,46915
503750,331,26,578,19,34,49460
25736,6358,24,335,12,65,45324
12552804,102,0,623,5,41,43901
30864385,203,16,403,26,115,44065
18932608,722,6,250,15,31,46363
73592,697,7,291,17,355,47989
14464969,2,11,523,3,12,49542
372810,389,14,308,27,52,44271
66440,881,25,724,29,64,44986
16125,4116,36,1507,43,131,49861
24602,2141,41,778,10,84,49732
15867436,138,16,293,16,22,45294
23309899,78,23,220,29,24,50637
5706993,294,4,569,3,12,50006
112607,2919,32,639,22,179,49792
26062515,7,0,110,8,60,45160
48311285,47,9,621,5,5,46572
315833,361,4,408,27,21,44854
2189133,95,7,154,15,56,44890
180733,581,10,722,38,43,45034
45230258,443,12,602,48,491,46408
1989580,786,33,387,21,29,49492
50405,2395,21,945,9,31,43905
691,873,30,508,24,47,46765
43717,404,8,314,20,67,48644
29219,1840,21,621,13,47,51021
16829738,656,12,564,3,21,48621
68460,13,32,267,21,45,45027
966130,333,37,357,17,173,45819
4119832,393,19,607,53,250,44236
14998012,1583,44,686,26,189,44258
23620137,304,28,544,4,232,25912
68319,334,18,375,42,96,23904
13789924,132,4,411,11,90,27017
3348541,23,9,97,12,4,24555
356375,1139,7,628,26,27,23782
454583,945,25,456,18,46,28964
224692,966,59,440,25,50,27009
2213684,26,3,121,9,7,25784
14129491,504,11,510,20,14,22853
11943453,33,4,93,11,61,24586
1108214,254,8,274,11,17,26814
13828397,912,5,510,47,115,23537
2782833,56,7,276,19,24,26841
93931,1048,34,713,22,110,23518
8887003,246,7,266,21,80,24444
188073,87,12,152,12,16,23130
275132,57,3,642,7,11,28003
999748,46,9,143,11,3,28201
27022415,5,7,32,10,8,25024
168430,310,8,255,2,13,24345
74095,179,8,152,44,33,27119
2985470,92,3,181,17,98,24129
379362,220,3,791,5,6,23103
175028,824,8,295,30,69,28219
26949079,3,11,19,3,9,25397
3130850,162,0,348,10,26,28437
134672,1657,40,512,14,69,27690
39563304,23,0,32,8,12,25392
914869,1202,16,430,22,102,23543
164676,171,17,174,40,22,25316
548667,856,5,785,37,54,27880
2632897,163,6,64,2,74,29025
31655498,168,7,248,8,2,23851
723638,247,8,310,29,28,24069
50432,13,2,53,6,7,24603
10327401,20,1,77,25,21,28187
401877,2062,152,846,19,200,24535
21761,816,2,1008,4,4,24132
2217991,1388,46,471,10,122,22973
87679,1573,48,693,28,77,24442
40528,1206,36,437,11,22,23400
3635710,163,17,229,22,80,26104
7990664,143,0,276,4,33,27052
217231,1066,8,411,21,45,22064
30250971,4,4,215,8,5,26670
32077,2286,43,809,17,52,27463
18998781,3726,18,354,34,145,27425
48550979,145,11,262,22,63,22526
82471,490,9,446,35,101,28123
115635,2118,17,426,25,35,25071
28330,717,10,529,23,64,29057
183906,338,7,604,41,30,28903
31827,278,62,405,17,65,22151
2492394,13,3,29,9,5,22140
102685,1044,9,829,50,221,29051
6719,2800,33,709,15,136,28576
145971,423,18,255,15,11,28596
2313472,4208,6,573,19,48,26955
23340,2046,9,626,19,48,22000
51592861,2,2,152,1,107,24178
33098504,2,0,60,3,2,22461
27372858,48,0,179,9,14,26286
1300344,58,6,120,11,30,24452
6146151,238,75,242,24,67,23924
317562,1462,65,359,25,75,21914
275138,1405,15,474,22,37,23309
4364873,219,6,246,43,124,24561
50771,3575,29,544,17,28,25965
1104730,330,9,239,34,144,23760
124770,2241,42,866,20,69,27673
83220,454,14,278,18,37,23923
10447140,246,1,117,13,93,27104
419557,135,11,295,23,39,24313
859943,362,18,86,13,84,23391
10768291,178,8,1666,3,28,24100
10601100,264,7,274,25,3,26340
1934406,81,4,126,23,47,27093
831647,8,4,148,12,4,21910
715706,428,18,415,15,67,23196
9623056,102,16,264,5,95,26466
17766232,1182,29,587,7,52,24322
8506316,63,8,79,8,33,25295
27649750,407,4,185,20,73,23832
367133,333,9,294,49,130,27548
2099143,122,3,142,18,18,22833
529667,571,26,392,23,58,28764
498538,1323,18,313,14,53,27982
5981816,935,9,378,29,98,24395
43158925,17,9,96,9,5,26581
15789,854,2,1064,4,4,26651
51521,459,3,254,21,99,21957
806449,219,8,341,21,47,25056
1198487,104,9,166,13,70,22643
1346058,14,4,43,3,1,27261
124259,648,30,465,21,117,22669
982871,62,18,362,23,54,25043
21312284,169,5,220,3,24,22862
40514,337,25,278,12,15,25955
3238282,11,3,46,20,11,22429
60845,727,22,316,78,181,28657
6121100,41,4,263,3,10,23779
38847341,225,26,305,10,93,29097
220884,371,33,302,25,32,29137
2966253,159,4,162,22,2,23221
2937699,223,13,335,16,22,24464
1658647,315,23,283,21,167,22726
195759,498,16,521,47,43,22209
35968446,16,0,70,16,96,24181
663591,885,9,840,41,91,24371
5870424,265,17,240,19,78,27627
700610,971,23,192,28,54,23407
43069,383,13,125,33,39,24707
525669,306,8,132,18,45,23989
192648,832,13,428,17,59,26566
1181193,207,6,296,15,41,22422
1572499,52,2,165,20,96,25353
11815157,28,2,56,7,12,24950
5810035,23,3,86,10,37,22758
827842,390,52,376,9,39,25432
45968,1929,8,551,53,133,26569
523884,47,22,136,15,33,22905
6250,4713,31,580,28,168,28888
3991823,13,1,27,6,39,22025
2212656,378,6,458,5,26,21940
21207459,1086,41,672,21,76,27184
23387941,147,3,243,6,3,25635
2797419,43,4,79,13,4,23830
33637422,4,0,30,3,20,22489
56006691,1,0,34,1,1,24118
14702,650,57,952,10,102,28279
3726984,850,21,512,22,20,23889
2155909,37,20,133,9,29,27746
206705,699,8,432,28,189,26709
2627520,886,11,301,13,55,24927
798332,270,5,442,11,12,25616
186859,3143,20,614,34,119,23343
44950234,31,0,41,7,157,23344
9590163,619,13,405,19,109,26802
10038508,87,22,203,31,74,27847
5728405,51,4,65,3,4,22185
1006164,1706,65,590,8,66,26100
104944,702,16,350,36,44,28323
456066,511,3,478,29,19,22787
367280,176,25,548,16,35,54999
1466438,175,31,192,4,37,57415
5667,2178,31,718,31,155,53409
2497446,2148,1,326,7,21,53906
7729,2522,19,1244,38,86,51560
1642576,497,7,547,12,49,55301
18313,2596,26,456,70,106,55248
71421,377,12,238,30,109,56606
54808,1084,40,715,18,306,55689
19196945,105,166,1150,1,7,51059
298705,1120,15,427,23,59,52772
5002871,705,35,662,17,288,54291
12727,13,0,23,7,4,52781
21474911,97,7,205,6,11,53553
1981069,131,3,201,32,45,52687
165890,703,10,512,30,154,55194
1006330,35,2,699,6,5,55967
9428,2586,30,653,76,60,57047
188432,187,11,342,29,259,57738
461211,1873,41,421,23,111,53778
23591331,8,5,134,24,5,52155
37042017,1087,2,616,4,178,52485
65524,1064,3,341,11,36,53785
10929788,61,0,846,4,2,52427
3463805,565,2,273,9,9,51954
3162905,1909,52,1015,56,210,51965
81886,531,56,552,17,19,55330
19447,1095,23,502,8,51,54976
77587,3281,35,890,39,107,51202
1045217,1219,48,739,48,139,56951
36419010,19,42,602,13,292,55898
43794119,82,12,95,12,146,54146
417493,427,12,505,49,81,51814
40562,2845,34,688,14,36,55150
100638,43,0,37,3,5,57437
7907317,1189,35,754,51,330,54870
72898,2472,30,782,11,73,52787
10934212,1528,24,546,10,192,52775
373047,453,25,429,27,101,55246
20118104,876,22,742,45,375,58247
31353,552,16,276,36,57,54432
2804704,1298,18,582,47,143,54654
811714,5,4,149,31,236,56246
75758,1148,12,722,54,109,56805
44767,201,53,443,19,91,55741
48297704,47,13,87,8,2,58156
40565,1971,30,884,23,60,54062
54253,1576,48,812,58,115,54624
3847111,4,1,60,1,35,57536
20989,700,22,931,52,86,53411
25513219,69,5,115,17,240,53962
2796131,271,23,386,10,82,55998
42200,1020,23,484,35,105,53759
6142330,2230,21,957,19,119,51268
6742,4665,55,649,22,60,52805
8304348,1184,30,567,18,114,56282
149536,6943,35,703,18,168,54590
4897306,1086,16,1397,5,51,54670
88235,540,8,452,11,31,58201
16150410,72,2,175,5,4,51466
105167,2465,52,640,26,111,57492
148979,815,11,540,27,53,53010
822307,924,27,858,44,215,55095
21197,4666,54,1014,41,159,57495
32587,1795,49,1080,23,400,54162
15758205,9,0,850,9,28,57884
25452,3576,38,675,58,75,57419
8980330,687,15,597,56,167,53242
152066,1168,27,1350,39,114,54148
231623,10960,57,930,26,309,54060
31552,2117,5,486,19,70,51303
33941427,64,23,212,17,54,51396
854294,754,12,361,16,288,55721
1339436,795,24,633,37,274,52046
7708467,149,4,170,15,15,56960
2589751,22,5,41,4,114,51758
40567,2028,75,936,24,83,56773
2835536,82,10,89,9,16,51290
40313234,746,11,767,13,271,54111
30058,1349,31,536,11,37,55265
26487,442,15,156,13,14,52800
22228064,2934,27,719,15,305,55267
30403,555,10,227,19,38,55419
116759,1943,61,721,24,237,51423
32185161,22,3,36,7,1,57918
13831734,21,4,253,23,39,58287
26368,1301,33,723,54,45,56057
40986946,36,14,163,17,34,52198
18955999,2003,32,540,11,160,56657
20727696,466,44,626,4,350,53840
70157,2014,30,517,27,166,57470
4272994,180,4,382,13,33,54206
428432,224,36,359,7,46,57701
4050068,123,3,16,11,58,52538
851475,23,15,190,19,11,52331
1017349,1458,89,759,11,110,51780
29174356,93,22,219,40,264,58049
68322,836,17,538,36,79,56134
2888022,419,15,422,11,24,56808
10597,40700,133,869,64,113,51434
435024,4041,60,792,22,231,56043
23713433,6586,23,672,15,25,51792
622572,680,16,389,9,51,57998
22468,2039,28,582,71,398,55669
4110803,22,13,26,10,4,57763
33879727,347,32,578,41,247,56883
147853,546,8,166,14,32,56646
418646,177,5,284,18,190,54497
2823993,125,4,880,4,17,53986
41523,4491,38,885,20,254,52330
3229401,183,5,104,5,9,57472
4482,8711,17,400,13,50,56274
1135593,449,20,746,12,213,54792
915081,646,2,186,11,34,54237
290007,163,10,153,16,9,17560
37803934,165,23,275,5,19,17272
1566175,705,7,638,20,69,15700
30875868,81,1,343,12,14,14957
1014707,185,21,283,20,60,16438
682856,569,3,369,12,17,15391
1521999,279,2,332,23,7,16399
44408842,2,8,31,10,8,15183
1376785,2,3,8,11,1,16989
3020109,59,7,64,21,20,15633
22771176,108,4,177,16,20,20635
12583841,121,7,274,23,66,19714
56023444,2,0,19,1,6,16789
71932,378,9,189,33,86,15806
3459338,290,3,201,18,16,19956
3804776,176,8,210,6,56,17456
52332604,14,3,58,12,26,15759
775134,114,7,110,15,17,15962
489321,346,3,357,25,28,15455
8587412,39,9,105,9,21,17834
21661375,35,4,93,6,10,20645
198726,278,13,211,14,51,18007
35700682,5,0,152,2,10,14710
22048289,1698,0,46,4,36,17193
12315140,46,0,93,20,36,20872
45178500,2,7,59,9,7,14785
24836896,40,9,141,7,17,17100
186193,745,10,253,16,70,16346
308856,257,3,240,32,54,19885
47952739,291,9,137,14,6,17075
35622760,44,4,138,7,95,19739
295598,228,9,194,44,43,19712
7454967,6,1,16,5,6,20398
319571,517,6,499,19,6,18079
2940937,394,32,599,21,34,21653
6384037,290,4,154,12,52,15406
14449214,841,15,372,13,120,16181
730831,461,11,550,58,111,19729
1056165,1053,8,278,18,29,16219
125495,344,11,417,10,95,19613
144386,698,22,380,16,43,17970
2343027,156,14,87,10,46,17870
11254,1975,24,269,27,44,17095
3045642,216,8,290,10,15,16917
40484303,363,31,454,21,89,19952
31703536,101,14,386,22,125,18843
142323,203,6,163,9,14,14774
4131678,19,5,37,3,11,14641
3158870,69,44,90,6,33,20319
37935620,102,90,217,13,80,18435
6093697,8,1,156,5,9,15565
4311910,759,4,184,9,49,17086
24559964,7,1,17,9,6,15463
1014906,51,4,55,5,19,17575
3582734,36,2,86,4,1,14843
23751905,88,0,494,21,34,15522
21550326,14,1,295,13,56,20378
2288117,21,18,291,44,105,16873
27280889,512,2,296,6,9,14797
304642,316,1,369,30,218,21589
7174830,349,13,513,4,60,19274
2023491,72,6,148,14,18,17388
249509,235,29,336,14,8,21759
414468,445,8,494,34,46,16119
231089,402,4,312,32,92,18433
1158886,886,6,620,36,94,14658
4693368,1,4,27,1,2,15286
93097,1505,9,119,12,9,18710
39645216,781,16,273,19,17,20879
10789502,61,4,116,6,20,15246
37710702,246,2,269,13,10,17624
2523586,259,3,115,22,90,18375
18982384,36,2,75,10,5,15585
3670297,131,1,150,4,8,19535
2008273,197,3,141,29,55,20937
8841014,12,2,19,10,4,19886
2241312,181,4,212,10,9,21374
1429763,480,35,607,9,27,17786
962893,150,13,229,26,54,20445
632322,76,3,106,8,26,19092
7003520,49,2,112,35,24,16484
10842431,25,11,64,5,76,18980
47256334,39,1,141,25,85,16644
43863159,48,11,172,14,8,18065
63349,408,9,356,42,141,15237
5728194,90,0,65,5,1,16616
38400,36,4,58,11,5,16138
331582,409,9,321,32,45,15789
14158261,35,5,191,1,79,20499
40629144,87,6,140,5,65,17350
48675263,8,1,35,4,9,19859
5073888,110,4,156,9,23,21760
16945120,4,0,49,9,32,15155
1256334,174,6,238,13,7,14653
16035221,260,9,200,28,214,16541
713549,52,4,178,15,37,16825
6961430,12,0,14,3,3,19394
3835759,136,2,210,14,105,19511
92556,239,8,193,14,30,15130
682848,47,3,103,14,20,18810
2061705,38,4,76,15,23,18509
4949370,23,2,47,19,39,20387
1779727,105,6,120,32,10,14666
74610,1750,43,324,19,41,17207
50689054,7,2,104,12,38,17747
405875,1186,26,1177,14,35,18178
10096572,16,5,134,12,8,16814
125217,170,10,265,13,108,15228
954888,45,6,84,13,8,16317
35397147,4,6,77,15,26,15687
99887,157,8,191,6,48,20922
170592,145,4,122,30,33,17490
300561,437,7,240,40,37,21446
16653937,20,4,95,19,38,16882
1557324,49,9,55,3,80,17837
36777018,5,2,210,5,72,15994
38230656,107,3,194,4,55,21547
11876628,7,0,382,4,173,16586
1874173,19,0,35,3,3,15058
3982513,53,8,85,7,13,15748
238431,102,5,243,15,98,16974
12633123,74,9,56,18,23,15660
30862857,390,6,193,13,23,21594
22635212,3,8,225,6,68,20291
10042412,51,6,144,12,10,14863
1781700,192,16,1111,17,36,16513
99692,783,16,503,25,50,19734
35034020,6,6,39,8,22,14802
4094028,10,10,63,16,37,19435
34702110,567,13,130,33,25,17217
27881426,31,3,93,9,21,14629
1611852,30,5,90,33,95,15907
1109998,337,6,283,9,74,15710
931802,42,3,28,5,19,14679
1070503,84,1,145,21,97,18471
166459,1925,14,304,21,34,16646
272833,363,9,154,11,15,16064
1404329,722,17,672,21,68,15781
40538,2913,33,468,11,24,18411
511735,20,0,48,13,14,20766
33833363,63,12,179,12,24,21725
8220,487,10,342,12,236,20278
105949,289,4,192,18,32,18684
38274305,138,29,222,16,182,17522
7339773,349,5,434,22,46,16933
16096064,223,20,371,20,89,21708
1752376,502,20,318,5,19,21788
17046226,9,0,33,11,15,18168
1015585,107,3,102,24,41,16657
67118,428,27,435,43,54,15616
18952719,371,13,211,13,56,19899
725441,14,3,26,2,2,19576
427408,375,8,89,10,61,19883
602466,317,8,401,18,88,19721
2936492,232,43,305,12,30,19677
27921792,6,7,34,4,7,21763
3029,96,2,118,34,52,19271
1161510,103,5,139,7,43,17381
4535082,46,7,265,28,41,18274
3130242,31,7,92,10,21,17007
16307988,123,5,213,7,19,15522
573279,154,2,196,19,33,15604
1457749,117,7,127,7,44,18724
924726,165,7,253,7,17,16452
14033347,45,7,74,8,5,17193
24809896,270,3,778,3,5,16134
106364,318,1,170,3,6,16620
105496,542,18,221,20,62,16699
3584913,137,4,186,9,4,19695
52369,931,28,484,16,53,21342
50252,168,4,129,33,19,17659
5715768,493,26,355,8,16,16266
18758,212,11,317,15,35,21362
46466350,76,4,128,6,20,17774
1933002,1017,3,372,15,20,17616
37631502,9,0,270,4,1,15077
917232,163,21,283,12,25,16302
3175841,19,0,107,10,13,20610
60589,1203,15,353,30,52,20695
151296,1065,36,681,24,89,18133
35503,196,5,194,14,36,15502
8585019,26,3,54,5,4,15086
6204551,122,12,169,11,55,16007
26262847,1,1,83,9,11,15253
342044,1843,15,568,30,38,20859
107340,824,20,438,13,85,19429
739857,300,10,261,18,8,20180
2560,851,6,258,11,21,20615
2983197,153,6,247,13,12,15979
339394,21,5,54,3,3,21696
178247,28,1,18,7,18,16559
33409644,55,10,95,11,54,20420
1922844,420,4,221,18,28,16051
1117176,84,5,176,11,10,19422
31639348,381,6,406,17,82,15006
41563858,1,6,44,10,7,15451
968195,162,2,230,24,54,16223
274099,920,17,1389,9,8,20679
10728305,30,0,238,2,4,21097
679825,899,32,992,48,71,21643
7081361,39,8,94,9,27,18925
2055543,169,2,192,16,8,19754
25339584,174,3,141,13,8,15980
348826,22,0,486,4,4,18614
518534,775,6,179,28,31,17199
2002565,539,12,1020,8,20,17098
40155866,238,16,464,7,5,15987
2898867,71,6,261,5,150,15220
23833750,404,19,432,22,31,17624
10324687,29,6,72,6,34,17647
156475,152,5,154,24,20,17560
83490,1072,23,479,19,47,19004
167546,806,37,387,15,27,20361
523336,498,2,212,43,36,21016
56476,324,4,399,21,121,18749
107664,823,23,630,18,43,19796
1398923,274,2,107,25,24,16407
1465328,53,4,156,22,11,14765
1931006,453,6,416,12,46,17156
306282,746,10,604,27,48,14845
426670,260,19,271,21,13,19131
192842,123,3,154,4,2,18162
361572,49,0,104,11,12,17450
363851,395,11,732,19,9,15227
18017138,381,4,284,15,30,19602
11792907,18,1,82,10,27,18454
36084003,17,4,83,15,67,21616
32526367,42,2,34,4,62,21677
1385430,44,6,115,17,38,21488
815329,111,13,163,19,18,16406
6920,1390,15,264,8,7,19573
24975063,15,8,4,6,43,21420
6586391,25,6,136,16,55,16475
5984845,11,2,112,6,47,19543
7994324,1,5,70,14,75,18865
888170,129,5,130,19,29,14689
9770,1260,24,871,8,57,17303
1141438,810,9,431,49,32,20218
40713040,58,21,182,12,17,21733
53141433,4,7,25,9,36,16936
1340054,4,0,1504,4,1,21418
5115369,1,1,357,3,389,16220
24986,636,5,357,9,30,15155
2473210,256,3,302,7,33,16890
29656,315,8,411,39,118,21154
1749936,104,3,135,15,9,18842
2491879,152,8,417,8,15,19587
1533029,106,5,396,18,29,19434
929103,35,4,23,18,13,16051
71508,468,27,319,11,29,20434
497407,45,6,97,2,17,14658
5884515,192,2,241,40,32,16579
10817356,8,3,109,8,48,20402
19718995,473,8,228,29,41,21305
1014518,519,3,334,12,96,20404
184483,225,1,138,4,24,16525
286096,465,22,460,16,15,18551
4009240,267,11,203,11,51,17985
3332238,25,17,147,2,29,21805
49238177,3,2,6,6,27,21867
22715390,20,5,87,5,28,15376
55319,3602,11,242,9,40,15641
43473072,394,3,180,32,32,14659
67252,1895,17,454,12,16,18646
3072290,87,3,96,6,10,17231
16013305,219,1,242,1,3,14846
2727079,400,3,287,7,31,14672
588260,18,4,50,3,41,18038
11647604,10,9,362,7,17,21270
2706504,19,3,90,12,11,15044
780802,2986,37,638,7,17,20717
10068310,52,4,99,14,49,15961
16690255,76,1,109,18,35,18221
153421,123,15,204,22,119,18365
18594320,150,5,237,7,45,17009
20799079,11,1,46,17,26,17040
18933243,141,11,329,5,12,17234
26162979,132,6,209,6,52,18112
14238443,6,0,63,17,7,15148
173562,382,5,289,26,19,16823
47879432,13,4,46,12,2,14881
152480,627,19,503,19,121,18061
349628,2615,7,219,12,30,17461
30863072,47,2,117,31,20,15654
31555577,219,0,315,9,240,15834
64460,531,15,421,30,33,16551
15102522,14,9,95,5,11,17252
459319,338,58,338,9,24,20336
24748820,43,0,94,30,66,16940
4967784,351,15,212,19,6,17459
7955217,53,14,94,5,5,17769
2894675,77,6,82,18,10,15500
5205969,22,5,99,15,10,14770
410980,233,11,240,24,84,20060
6717473,150,3,207,7,1,15397
3838884,40,18,83,8,92,20547
266217,789,37,266,9,129,19247
1211852,768,19,344,18,28,21262
35764429,63,5,118,9,8,15282
179501,688,4,674,26,87,16991
827703,946,22,254,22,22,18672
842468,149,5,169,37,27,20216
20739,1288,15,294,10,51,16453
1255065,332,4,428,19,5,19721
8106609,108,1,141,3,27,17778
7563097,135,4,152,6,1,18597
47081476,40,3,79,12,25,15314
14122398,83,2,95,2,8,17747
274910,175,5,216,23,61,21505
15632813,25,9,90,13,24,17661
46722965,3,1,58,14,7,17212
34001262,17,10,49,22,19,17897
2771937,441,10,210,29,112,21818
3101120,12,4,53,9,6,15583
872331,246,2,157,31,33,18945
14165009,452,5,199,13,86,14651
44938429,2,2,4,4,17,15902
795617,730,6,646,38,125,18893
42502890,14,15,45,11,8,17062
212253,375,14,191,11,19,14704
2122568,7,6,62,11,28,15654
12994019,60,2,102,4,5,20188
13893101,30,5,71,13,4,16876
244468,314,13,287,37,40,20588
25342885,104,20,184,10,11,16361
91411,575,42,594,8,30,19082
13966436,143,4,211,5,11,19098
4471439,87,4,120,19,60,18483
50513,703,15,188,13,121,20016
14459001,26,2,60,10,15,15063
32688979,18,2,492,5,1,15869
33160132,119,6,218,10,40,16008
30840,564,13,481,19,2,18259
178855,949,24,346,9,36,17813
8262493,133,2,192,18,9,16145
1305044,96,2,114,3,84,17346
12153180,8,63,387,10,29,17345
7627929,294,7,200,18,38,14471
221749,608,34,459,48,77,16632
22424,102,9,148,5,28,11554
25382,1211,5,310,13,95,27233
70157,2012,29,517,27,166,56407
3829005,1192,12,340,34,265,39498
25806,2371,20,680,26,146,66765
43243,274,10,275,26,87,46770
11587,1019,5,919,15,43,24251
63317,1196,12,775,25,134,52975
1544191,85,6,105,5,22,7234
23564616,15073,107,1024,42,205,52117
526399,567,35,645,37,67,35329
32070,47746,43,1651,30,183,67151
347422,3225,43,567,34,76,20317
5622894,118,2,151,9,72,20485
25867,1418,35,703,81,236,39663
957537,34,0,179,17,16,4936
25473,7330,74,1339,69,130,87420
231156,898,8,384,60,83,27388
32296110,105,5,106,41,44,20593
250943,225,4,163,27,48,8972
8354382,579,71,559,25,186,25380
2110323,4466,21,607,43,554,61657
444216,108,2,87,11,1,4611
240547,447,5,394,24,58,18519
21131695,1587,39,933,64,295,93965
161466,634,14,251,37,68,27350
168601,313,11,116,42,100,25048
26152,4088,72,640,42,299,61502
615807,1038,55,1126,60,96,24305
25433,10170,72,1964,95,471,97790
93791,680,6,557,57,141,23421
44205,765,8,417,55,187,43161
376985,518,7,410,12,41,30032
25938,1409,30,830,50,329,65827
25427,990,7,734,42,186,43575
17446303,346,26,637,34,255,46357
242570,169,2,114,36,49,15221
23747676,73,10,179,51,58,24414
4057953,894,37,905,53,183,24209
45218,783,6,657,39,123,26600
29490,3089,46,587,65,149,68476
206365,974,12,187,24,45,22392
27931,896,5,314,25,121,28735
51487,1082,15,534,49,127,54852
40112,1676,24,578,60,163,60562
249623,1103,54,965,16,251,56026
23409759,429,12,202,13,43,10015
27122,1181,68,620,61,137,88929
165404,1235,7,309,15,26,17445
26915,240,6,274,23,85,44648
2941511,1809,28,964,78,430,59518
338065,455,4,262,11,24,14062
27694,2170,41,991,14,141,49731
27706,971,17,550,8,33,54045
144178,251,15,365,39,192,37220
763013,5791,21,737,48,170,55171
349303,18288,133,1242,45,404,92491
27790,2811,24,442,21,472,45224
1737582,78,4,62,15,92,14904
26833,1681,16,663,8,73,65281
13118744,1127,32,911,29,384,92706
1163228,95,3,116,17,79,23738
418732,246,7,119,8,65,18246
21171721,550,27,549,12,226,38853
34495117,12,7,97,11,31,6103
152447,1821,9,326,65,164,23480
317383,786,12,521,47,151,26875
324091,1310,6,459,5,58,22231
466454,294,5,144,12,116,32436
69795,666,21,566,88,220,52160
150374,610,15,172,18,157,35698
18842168,537,10,368,18,63,17369
168714,1617,6,975,27,165,72152
286527,870,14,442,20,59,17489
5058690,6874,55,825,56,448,74749
5058690,6874,55,825,56,448,74749
59512,4614,55,702,29,87,30492
10733176,126,12,204,39,172,43540
28632,2199,19,667,24,172,51812
43116037,32,8,142,12,213,39712
1305554,59,9,242,27,258,50262
2957039,342,2,105,7,57,22154
7397019,1437,6,370,14,40,8932
236331,1848,12,615,30,164,66015
1316116,193,5,199,5,29,16854
19019270,867,19,451,23,227,27808
31635665,442,26,744,8,115,71924
28840,3408,21,937,32,194,66215
5594647,101,3,419,42,32,7731
27159,2485,31,669,35,100,55639
189909,147,2,109,7,22,10474
1130664,31,4,28,18,16,2469
384706,70,4,60,12,13,19685
26743,3368,27,979,59,144,95455
28399,2826,94,376,40,24,20256
26909,1443,66,882,75,668,114638
28307,1293,13,319,23,21,12413
25862547,3331,76,838,32,252,54433
402030,57,8,35,8,1,4785
13436,2289,33,717,53,43,61210
13371,1326,28,370,67,93,48677
1438445,88,10,117,28,34,15075
14183,1238,25,1097,10,56,20976
13457,744,13,286,5,71,14575
4868935,84,5,99,17,133,30876
13919,2046,53,1161,45,419,79045
38873148,607,18,632,45,37,54900
2366752,408,6,479,5,113,17591
5043192,6843,65,1981,86,477,103434
18945847,20975,37,929,32,197,79788
2632114,3387,46,731,33,187,89052
18945847,20975,37,929,32,197,79788
47646,2599,32,1433,32,153,69615
56120,3447,32,462,19,120,30468
56120,3447,32,462,19,120,30468
364326,289,12,207,8,41,15206
13808,799,50,1383,20,190,121862
1560218,197,3,201,7,34,48444
210728,619,10,684,13,135,82350
23713759,603,14,300,13,147,23024
10396793,5314,53,1782,30,110,78530
1007688,765,43,753,38,239,45187
14229,971,24,514,24,480,78452
5097395,2234,21,664,19,175,35309
5488304,4112,41,769,30,338,69479
8322947,270,22,319,50,240,35401
113348,893,7,385,45,163,46121
48874,1287,61,752,64,414,89993
14094,295,7,148,22,106,19559
10326,1034,29,1168,15,534,73449
47878,904,19,672,16,305,52841
2569378,4383,51,693,25,261,70401
254637,297,5,134,18,21,14246
32544339,471,19,331,19,247,47672
35039706,21,7,110,17,112,24755
8798949,30,10,280,27,285,92314
381399,3334,34,359,8,87,26638
2269463,387,18,265,21,77,63244
6502961,372,15,275,13,72,25348
638066,26,4,55,13,14,9841
70842,750,12,357,46,109,33230
288343,447,11,322,20,97,31472
13545731,70,7,222,3,19,1245
294934,465,13,419,44,132,40570
319302,148,5,203,22,6,41689
14912,1669,12,416,25,141,39545
294545,26,4,93,15,29,22528
18935277,7,18,48,2,12,3040
19572217,2064,30,644,18,601,51884
1166630,131,4,163,15,59,16406
15295,1145,16,1130,14,429,62695
152772,290,9,290,12,67,28989
23430752,2388,12,181,17,82,23810
14539,11406,33,889,38,249,62662
294813,1174,11,148,13,44,34805
243433,582,26,323,42,101,51755
147575,33824,71,1245,35,210,85826
14726,1245,20,429,13,57,62558
775859,11490,35,858,26,96,44182
15226,414,24,744,35,76,51731
6037917,18855,52,1280,26,263,62245
162173,1943,20,699,14,191,54025
9282173,47630,130,1293,63,631,95119
46216,1557,57,890,38,322,85692
125320,560,32,1189,21,176,116674
14532,151796,160,2112,47,508,100220
16044,1047,18,449,36,115,35696
308131,270,4,228,28,78,19759
1103138,921,20,404,46,280,62671
64372,956,30,655,56,215,61424
39764,1600,59,671,77,100,49565
16016,3386,72,1128,16,212,83326
23819805,462,7,328,49,56,18525
498971,452,7,746,27,256,68374
1840589,43,2,66,15,19,5101
16099,785,9,627,32,57,14125
15573,138191,160,1326,37,372,78787
46884,383,34,445,31,245,98343
15606,21174,24,433,29,59,51904
162870,3517,16,539,86,267,45796
49955,374,17,275,62,85,27159
189322,1282,21,778,65,203,38874
16218,225,8,239,57,107,76663
6253522,34,6,118,31,109,13194
52547,2137,18,496,15,120,54416
16175,2863,23,580,74,380,56669
11494260,444,6,442,48,128,23459
175220,1411,14,819,47,185,46366
16504,457,6,318,56,97,31325
21207345,411,5,320,46,65,19704
442163,655,18,335,23,66,24364
133250,595,11,683,58,145,76162
18603579,1389,18,828,60,112,31941
46827,796,45,855,46,95,25840
1095706,8079,50,1555,61,263,77520
983366,48,2,118,7,11,5246
1131183,1871,62,940,16,234,71232
25955086,6630,52,775,39,255,51437
31516,6191,43,571,37,94,43556
43356,1668,34,908,44,308,47131
18582416,1068,17,992,44,269,41735
83045,3227,8,499,29,131,28480
31535,288,12,206,38,114,35907
30942,4623,32,1204,24,107,39779
31175,238,4,380,18,137,64379
31460,1973,22,606,45,170,27308
3301347,3785,35,1043,63,301,61283
47702,2824,26,566,30,163,90101
216188,386,8,186,13,27,16624
71973,859,20,735,35,60,40485
2723695,40,2,13,6,1,1521
19904525,3109,15,511,21,327,46398
21694424,1044,13,520,15,151,49441
21694424,1044,13,520,15,151,49441
35152422,146,5,227,18,108,22914
157873,579,7,409,24,62,17497
348486,3293,7,1005,21,90,27686
14594,279,15,237,30,93,27953
29920,1123,16,923,19,52,51253
31341,1430,17,506,75,356,56930
1182836,226,6,412,14,35,20834
30018,1866,8,597,18,30,12557
25168720,313,9,194,9,149,26704
31429,168,8,157,8,55,58441
9988187,32453,26,866,51,541,86592
863,32847,56,1148,30,135,93364
52780,5041,35,797,39,222,67847
31814,877,19,685,19,243,54460
32191,876,6,477,24,191,87213
31750,54265,161,1332,69,511,122973
31814,877,19,685,19,243,54460
31769,22787,80,797,34,138,48327
3434750,462044,134,1833,46,884,110549
32009,2758,46,971,20,101,49189
446555,21,4,26,9,16,4951
37293,75,3,40,17,34,9070
31902,650,9,609,35,54,23735
31880,1804,35,687,17,184,56430
16118202,4768,15,662,18,131,70446
337755,340,38,294,11,92,22337
243927,897,19,745,39,63,41859
1742315,370,11,361,8,338,55440
132472,724,17,426,22,41,32355
30972975,28,3,90,9,3,5948
333091,164,3,200,25,134,22011
305561,300,6,229,59,89,37743
928412,3,4,31,12,27,3749
32587,1786,49,1061,24,392,54795
32591,2133,28,1038,19,246,56423
11737832,27,3,156,6,36,20105
183050,3566,8,822,27,67,14685
19220448,217,4,373,16,357,76805
32611,16294,111,1505,65,277,122085
47150,297,6,134,9,29,5014
93767,5768,5,446,18,30,17309
239897,2042,34,584,22,129,49392
11015252,3103,41,1322,69,63,101386
32817,4321,107,938,83,564,78630
47896187,236,25,444,51,399,77788
33589,2467,33,818,47,564,79417
32917,3498,26,789,75,164,44412
34059,7574,50,1189,22,184,136028
1181646,208,15,1072,33,167,54152
13425800,3566,205,2379,103,350,69548
4091662,134,5,231,34,129,37019
33622,1777,50,598,71,50,17417
15380061,479,17,484,12,74,36524
52382,1237,24,455,22,122,59798
33422,1358,18,744,56,214,61783
231184,599,2,140,8,17,3524
265307,473,5,284,4,35,13148
16597487,1116,36,561,22,126,33802
53976971,71,6,119,6,47,13332
33545,6541,24,447,34,95,41431
376898,386,16,431,22,366,58664
21208262,1406,32,693,20,83,45551
2495537,838,61,572,10,70,21032
166202,2622,79,875,38,265,62704
33178,1757,9,517,18,43,16356
54985,1650,19,613,83,116,25010
154823,539,5,380,22,30,25035
30780454,154,11,133,7,46,10137
11577295,9,0,13,7,21,3142
32897,8598,60,2086,54,91,41666
860924,1386,23,273,22,184,25321
2289648,1699,9,465,12,218,70592
33683,404,7,309,34,79,15013
91221,451,4,274,7,59,24531
11185,4616,28,968,26,145,63491
33183,1193,32,1123,13,104,34620
145439,2409,47,1451,16,209,97956
37483,804,4,42,18,6,2863
33523,4786,59,1411,70,152,99780
33278,1051,17,435,75,140,48642
31582928,94,2,55,12,27,5921
67173,545,28,352,24,185,30983
4764461,63112,117,1151,75,299,140521
32927,130737,73,1407,99,161,81903
50106813,28,4,99,20,58,13607
1361082,2612,3,96,13,23,11730
22760983,5060,12,562,12,52,47773
3329753,463,4,485,17,220,3621
86364,1831,2,87,6,17,9856
68110,1829,18,303,8,48,12035
419038,914,6,878,17,82,18810
196206,449,4,246,10,66,19766
18130,18099,94,1534,47,201,90911
17628,1378,23,610,39,46,32098
384676,112,7,128,24,54,36723
21009880,791,16,654,19,242,51795
23371382,5039,37,1040,29,353,62112
229257,678,12,712,62,181,66382
414890,440,4,237,27,15,4866
38776,29162,18,904,25,243,52689
75890,536,9,133,9,82,24280
159846,5003,11,740,20,112,31593
432709,1533,54,558,28,135,39220
19037,3846,26,580,41,137,38818
142056,6280,32,867,88,321,78591
36753,1822,17,1565,75,215,48905
7907317,1188,35,756,54,330,54910
170487,420,0,369,6,14,8826
38776,29162,18,904,25,243,52689
21021,3622,41,1131,33,116,42316
20796,1493,28,754,66,109,49754
19527,3417,54,1379,88,173,105798
46636,1632,12,357,33,36,36970
978525,77,9,140,17,167,27541
89662,422,9,249,47,113,21360
19831,4229,63,1589,92,391,71362
87944,983,28,398,10,32,10426
728775,449,3,218,36,60,20602
1481886,3345,26,1328,30,339,42170
650426,1316,19,440,64,262,28551
572897,355,22,376,52,337,50766
875547,443,3,668,19,311,96239
20548,1190,15,1247,49,54,20364
7567080,3381,55,997,68,95,76213
20076,2509,45,1265,83,253,82910
409691,72,2,91,23,47,12287
25454239,466,5,217,13,37,12176
103695,431,17,595,12,18,24429
11415141,1162,26,501,31,197,45401
96484,179,9,332,29,102,18990
20347,387,30,745,23,95,74088
21021,3622,41,1131,33,116,42316
18932,743,7,422,23,87,44409
1028044,23,0,192,9,30,16895
44219,1482,20,658,65,260,48530
23943124,73,2,473,17,69,11557
361024,303,14,669,18,259,35958
163056,452,9,307,30,150,44492
20798,1116,27,345,40,90,58282
49611,788,6,277,17,226,35985
19356,1086,27,571,37,374,67752
18567040,951,7,373,16,102,41568
344287,376,3,340,14,208,31410
9530099,337,7,254,17,67,22440
220841,478,185,874,24,140,66920
21073732,3052,47,1204,44,107,91204
3966054,75236,150,1336,56,414,124926
68904,790,10,414,54,117,22832
14995351,7403,39,855,92,419,95564
20455,2438,29,1585,67,248,51969
74461,971,15,438,73,144,26138
104998,286,5,189,29,37,9697
1801949,14,2,45,13,33,6066
9492386,265,2,320,60,159,38196
428979,857,14,722,38,225,53669
2064489,704,11,727,58,333,66834
986814,659,56,537,65,224,39101
348746,368,5,282,45,43,15328
3138569,133,4,261,19,56,17951
18836,13375,42,944,21,30,91741
301237,1399,21,889,65,207,39378
39027,1173,8,627,55,217,43606
20979,2825,46,1548,58,119,63025
8135890,1991,18,419,53,344,36447
5735,3090,110,398,41,214,39961
312170,299,12,303,19,42,43528
20948,605,5,362,13,70,22655
20381,5102,30,580,22,100,48754
289505,811,3,238,6,22,8914
19168,1108,13,800,13,50,29343
426208,3510,58,1317,71,536,83147
46007,2410,76,612,29,22,36294
2232012,465,28,314,17,68,15565
43254,1419,13,592,12,102,29509
18925,749,18,371,11,119,29649
21023,1063,18,739,9,70,32099
347105,1579,28,1147,69,189,37446
53029,2054,43,941,56,124,92901
1304321,9,0,135,4,18,5328
63747,2307,62,1042,74,281,81919
51885,1702,26,902,27,209,52791
347084,43,5,53,18,31,12408
493657,804,4,345,26,28,19531
20742,1330,23,714,46,299,85432
8103,2188,29,505,15,230,56410
8582,1235,13,657,26,51,53362
187807,725,7,375,32,149,17149
76762,14871,60,820,50,188,70516
67363,152,13,308,15,98,15397
1558354,207,64,543,8,23,14115
70197,558,27,879,24,147,27205
1434711,54,2,128,10,15,17297
37514,388,26,538,18,260,51139
8687,17217,78,857,42,328,92466
310331,451,2,302,12,231,27175
9090,732,2,725,23,63,40826
3020357,26,6,68,9,36,12963
5058628,2105,39,959,64,420,56185
8835,1113,5,270,18,59,47432
18938226,1308,12,570,31,209,72771
8271,2065,7,279,14,34,20742
8683,4272,18,644,16,58,31548
7966,4503,41,1136,23,89,79811
8900,2214,20,615,34,178,42814
932915,65,0,313,17,46,38493
40147,2400,11,326,25,153,63779
11040148,1021,8,482,24,140,37566
3162905,1904,52,1013,56,210,51945
18978563,2465,20,868,19,692,90984
18978563,2465,20,868,19,692,90984
8629,1169,39,619,60,213,45971
4848272,8587,108,2230,75,738,88390
726651,689,5,351,57,70,22015
1643647,33,2,143,7,39,14866
1635659,13,2,177,9,65,35328
7941,321,5,173,15,60,26464
1112855,348,6,326,24,16,18503
37335,2187,16,564,21,97,19695
9311172,1450,10,582,6,45,10774
8632,1906,35,933,52,98,58490
19767582,184,5,200,17,133,17861
143840,129,6,142,28,131,22557
59749,509,11,167,31,66,27602
8305,1009,8,330,22,335,23362
13058,13369,50,913,52,135,65143
10186,7005,67,1790,30,205,151311
40817590,436,40,550,40,475,51772
140256,17,2,36,4,5,7421
380782,387,4,400,8,17,9393
303522,294,0,181,12,36,13806
2945164,33,4,162,15,6,4375
15578,611,42,877,16,221,42683
9231869,31,0,9,6,6,1904
39626432,878,43,580,42,405,69883
1864257,129,6,175,6,31,11580
1765384,77,5,95,12,62,35052
20611030,439,11,180,16,65,13948
16105186,645,35,594,40,265,56897
4217297,199,2,150,6,81,11862
371301,347,10,245,22,168,52068
18307757,936,20,399,68,115,20230
5052197,6115,40,1459,92,254,60713
9288,6945,40,786,72,137,110212
4429395,3967,25,1217,55,377,62023
100627,2000,37,604,40,181,45408
10287,1253,49,594,52,57,42689
4809279,171,2,101,1,2,707
169836,364,35,287,17,105,35113
35494376,42,7,214,12,147,30966
12322101,212,5,153,4,34,7327
2858505,274,3,213,14,53,12866
39768,545,23,700,47,137,40165
399615,29,3,101,27,78,13336
10501,2550,9,486,17,60,33728
564204,911,8,738,12,191,43594
9258,2955,21,620,16,80,50417
105004,3173,8,498,18,33,35395
105004,3173,8,498,18,33,35395
9737,2200,12,503,19,116,34046
9317,24128,162,1175,67,342,73393
1256013,338,61,1601,17,78,60718
9587,1453,15,597,15,86,34080
51584,344,46,346,55,66,58283
10370,3709,22,889,28,67,56974
9236,4616,43,1026,20,1050,69201
9588,2144,22,715,17,309,36303
7529378,23213,41,929,60,535,74249
11469677,765,14,342,31,124,50237
7550182,3419,33,1086,17,71,27773
55174,458,21,349,16,163,84325
187586,3014,22,833,49,300,42316
231085,1293,12,861,17,97,30295
10653,76,0,93,10,72,27240
11054,4024,29,1093,22,59,75588
55974,12804,13,440,28,105,48663
164394,995,12,242,17,68,28906
144896,188,2,230,15,77,32429
11408,1014,28,796,19,360,57815
11185,4618,28,967,26,145,63491
142721,1603,51,683,88,379,95371
945404,226,7,159,23,61,16412
38193,298,2,166,7,8,8384
38301,3007,47,1148,72,128,94303
18949797,935,4,242,10,54,14518
148898,633,35,776,30,334,51659
24548445,69,5,53,13,43,14904
2752,334,12,313,14,150,24748
6821757,37,6,196,8,96,18236
37556,794,10,383,26,279,37784
162615,645,6,575,21,148,52111
2122,2048,30,627,18,115,47247
15247542,4623,31,1365,23,259,53841
21785,2532,30,817,29,160,43297
11778948,2365,55,1221,17,246,81397
5491859,15,6,93,16,38,12341
18933396,1002,31,496,49,187,56017
1030,708,13,287,16,86,28228
25,2141,17,682,25,618,53396
1195328,319,4,287,9,51,9765
5612336,129,3,180,21,73,18836
150056,554,14,386,38,123,25229
879858,58,2,131,8,24,6902
19344654,44426,31,1317,31,222,71616
4545,1028,31,522,44,182,100539
4173,2315,35,1256,42,93,91104
867145,241,6,272,9,28,15796
19360669,3624,27,472,18,28,39828
3979,2635,15,767,16,67,35316
534366,17048,74,1911,90,883,84473
335069,645,10,295,52,88,21373
72336,3415,18,1211,84,196,54370
4375,1124,21,869,38,311,47980
4792,1585,34,1212,60,152,51024
364813,1802,68,1193,46,350,57308
3738,2601,26,719,37,80,53396
447382,171,11,203,10,65,26721
3205662,96,21,150,17,47,30608
501984,543,18,200,16,15,44556
3427,315,8,184,44,59,26608
699349,960,21,789,32,284,69272
19283178,4080,68,1130,77,130,114260
3722,2412,60,985,41,146,74888
20650188,476,8,322,63,191,38194
41353912,330,13,442,49,318,42496
44431,440,16,180,35,76,20076
2100861,268,4,133,12,22,10233
4116,1011,25,512,19,241,53487
1555010,186,8,409,9,63,57520
3356,10832,63,1536,96,393,73674
188564,593,10,271,79,190,36204
191941,1291,3,680,13,50,21726
51614,603,5,354,11,211,40166
321263,284,4,358,11,137,38801
239098,507,7,405,28,209,41565
3803886,205,0,101,7,45,8749
244098,1016,5,192,16,49,12282
44751865,886,30,495,28,323,55429
4874,2884,18,568,20,208,55167
20648200,754,4,915,14,36,38082
851008,181,4,214,7,76,10836
65426,310,3,246,3,6,2656
88857,771,16,299,11,174,50508
55309,315,10,172,10,73,21854
5030,419,10,280,27,126,41667
11015826,3515,17,528,31,229,49762
27417455,847,19,528,31,61,22456
64692,454,26,757,24,102,64722
68244,305,28,172,36,74,51656
392807,412,5,417,30,50,64437
5574594,254,9,301,55,155,34746
186319,165,5,272,18,84,112363
23278520,1601,53,1137,47,121,52437
4950,92,2,100,11,48,25453
3463,22770,109,1216,39,169,79163
44849,1844,23,906,39,255,34068
70547,3076,54,345,16,403,60742
8269855,490,11,234,38,103,17019
3845,979,15,444,33,90,26883
4294,2400,29,735,32,153,87318
3382,4146,23,508,67,378,63275
38748,4098,125,962,20,83,77180
73887,28,7,74,29,35,20506
773158,744,45,867,73,414,34538
639800,95,0,92,44,91,41548
3267529,12984,67,1269,18,205,77035
23278125,737,38,532,22,130,45699
682722,33,0,50,6,12,5500
24133117,150,5,217,8,124,22518
87179,822,23,194,32,126,40875
62028,16424,23,947,31,161,34062
46924,542,20,445,19,237,46022
773158,744,45,867,73,414,34538
5407,82410,77,2586,32,305,77871
6852,960,21,543,30,133,39648
160811,618,42,604,59,196,39612
5042916,168256,51,1043,40,631,58559
105219,8515,20,560,22,453,60257
5902,3432,47,916,29,250,52739
5416,3929,29,998,31,174,114890
42031,2005,15,669,51,81,53243
685631,54,43,130,21,60,9236
2184033,126,7,107,25,47,9172
537968,574,10,648,60,370,65613
5282,3861,41,624,31,97,46058
25955086,6630,52,775,39,255,51437
19481110,2236,15,968,21,37,30538
15135713,833,16,398,61,163,43809
53869,963,36,701,82,105,32071
15992,6025,52,1945,80,443,88577
255722,417,6,124,38,38,20237
186639,987,5,135,29,42,14942
38100116,45,1,96,27,136,35588
6260914,144,18,192,24,273,53175
145422,2444,46,1357,62,439,81301
166163,1328,17,674,45,177,35889
5119376,8095,93,2292,73,224,107676
4689709,1712,36,425,50,147,39596
5122699,4066,47,1225,61,262,62238
15852,5768,42,746,89,172,69420
15898,1880,29,911,55,123,50187
212187,1165,8,378,46,225,40087
43715,4580,52,1662,72,431,77071
657205,192,2,241,32,30,8444
291592,196,6,174,32,116,24484
347086,235,3,79,24,39,12285
25011929,72,9,70,14,38,9554
168926,73,8,103,20,119,28512
335077,1059,15,470,45,229,41023
235888,958,14,603,64,191,42446
2263372,48,12,230,29,216,39548
175552,560,8,602,74,85,29108
609523,96,0,192,27,90,25304
15777,1810,37,1014,60,32,62305
32387701,1518,33,632,66,100,56083
15641,6022,53,1414,88,81,124479
1641893,213,5,119,41,52,9383
23486968,901,41,603,48,99,81391
59172,1218,15,395,22,104,27520
59564,2146,5,293,6,21,9128
26033941,543,16,390,63,290,35563
49544,394,9,330,32,72,23206
5507411,65,2,42,6,24,6329
340867,699,8,272,66,57,17788
16905,2392,35,762,33,69,83958
523032,4194,24,845,67,442,72322
16743,4189,38,1259,87,140,74082
19329135,685,8,346,42,131,31986
17337,2896,37,591,14,78,28950
16881,1354,22,582,21,101,30547
343858,385,3,181,54,60,11425
11366634,135,2,244,32,147,30458
16477368,2932,16,496,49,612,45420
273437,973,4,1121,33,167,29077
198081,96,5,139,33,59,10812
186589,102,7,117,32,49,26712
286369,1071,29,389,20,135,50306
644622,550,5,198,32,79,13682
752553,180,5,124,29,46,9439
26232,930,31,733,61,171,60890
17396,1150,7,225,33,121,23141
169376,1900,6,273,18,65,10943
6975043,27,6,158,11,55,9393
19718837,1165,32,603,56,101,29798
5962511,553,19,253,35,338,28788
154099,787,33,321,44,206,37427
19394613,629,12,264,47,207,21223
327664,463,10,265,27,49,9071
246185,1164,28,805,41,617,70893
41586875,10,1,24,12,13,1816
264062,256,9,262,19,58,10003
16772,12347,95,1245,59,404,109110
16756,9542,26,702,36,53,35384
16881,1354,22,582,21,101,30547
17391,8322,157,1070,45,335,80345
16760,1466,79,856,56,288,94278
16779,3542,31,530,47,172,79120
197615,895,21,385,35,33,19795
16707,1007,19,408,71,107,49566
17862,795,28,601,69,125,102552
66936,5502,16,418,22,118,17255
924166,1307,286,1293,60,595,13628
56873,231,8,395,21,178,24303
45870,505,21,420,17,48,14764
17782843,3980,20,613,78,691,44607
577320,157,1,158,14,78,31165
30667,1390,25,316,10,72,24054
18522,1840,3,153,5,42,11625
420883,1714,18,445,10,11,12390
2680715,83,3,24,17,20,2201
277395,118,8,127,50,109,26049
18486,1366,3,271,2,1,1901
17771,18479,63,798,46,292,63532
168917,492,8,560,17,83,25303
50151,1300,38,837,67,48,54158
9910441,160,3,415,26,176,51312
2327581,173,11,476,27,172,62155
8939450,611,14,876,13,23,32032
3225498,3138,24,1953,32,220,69059
30706524,947,58,1017,43,416,80127
183290,595,4,656,21,169,32722
217196,1909,5,242,9,39,13674
29206360,179,4,108,27,89,12019
168540,2718,8,567,50,277,48529
160760,1464,21,600,110,236,76329
6341469,803,7,285,15,182,42582
24107,1185,20,472,15,65,25611
230025,251,10,195,16,49,31442
23555,2055,21,618,10,52,72250
150136,542,5,190,17,41,15376
60857,1145,20,412,22,252,66887
951581,173,8,272,12,102,60448
52970,1569,11,1700,50,84,37727
23639,3088,15,278,31,165,38899
560876,885,18,714,13,198,48882
273444,302,2,158,44,40,8407
416366,99,1,33,25,25,10200
253413,186,7,100,47,114,16837
39609876,77,3,92,25,50,8660
2100405,58,11,320,21,86,25162
23440,51567,125,2148,74,665,93047
199823,314,3,87,22,29,7816
7518210,18,0,37,2,2,1046
24507,1425,33,791,61,127,60509
771182,71,4,123,10,49,18598
3727944,74,7,77,8,19,6678
2266653,136,0,265,9,246,108611
2252913,13,2,180,8,148,43249
22954,4290,31,1491,60,144,64613
23221,3539,10,289,29,105,21980
44469,1308,52,562,22,276,37558
23745,1205,20,514,21,137,42970
24326,551,22,641,32,66,54607
22936,131472,154,2117,40,313,122884
17458566,293,9,379,11,39,15023
16367528,170,7,184,5,17,6524
275297,4156,116,1000,26,93,49081
23213,1055,6,391,19,131,35224
23996,8125,6,452,17,23,33999
15611519,556,0,83,7,5,2722
22986,5565,15,252,13,38,18481
21259,230,8,330,13,27,9008
24872,2093,24,627,11,87,27627
460821,19,7,42,21,28,10007
24591,1081,14,623,42,102,33066
24475,1272,12,514,28,151,48963
199630,3765,21,586,18,178,32114
24020,927,16,728,28,28,10658
23805,7096,50,1889,103,407,111810
23808,2593,39,957,49,119,112247
23475335,144,7,352,19,145,78642
1704222,240,5,357,28,57,9322
940606,1489,22,607,14,115,12178
1328272,243,8,300,2,17,10454
5710507,2651,19,828,19,178,28747
175357,459,2,240,9,146,19326
27620742,18,4,55,2,41,10363
64959,2669,35,836,21,278,65038
1771587,2478,33,733,22,315,45083
1630282,76,1,85,2,4,2156
663540,183,8,132,22,77,32241
429542,529,7,527,17,312,42918
169086,272,2,258,6,49,11447
24113,21826,42,1240,20,137,44154
3009092,18,3,76,15,32,18017
51511,1421,17,382,20,11,34790
125248,2825,85,797,74,275,53043
14457,701,35,448,35,227,35870
72201,1105,34,747,51,209,30647
24095,1588,53,671,69,667,82672
1677192,585,23,302,29,199,21114
19008450,3175,30,458,20,151,56043
24856,1955,8,316,10,51,33536
15394859,342,29,385,20,217,54574
15157915,2727,29,677,22,170,54434
37857,2696,44,769,23,148,55941
371248,6624,41,576,33,35,55717
18973869,3097,19,549,23,203,34441
147707,363,6,209,8,28,10452
471603,4815,15,289,9,32,45283
6729144,557,69,550,18,98,47202
23041,20468,70,1183,65,427,137523
23037,14156,42,1127,21,155,88951
36922,3630,49,955,37,154,59232
7954867,28012,97,1077,29,336,82109
319505,464,5,420,16,41,58482
47717515,770,1,416,14,17,7696
25614,859,9,694,31,277,84335
25614,859,9,694,31,277,84335
26494,223,6,223,25,254,73550
30862657,310,3,134,6,13,11438
15181647,14,8,60,18,54,6290
2634236,141,4,142,10,39,21220
49444,404,2,262,5,12,6825
26316,2007,19,583,22,117,47125
25613,3876,40,1447,25,232,89879
28358650,186,2,594,7,6,34908
25421,3476,14,514,22,60,38223
18945847,20981,37,929,32,197,79788
7980471,3761,16,520,32,223,57384
25854438,785,2,464,13,31,18830
25421,3476,14,514,22,60,38223
375137,38,0,46,39,37,7284
43488,1171,24,793,41,54,43415
43488,1171,24,793,41,54,43415
1329090,1245,87,917,76,139,99261
30821628,95,3,69,7,90,1405
1270655,3608,13,431,26,114,24288
21133,9624,113,1018,57,195,52820
11481790,158,5,167,30,109,32118
147301,1879,35,1205,44,201,42232
69880,6659,84,1469,66,130,109245
21113,560,4,256,25,50,12695
2307316,221,4,528,8,11,13827
424675,776,13,473,18,90,22569
70101,1398,10,362,34,280,46251
2579018,150,3,235,28,55,30029
21217,12274,123,1200,29,329,133330
22131,5384,23,332,26,149,46704
38188,1623,78,777,15,131,75493
21212,21837,76,1650,29,65,86235
31045316,5596,39,1022,25,46,77120
14335296,600,9,526,10,92,19033
21492751,3811,39,1058,79,192,96754
2510105,227,11,228,17,66,26363
216531,525,15,1052,26,158,43252
93088,1177,19,985,23,210,52148
21632,1899,21,609,51,98,46538
1398166,328,9,378,25,438,70860
30072373,22,1,65,9,38,16764
21742,1742,20,1906,18,26,76649
21648,27430,72,1329,35,257,79946
2184535,552,4,182,13,49,56001
53842,15275,79,1057,45,250,83995
602643,399,19,973,22,77,75355
179187,1600,22,735,63,265,55260
557007,1832,39,742,61,241,54020
323592,770,43,553,67,125,75425
25529159,111,3,158,18,57,10401
42558,2456,46,1099,45,54,99350
21473,2086,47,667,80,194,72910
21566,3530,39,1750,108,203,63645
2570425,418,1,18,5,2,1020
1631652,422,8,365,20,87,42215
173540,537,7,345,38,79,22121
16365325,37,6,68,17,48,13716
21265,23980,65,1343,39,166,69681
1067062,158,11,236,26,76,18660
21704,8109,17,570,46,23,30131
142510,1203,12,270,42,139,31702
22153,3017,47,973,21,379,86803
55940,34,0,59,4,9,8368
21525,1607,19,1049,16,125,61076
8955445,1484,8,1311,64,157,31558
56435,1981,29,361,16,451,42905
27471338,1247,7,489,17,64,37013
22292,1924,22,455,36,61,50405
1149357,322,55,497,28,67,46447
33121168,864,24,776,28,455,47219
33381607,1618,44,1099,52,484,83413
198570,759,15,304,19,18,27592
158705,721,20,271,14,82,19916
22477,1517,37,441,39,107,29167
643015,215,4,570,30,44,13494
53257,1783,13,483,70,121,35530
22576,22654,71,2249,26,278,73343
1026559,180,5,163,7,5,14599
2787862,203,5,151,12,112,28294
20395872,2290,15,1146,98,233,51511
100390,580,13,335,30,217,52364
268869,135,11,112,31,91,13985
2480306,772,10,197,9,70,14649
43846,505,15,431,34,248,66666
167166,852,7,487,24,221,59665
22546,631,8,423,22,207,63102
22468,2038,28,582,71,398,55677
65975,8,0,37,7,26,55250
414192,859,22,664,12,219,91170
20041526,176,2,284,6,11,3074
4316423,994,2,819,7,28,8293
44183,931,21,681,14,171,57228
44183,931,21,681,14,171,57228
85406,2254,24,532,36,182,47363
44647390,157,14,309,31,218,35940
161570,282,13,179,39,99,30981
24956,2286,21,666,11,67,54496
23340,2046,9,626,19,48,22000
205789,66,2,119,16,27,16613
24324,1212,9,287,25,124,34937
24849,3800,131,514,42,181,56168
315787,1718,18,361,18,49,31284
23592,623,6,232,19,74,21385
11217925,877,17,373,60,382,39254
27540718,199,12,353,19,335,66032
4411276,172,3,58,3,4,3545
168890,720,18,782,82,142,32757
49908,544,7,293,51,109,28800
32191,876,6,477,24,191,87213
24552,1036,6,206,13,18,7121
65173,223,3,129,34,67,25835
13736167,6008,27,1216,89,326,80074
192005,407,17,405,29,111,44258
12471,1956,11,1414,22,58,62545
1587917,175,6,111,38,91,11577
19629641,682,14,474,16,40,31761
236489,3429,12,313,16,57,13872
2553981,206,4,82,9,18,3683
60290,217,10,100,8,20,3829
103123,27,6,87,8,58,11080
50482,1928,28,546,15,50,27617
146978,388,15,338,17,63,34346
43047687,367,7,310,19,166,66948
48146,1368,17,544,12,57,15383
11121,5063,14,1206,19,262,49868
11121,5063,14,1206,19,262,49868
415961,153,5,216,15,29,21674
5843419,219873,161,2033,57,553,127849
445861,1041,3,727,39,61,11309
10979,7716,68,1708,79,144,93817
42068,1083,23,466,59,242,44272
10635,3351,20,370,7,88,24298
21401843,2220,26,647,11,90,32474
59212,2049,48,918,15,58,31037
83933,705,2,402,5,15,20328
1385923,60,15,256,16,28,26894
10671,2504,34,1308,93,196,80829
11986472,233,20,261,21,70,15119
11582,983,6,667,14,54,16224
88750,156,6,336,9,79,22444
179342,232,8,189,40,33,12444
501787,390,5,188,9,66,14809
29688374,1595,37,716,65,204,66977
11921,2116,19,254,13,53,21266
18723138,1264,13,301,15,19,27976
43758363,166,10,317,26,431,52146
92656,3329,112,961,45,606,94257
1457022,694,12,451,19,97,31592
13070,934,23,664,28,144,54798
38076,2259,25,606,21,167,85972
12383,1635,22,777,20,380,34891
550948,60,2,83,6,25,4762
216102,853,9,809,22,198,28523
67918,558,16,319,5,53,17491
12441,2672,18,821,15,130,48212
106402,482,0,310,7,41,12316
41940,1236,23,512,15,125,78323
158879,684,12,445,66,146,27797
11955,5591,68,1973,87,350,88497
331028,70,3,158,33,28,10359
3414021,14028,76,1573,98,789,88649
35075784,105,19,94,27,113,20315
5030380,4001,66,2170,72,227,79226
156507,516,6,257,49,67,14327
23306893,672,23,446,39,117,31405
13058,13369,50,913,52,135,65143
718108,105,2,90,2,9,1573
2008784,80,2,241,34,160,33707
594388,819,10,312,31,148,23628
15131007,75,1,41,7,30,5525
418944,720,22,810,63,304,56067
295445,343,5,280,1,93,27204
5042951,3683,39,643,20,593,50601
299078,867,15,1120,56,267,35708
294295,300,21,369,26,293,47230
12471,1955,11,1414,22,58,62545
5042765,5715,35,886,18,62,39326
66578,830,21,427,83,79,26125
19568112,10313,31,353,15,82,58952
1092923,18081,35,898,48,417,58068
2282040,13,4,32,8,60,13519
12905,635,16,422,26,69,30033
4321115,213,2,131,6,12,3061
19283335,13130,32,1151,27,138,77735
72727,507,14,373,19,111,32436
21350772,1715,37,442,25,236,45812
4851478,65,1,73,9,39,10101
44276,647,2,101,5,196,47790
12686,179,3,410,33,206,71330
2773076,2363,43,517,28,568,84487
167936,1534,10,728,12,37,31918
26152,4087,72,640,42,299,61502
11065091,702,8,383,19,97,23729
14170,4110,24,482,25,365,40918
59097,191,15,104,11,12,12287
14091,1525,2,219,12,49,37309
203237,634,17,494,31,109,29200
13913,2039,21,859,49,545,117180
187273,444,3,972,14,22,37822
19389318,36,5,116,18,51,8227
155160,189,5,154,29,42,8197
124802,13029,17,547,6,93,34815
4748957,65,0,120,4,12,4736
2387806,1647,28,522,30,285,68640
3418303,4271,50,1357,76,201,98487
195306,372,30,503,45,73,66636
20200414,6,0,41,18,45,11869
13547,1390,10,744,22,133,43550
437067,427,6,364,11,56,15110
14233,905,4,625,24,114,32280
35751103,12,0,100,9,78,19948
261925,2524,18,536,10,46,22243
16463132,69,14,490,13,125,30645
17173785,885,7,642,32,220,35405
13869,14049,37,868,24,173,73499
336056,138,3,113,7,98,22467
9603757,589,6,359,23,108,24616
27992,5022,48,1749,30,363,101960
29440,1719,35,1386,28,72,24595
3895745,225,7,305,26,167,54236
12254052,948,31,471,20,111,45026
4124046,377,14,377,28,345,98569
743769,2641,6,323,12,8,5377
88923,4016,19,824,89,184,37833
26847,6913,42,1561,39,285,123413
25664190,1650,18,776,35,175,44880
175811,256,12,666,19,109,70701
13690575,1594,31,625,17,154,48448
2095829,945,20,516,40,263,75183
27655,543,7,140,43,41,10188
18932365,86,5,129,9,68,23911
17416221,71487,96,1419,53,241,69186
27977,2338,27,728,41,329,53571
32350676,4222,45,651,41,265,58336
816925,1963,6,447,15,15,11295
179553,5563,46,1814,26,125,71586
24795561,3649,59,750,37,26,33352
26779,59837,125,1300,70,195,85858
26950,633,84,553,16,8,9496
4751135,838,17,833,29,120,48454
26667,122058,160,1763,50,380,105954
18842471,7121,79,817,22,134,76015
5980301,1249,19,706,29,28,72328
189109,970,19,1155,23,22,34618
28265,5593,42,1462,50,197,60613
21496026,153,5,162,18,91,61623
28480,1394,18,678,37,312,62387
148956,7001,6,328,7,28,14660
25272420,788,3,364,20,106,39123
16146360,16,2,114,17,128,33352
17157886,3942,33,532,32,143,42758
26678,4129,25,886,33,300,61156
27783,1047,10,246,15,157,24180
335195,979,26,543,64,389,47921
18956166,1387,17,561,17,130,39785
640689,445,4,394,32,62,16232
38466392,427,19,316,21,234,49054
1380550,647,19,499,15,232,77874
16844797,115,6,55,9,28,23896
59606,85,0,47,9,13,2687
27421,11137,77,1038,43,182,60027
28246,2467,61,1203,24,116,69509
427707,735,3,745,18,33,36119
1514981,406,8,249,23,75,29977
102075,346,8,225,26,81,39435
27999,81,13,299,7,39,19414
218299,92,29,318,25,36,25116
26748,85312,102,1439,50,312,84013
486017,645,21,467,54,49,36596
28642,189,6,140,16,37,30320
666601,286,0,144,12,10,8917
29612,1222,5,58,7,2,7069
1337691,917,14,356,22,49,44402
30741795,3221,86,1919,55,811,122014
30658,235,28,184,15,86,46828
61117,939,5,325,11,42,6599
31438,3198,33,610,21,55,33797
30635,3447,45,830,35,320,94698
30077,3978,2,381,10,34,38588
30797,287,53,224,89,90,20875
30297,2286,15,642,26,82,73035
5422144,3043,19,631,61,703,44484
56481,95,6,246,14,136,24098
22754875,990,23,477,27,313,62973
21898839,806,10,574,17,157,19723
143377,233,26,249,53,110,84568
1151958,65,7,149,17,104,30480
184136,1510,38,1095,59,246,92745
30475,1333,20,1042,56,86,24982
83859,916,26,323,18,229,94645
10839777,4602,8,1090,13,96,59727
149014,181,7,318,15,20,12027
169496,518,7,751,40,72,26320
65719,648,30,608,27,152,69178
1056144,13,4,25,8,1,2702
428819,805,9,716,41,135,37454
30636,3612,37,608,48,199,50478
63578,205,113,368,28,184,10926
1351855,40,2,24,8,9,3119
29810,43854,80,1678,35,396,89548
38711,994,21,497,19,22,73193
29812,11242,39,1191,57,139,87656
1397993,18,1,80,7,9,13428
137840,1523,40,531,36,48,60223
30680,78302,23,576,41,293,58748
1923870,483,17,491,37,441,41096
65735,45,3,135,12,58,26454
29838,6190,29,996,44,267,56662
656307,132,5,274,12,188,23589
30535,6333,66,1747,95,174,104026
528543,42,1,264,6,32,6867
221998,157,7,417,13,72,9410
29922,5413,62,1512,92,207,89362
58397,250,7,293,44,166,44408
65192,458,32,208,29,169,29360
44534,1443,33,971,55,164,100662
33139,4329,14,546,29,168,32284
25862547,3331,76,838,32,252,54433
34289,1295,28,817,45,173,62834
34272,2694,30,629,42,100,41576
34350,2125,17,1145,81,252,73587
3524766,60731,120,1179,52,513,62126
301899,197,4,335,12,125,42377
34244,9194,46,403,19,47,45861
171306,264,1,45,11,17,5622
78747,828,18,463,49,201,59213
766968,39,1,123,23,61,18075
34421,2150,13,219,25,8,22596
34399,16342,58,1188,43,333,84899
77880,1150,22,1031,69,236,38735
14529239,489,16,431,32,154,47624
1332334,530,8,641,13,27,19385
415767,918,30,743,29,106,78241
12232585,232,19,193,10,12,76704
684813,929,15,759,31,120,41202
20764470,90,2,17,15,6,3610
1553191,416,12,230,33,156,59279
201936,2778,103,1215,37,347,142015
31150160,1857,46,598,48,659,68976
47374,857,28,714,4,59,17757
21538638,624,17,860,26,228,47385
12561015,461,13,340,28,262,36621
167884,222,3,89,6,1,2997
33933496,21,5,33,14,22,3544
1673370,35,4,133,13,142,20565
5069516,2713,24,618,26,613,58103
275051,549,3,604,8,247,41779
82065,298,9,214,9,17,9233
2047065,97,2,91,4,3,839
765,4212,21,579,21,432,44057
307,7909,51,1492,65,165,103705
2731583,9348,61,1449,100,89,79514
58809,1442,20,494,23,250,55276
2343,1706,6,365,4,10,11982
49392,1353,3,647,21,150,47139
2503,2256,18,658,22,96,27904
2162,3743,25,594,42,159,38390
18947965,377,72,537,35,96,50406
1653,810,8,429,17,90,25538
894,3087,14,449,12,151,26158
10934212,1522,24,546,10,192,52769
1921,3833,76,965,70,443,91793
251879,765,16,466,61,283,26167
5042706,4483,44,1878,92,343,60401
48370461,3239,8,450,26,225,48305
166702,630,18,432,51,182,34039
161947,404,12,315,41,181,34181
624,13366,69,1468,33,189,65853
500309,334,7,121,9,13,2894
736,4110,50,1014,110,240,65428
717,17852,70,779,28,166,55328
2965,3087,19,467,23,366,51261
358934,148,9,530,59,153,17125
212472,1223,21,916,56,277,63498
45214,126,4,215,17,30,20050
5297192,155,4,216,4,12,2443
55313,1536,14,445,18,266,38455
381552,31,2,31,6,20,6882
1845,1448,33,649,29,505,94828
18914017,3950,23,814,30,685,50856
1902,331,32,392,24,159,31460
1950,2234,22,619,23,167,109987
863,32841,56,1148,30,135,93364
521057,334,2,304,30,245,35183
5315944,15,1,56,6,42,6252
1131183,1871,62,940,16,234,71232
1973,6447,24,1454,22,169,95050
172479,734,3,339,1,15,3537
19346935,1020,10,264,41,102,31646
4097799,447,16,443,25,211,46762
2460,683,18,348,11,180,39312
12,3485,31,1424,27,248,69734
1023,1083,13,441,15,112,74612
1630179,393,8,532,18,233,27113
22320587,239,7,627,52,146,49657
315087,46,0,85,21,58,18722
432972,225,3,133,30,59,6889
1623,3280,50,1072,67,220,105092
99881,339,7,357,44,148,28926
864,2573,18,717,87,195,56160
232035,112,7,129,9,66,14407
48522,587,13,550,98,125,29055
72671,1977,92,805,65,280,40513
5792809,1538,25,737,65,325,57160
800,9916,19,1010,14,100,29288
331538,217,4,194,29,38,16927
2314,209,3,215,37,76,17019
52045701,20,2,83,5,52,7087
205522,467,18,757,58,283,59348
68335,317,7,312,37,149,29392
700568,131,4,181,6,84,14328
4577283,78,2,72,8,55,9522
569,4936,22,1003,11,90,49568
283205,782,70,993,32,247,69696
43441237,572,11,272,18,29,17353
2197030,350,10,603,7,39,22040
8814638,746,5,655,8,15,23877
42762068,204,5,430,14,26,18637
1429917,154,12,529,20,209,42765
571440,907,8,386,13,49,31333
1078,3517,32,1370,25,327,101858
2200527,4526,35,1269,44,138,105002
37873196,32,1,33,14,25,4771
80740,677,46,991,25,233,67543
2944,1104,35,494,62,176,50223
155033,293,12,142,44,32,17742
140376,2416,47,1154,62,312,108896
1806,2883,30,833,87,282,67226
309935,149,4,231,40,82,44140
51669,242,1,185,16,34,7036
42277,799,10,547,14,23,34888
274539,693,5,189,33,103,16624
425757,484,48,513,12,35,37940
2450993,279,24,295,29,31,16388
6822,8490,128,1045,35,207,77896
678255,221,3,477,33,62,15516
606848,28531,69,2338,26,313,83127
553050,271,9,300,19,17,12325
5920,1365,21,540,26,85,20377
17253537,2740,17,629,13,85,31023
320023,531,9,274,16,8,39447
68319,331,18,375,41,96,23904
6907,650,25,484,22,59,20939
42635,757,24,285,59,154,28368
51255,2590,38,799,72,157,182061
278119,740,6,322,34,160,21091
80696,2824,32,1105,72,218,76339
6100,478,16,300,36,25,8324
50490,2063,27,477,23,78,65986
6886,40231,130,2194,41,353,89811
5945,6309,40,960,15,100,40051
5465786,182,1,349,8,16,5547
1651190,444,3,303,7,38,11552
250193,219,4,132,10,49,15278
5405,98808,140,1896,48,575,84676
5751,47996,24,922,24,30,46631
15147453,484,8,471,7,16,18132
7738,538,19,419,18,453,61142
2627820,1457,14,419,60,213,37967
5847204,1562,26,746,39,346,58834
196570,229,4,38,17,14,8023
125309,730,43,857,15,303,72030
63317,1196,12,775,25,134,52975
5211,19110,64,1325,24,352,79154
345597,64,10,91,18,46,16497
5635,2579,39,738,56,134,61114
73626,640,5,468,47,79,48126
1281795,209,13,854,9,105,20604
6438,13579,13,325,18,154,24685
6671,6491,33,1080,10,36,55081
8718425,784,16,267,16,263,51062
28291766,1849,11,484,43,195,52479
8389,1523,13,508,27,579,63100
6910,1193,11,298,16,151,36378
5987,6827,68,540,23,299,47407
208413,1911,30,265,13,87,37700
191704,22,12,123,15,61,39955
241649,260,6,79,17,56,14588
325329,13764,102,1369,28,143,93292
7463,186,6,225,17,211,56458
13886661,314,7,291,31,149,29537
20914042,8692,31,502,13,29,19249
9209651,7860,18,571,26,54,30873
215623,581,38,394,13,24,13929
215623,581,38,394,13,24,13929
158177,1600,47,605,71,242,52303
7023,8436,117,909,37,191,125355
95801,301,9,240,12,64,22419
2298740,1601,16,985,5,145,54706
6623,1773,12,497,4,20,68548
41568624,251,15,459,26,82,92062
5530,1266,4,416,18,78,27471
5919,1196,4,214,8,14,7814
7283,358,6,68,7,37,7172
26410,459,26,516,13,191,56203
5278,2859,16,486,24,82,39583
18948365,1453,7,364,16,102,47636
5648,9340,57,919,26,168,53489
5714828,3653,33,515,35,61,34681
5655,812,31,737,72,409,58293
7683,329,5,450,6,231,42507
5326,1196,13,695,26,341,51873
49823,1747,4,195,9,49,38610
5785,3206,14,680,30,20,36064
7172656,506,12,548,17,96,24542
2279619,194,6,186,25,139,29878
23818735,322,5,327,16,215,51972
8931878,41,0,160,5,15,14647
709683,382,3,267,7,132,25719
1046514,76,14,304,22,285,60742
7339782,350,9,312,24,120,21151
69801,3323,60,756,32,118,53707
4412145,3645,40,925,5,34,60927
6760,772,9,638,10,102,18042
36662188,477,19,339,23,228,30459
5042481,26046,87,987,45,356,66079
6827,2254,41,931,43,142,83507
1008588,1305,9,495,10,92,35236
181322,338,9,442,11,41,14701
32492747,408,17,325,16,165,54856
19005719,181,5,181,27,93,25326
5593,20916,92,1015,64,273,69449
183570,775,22,600,51,119,77329
252854,2091,73,876,24,27,49663
20648089,453,7,184,25,114,39988
235169,98,1,64,10,31,18352
605837,1215,9,256,19,30,14097
339365,415,9,269,48,97,21428
456252,594,8,567,54,205,46192
9442699,10,2,23,8,1,5448
10431114,24,0,43,4,20,11330
12686162,264,17,268,21,77,12564
