pageid,num_categories,num_words,num_images,num_links_in,num_links_out,num_references,num_revisions
7627929,18,14471,7,294,200,38,2003
221749,48,16632,34,608,459,77,2571
22424,5,11554,9,102,148,28,656
25382,13,27233,5,1211,310,95,3188
70157,27,56407,29,2012,517,166,6146
3829005,34,39498,12,1192,340,265,3375
25806,26,66765,20,2371,680,146,5190
43243,26,46770,10,274,275,87,1878
11587,15,24251,5,1019,919,43,357
63317,25,52975,12,1196,775,134,3863
1544191,5,7234,6,85,105,22,153
23564616,42,52117,107,15073,1024,205,8597
526399,37,35329,35,567,645,67,1627
32070,30,67151,43,47746,1651,183,12343
347422,34,20317,43,3225,567,76,4769
5622894,9,20485,2,118,151,72,716
25867,81,39663,35,1418,703,236,10283
957537,17,4936,0,34,179,16,299
25473,69,87420,74,7330,1339,130,11082
231156,60,27388,8,898,384,83,3104
32296110,41,20593,5,105,106,44,1679
250943,27,8972,4,225,163,48,1284
8354382,25,25380,71,579,559,186,1248
2110323,43,61657,21,4466,607,554,15111
444216,11,4611,2,108,87,1,239
240547,24,18519,5,447,394,58,1030
21131695,64,93965,39,1587,933,295,4991
161466,37,27350,14,634,251,68,1878
168601,42,25048,11,313,116,100,5608
26152,42,61502,72,4088,640,299,8823
615807,60,24305,55,1038,1126,96,2525
25433,95,97790,72,10170,1964,471,18321
93791,57,23421,6,680,557,141,2130
44205,55,43161,8,765,417,187,5884
376985,12,30032,7,518,410,41,6443
25938,50,65827,30,1409,830,329,5921
25427,42,43575,7,990,734,186,8643
17446303,34,46357,26,346,637,255,913
242570,36,15221,2,169,114,49,635
23747676,51,24414,10,73,179,58,2511
4057953,53,24209,37,894,905,183,2119
45218,39,26600,6,783,657,123,6895
29490,65,68476,46,3089,587,149,12522
206365,24,22392,12,974,187,45,1928
27931,25,28735,5,896,314,121,7189
51487,49,54852,15,1082,534,127,3756
40112,60,60562,24,1676,578,163,7402
249623,16,56026,54,1103,965,251,11546
23409759,13,10015,12,429,202,43,609
27122,61,88929,68,1181,620,137,3677
165404,15,17445,7,1235,309,26,1192
26915,23,44648,6,240,274,85,1845
2941511,78,59518,28,1809,964,430,14801
338065,11,14062,4,455,262,24,811
27694,14,49731,41,2170,991,141,8266
27706,8,54045,17,971,550,33,7576
144178,39,37220,15,251,365,192,9037
763013,48,55171,21,5791,737,170,8820
349303,45,92491,133,18288,1242,404,11173
27790,21,45224,24,2811,442,472,7771
1737582,15,14904,4,78,62,92,1615
26833,8,65281,16,1681,663,73,5544
13118744,29,92706,32,1127,911,384,15468
1163228,17,23738,3,95,116,79,2191
418732,8,18246,7,246,119,65,2124
21171721,12,38853,27,550,549,226,3091
34495117,11,6103,7,12,97,31,1136
152447,65,23480,9,1821,326,164,9997
317383,47,26875,12,786,521,151,8283
324091,5,22231,6,1310,459,58,645
466454,12,32436,5,294,144,116,1207
69795,88,52160,21,666,566,220,6569
150374,18,35698,15,610,172,157,3843
18842168,18,17369,10,537,368,63,2048
168714,27,72152,6,1617,975,165,3884
286527,20,17489,14,870,442,59,1352
5058690,56,74749,55,6874,825,448,18641
5058690,56,74749,55,6874,825,448,18641
59512,29,30492,55,4614,702,87,6284
10733176,39,43540,12,126,204,172,6102
28632,24,51812,19,2199,667,172,5386
43116037,12,39712,8,32,142,213,399
1305554,27,50262,9,59,242,258,2067
2957039,7,22154,2,342,105,57,1558
7397019,14,8932,6,1437,370,40,1453
236331,30,66015,12,1848,615,164,3458
1316116,5,16854,5,193,199,29,1497
19019270,23,27808,19,867,451,227,3818
31635665,8,71924,26,442,744,115,8828
28840,32,66215,21,3408,937,194,7385
5594647,42,7731,3,101,419,32,382
27159,35,55639,31,2485,669,100,8415
189909,7,10474,2,147,109,22,570
1130664,18,2469,4,31,28,16,355
384706,12,19685,4,70,60,13,438
26743,59,95455,27,3368,979,144,11786
28399,40,20256,94,2826,376,24,2342
26909,75,114638,66,1443,882,668,7501
28307,23,12413,13,1293,319,21,2518
25862547,32,54433,76,3331,838,252,3149
402030,8,4785,8,57,35,1,88
13436,53,61210,33,2289,717,43,5453
13371,67,48677,28,1326,370,93,6533
1438445,28,15075,10,88,117,34,658
14183,10,20976,25,1238,1097,56,3570
13457,5,14575,13,744,286,71,1501
4868935,17,30876,5,84,99,133,1118
13919,45,79045,53,2046,1161,419,10541
38873148,45,54900,18,607,632,37,3332
2366752,5,17591,6,408,479,113,3460
5043192,86,103434,65,6843,1981,477,15747
18945847,32,79788,37,20975,929,197,9689
2632114,33,89052,46,3387,731,187,9179
18945847,32,79788,37,20975,929,197,9689
47646,32,69615,32,2599,1433,153,11401
56120,19,30468,32,3447,462,120,6119
56120,19,30468,32,3447,462,120,6119
364326,8,15206,12,289,207,41,6857
13808,20,121862,50,799,1383,190,6250
1560218,7,48444,3,197,201,34,805
210728,13,82350,10,619,684,135,1444
23713759,13,23024,14,603,300,147,1878
10396793,30,78530,53,5314,1782,110,16879
1007688,38,45187,43,765,753,239,6630
14229,24,78452,24,971,514,480,11424
5097395,19,35309,21,2234,664,175,5599
5488304,30,69479,41,4112,769,338,12629
8322947,50,35401,22,270,319,240,2106
113348,45,46121,7,893,385,163,8467
48874,64,89993,61,1287,752,414,13437
14094,22,19559,7,295,148,106,4582
10326,15,73449,29,1034,1168,534,7136
47878,16,52841,19,904,672,305,6352
2569378,25,70401,51,4383,693,261,17106
254637,18,14246,5,297,134,21,850
32544339,19,47672,19,471,331,247,5014
35039706,17,24755,7,21,110,112,243
8798949,27,92314,10,30,280,285,1744
381399,8,26638,34,3334,359,87,4527
2269463,21,63244,18,387,265,77,2279
6502961,13,25348,15,372,275,72,1595
638066,13,9841,4,26,55,14,2812
70842,46,33230,12,750,357,109,4722
288343,20,31472,11,447,322,97,7331
13545731,3,1245,7,70,222,19,177
294934,44,40570,13,465,419,132,3127
319302,22,41689,5,148,203,6,1756
14912,25,39545,12,1669,416,141,6709
294545,15,22528,4,26,93,29,941
18935277,2,3040,18,7,48,12,72
19572217,18,51884,30,2064,644,601,5188
1166630,15,16406,4,131,163,59,1008
15295,14,62695,16,1145,1130,429,14232
152772,12,28989,9,290,290,67,1183
23430752,17,23810,12,2388,181,82,1933
14539,38,62662,33,11406,889,249,8952
294813,13,34805,11,1174,148,44,4513
243433,42,51755,26,582,323,101,3937
147575,35,85826,71,33824,1245,210,15792
14726,13,62558,20,1245,429,57,4805
775859,26,44182,35,11490,858,96,6553
15226,35,51731,24,414,744,76,1662
6037917,26,62245,52,18855,1280,263,20082
162173,14,54025,20,1943,699,191,7311
9282173,63,95119,130,47630,1293,631,19395
46216,38,85692,57,1557,890,322,7846
125320,21,116674,32,560,1189,176,5460
14532,47,100220,160,151796,2112,508,15258
16044,36,35696,18,1047,449,115,4207
308131,28,19759,4,270,228,78,1060
1103138,46,62671,20,921,404,280,3833
64372,56,61424,30,956,655,215,6414
39764,77,49565,59,1600,671,100,3136
16016,16,83326,72,3386,1128,212,9926
23819805,49,18525,7,462,328,56,2437
498971,27,68374,7,452,746,256,2120
1840589,15,5101,2,43,66,19,284
16099,32,14125,9,785,627,57,1537
15573,37,78787,160,138191,1326,372,17193
46884,31,98343,34,383,445,245,7677
15606,29,51904,24,21174,433,59,5797
162870,86,45796,16,3517,539,267,8460
49955,62,27159,17,374,275,85,1861
189322,65,38874,21,1282,778,203,4757
16218,57,76663,8,225,239,107,5883
6253522,31,13194,6,34,118,109,1531
52547,15,54416,18,2137,496,120,21843
16175,74,56669,23,2863,580,380,13052
11494260,48,23459,6,444,442,128,3196
175220,47,46366,14,1411,819,185,3526
16504,56,31325,6,457,318,97,4064
21207345,46,19704,5,411,320,65,2910
442163,23,24364,18,655,335,66,1588
133250,58,76162,11,595,683,145,2760
18603579,60,31941,18,1389,828,112,4652
46827,46,25840,45,796,855,95,5496
1095706,61,77520,50,8079,1555,263,29748
983366,7,5246,2,48,118,11,372
1131183,16,71232,62,1871,940,234,4601
25955086,39,51437,52,6630,775,255,9877
31516,37,43556,43,6191,571,94,7883
43356,44,47131,34,1668,908,308,8867
18582416,44,41735,17,1068,992,269,3866
83045,29,28480,8,3227,499,131,2950
31535,38,35907,12,288,206,114,4063
30942,24,39779,32,4623,1204,107,5451
31175,18,64379,4,238,380,137,1416
31460,45,27308,22,1973,606,170,7659
3301347,63,61283,35,3785,1043,301,12476
47702,30,90101,26,2824,566,163,5711
216188,13,16624,8,386,186,27,1086
71973,35,40485,20,859,735,60,5738
2723695,6,1521,2,40,13,1,30
19904525,21,46398,15,3109,511,327,3350
21694424,15,49441,13,1044,520,151,4382
21694424,15,49441,13,1044,520,151,4382
35152422,18,22914,5,146,227,108,521
157873,24,17497,7,579,409,62,1758
348486,21,27686,7,3293,1005,90,1552
14594,30,27953,15,279,237,93,6853
29920,19,51253,16,1123,923,52,6763
31341,75,56930,17,1430,506,356,12287
1182836,14,20834,6,226,412,35,747
30018,18,12557,8,1866,597,30,1408
25168720,9,26704,9,313,194,149,3497
31429,8,58441,8,168,157,55,1619
9988187,51,86592,26,32453,866,541,6285
863,30,93364,56,32847,1148,135,11810
52780,39,67847,35,5041,797,222,14164
31814,19,54460,19,877,685,243,7758
32191,24,87213,6,876,477,191,6268
31750,69,122973,161,54265,1332,511,12152
31814,19,54460,19,877,685,243,7758
31769,34,48327,80,22787,797,138,8049
3434750,46,110549,134,462044,1833,884,38017
32009,20,49189,46,2758,971,101,5489
446555,9,4951,4,21,26,16,641
37293,17,9070,3,75,40,34,1700
31902,35,23735,9,650,609,54,1338
31880,17,56430,35,1804,687,184,8451
16118202,18,70446,15,4768,662,131,5188
337755,11,22337,38,340,294,92,1046
243927,39,41859,19,897,745,63,2696
1742315,8,55440,11,370,361,338,2766
132472,22,32355,17,724,426,41,1881
30972975,9,5948,3,28,90,3,120
333091,25,22011,3,164,200,134,2775
305561,59,37743,6,300,229,89,3053
928412,12,3749,4,3,31,27,2152
32587,24,54795,49,1786,1061,392,12850
32591,19,56423,28,2133,1038,246,11890
11737832,6,20105,3,27,156,36,346
183050,27,14685,8,3566,822,67,3242
19220448,16,76805,4,217,373,357,6831
32611,65,122085,111,16294,1505,277,15256
47150,9,5014,6,297,134,29,163
93767,18,17309,5,5768,446,30,780
239897,22,49392,34,2042,584,129,3880
11015252,69,101386,41,3103,1322,63,10897
32817,83,78630,107,4321,938,564,13698
47896187,51,77788,25,236,444,399,1825
33589,47,79417,33,2467,818,564,12094
32917,75,44412,26,3498,789,164,7348
34059,22,136028,50,7574,1189,184,12832
1181646,33,54152,15,208,1072,167,3826
13425800,103,69548,205,3566,2379,350,11617
4091662,34,37019,5,134,231,129,4669
33622,71,17417,50,1777,598,50,2873
15380061,12,36524,17,479,484,74,695
52382,22,59798,24,1237,455,122,8257
33422,56,61783,18,1358,744,214,6814
231184,8,3524,2,599,140,17,814
265307,4,13148,5,473,284,35,1121
16597487,22,33802,36,1116,561,126,2325
53976971,6,13332,6,71,119,47,218
33545,34,41431,24,6541,447,95,3702
376898,22,58664,16,386,431,366,6232
21208262,20,45551,32,1406,693,83,3285
2495537,10,21032,61,838,572,70,4291
166202,38,62704,79,2622,875,265,11385
33178,18,16356,9,1757,517,43,3893
54985,83,25010,19,1650,613,116,6261
154823,22,25035,5,539,380,30,3007
30780454,7,10137,11,154,133,46,1177
11577295,7,3142,0,9,13,21,274
32897,54,41666,60,8598,2086,91,12824
860924,22,25321,23,1386,273,184,2618
2289648,12,70592,9,1699,465,218,13534
33683,34,15013,7,404,309,79,982
91221,7,24531,4,451,274,59,963
11185,26,63491,28,4616,968,145,9538
33183,13,34620,32,1193,1123,104,3615
145439,16,97956,47,2409,1451,209,2047
37483,18,2863,4,804,42,6,892
33523,70,99780,59,4786,1411,152,9158
33278,75,48642,17,1051,435,140,3023
31582928,12,5921,2,94,55,27,501
67173,24,30983,28,545,352,185,1272
4764461,75,140521,117,63112,1151,299,16559
32927,99,81903,73,130737,1407,161,24584
50106813,20,13607,4,28,99,58,1083
1361082,13,11730,3,2612,96,23,568
22760983,12,47773,12,5060,562,52,3383
3329753,17,3621,4,463,485,220,7860
86364,6,9856,2,1831,87,17,551
68110,8,12035,18,1829,303,48,2271
419038,17,18810,6,914,878,82,3740
196206,10,19766,4,449,246,66,1117
18130,47,90911,94,18099,1534,201,6532
17628,39,32098,23,1378,610,46,5557
384676,24,36723,7,112,128,54,2062
21009880,19,51795,16,791,654,242,3379
23371382,29,62112,37,5039,1040,353,4572
229257,62,66382,12,678,712,181,6628
414890,27,4866,4,440,237,15,2480
38776,25,52689,18,29162,904,243,8304
75890,9,24280,9,536,133,82,5928
159846,20,31593,11,5003,740,112,5689
432709,28,39220,54,1533,558,135,6680
19037,41,38818,26,3846,580,137,5708
142056,88,78591,32,6280,867,321,17468
36753,75,48905,17,1822,1565,215,5785
7907317,54,54910,35,1188,756,330,10926
170487,6,8826,0,420,369,14,1695
38776,25,52689,18,29162,904,243,8304
21021,33,42316,41,3622,1131,116,6550
20796,66,49754,28,1493,754,109,7506
19527,88,105798,54,3417,1379,173,11378
46636,33,36970,12,1632,357,36,2080
978525,17,27541,9,77,140,167,1314
89662,47,21360,9,422,249,113,1778
19831,92,71362,63,4229,1589,391,11509
87944,10,10426,28,983,398,32,692
728775,36,20602,3,449,218,60,1494
1481886,30,42170,26,3345,1328,339,15796
650426,64,28551,19,1316,440,262,8462
572897,52,50766,22,355,376,337,2491
875547,19,96239,3,443,668,311,1498
20548,49,20364,15,1190,1247,54,3133
7567080,68,76213,55,3381,997,95,10095
20076,83,82910,45,2509,1265,253,10863
409691,23,12287,2,72,91,47,750
25454239,13,12176,5,466,217,37,2458
103695,12,24429,17,431,595,18,1715
11415141,31,45401,26,1162,501,197,7751
96484,29,18990,9,179,332,102,3347
20347,23,74088,30,387,745,95,10328
21021,33,42316,41,3622,1131,116,6550
18932,23,44409,7,743,422,87,1806
1028044,9,16895,0,23,192,30,470
44219,65,48530,20,1482,658,260,8602
23943124,17,11557,2,73,473,69,753
361024,18,35958,14,303,669,259,5115
163056,30,44492,9,452,307,150,4292
20798,40,58282,27,1116,345,90,3317
49611,17,35985,6,788,277,226,3020
19356,37,67752,27,1086,571,374,4527
18567040,16,41568,7,951,373,102,5123
344287,14,31410,3,376,340,208,1880
9530099,17,22440,7,337,254,67,1581
220841,24,66920,185,478,874,140,5382
21073732,44,91204,47,3052,1204,107,8032
3966054,56,124926,150,75236,1336,414,14163
68904,54,22832,10,790,414,117,5789
14995351,92,95564,39,7403,855,419,29118
20455,67,51969,29,2438,1585,248,11861
74461,73,26138,15,971,438,144,7557
104998,29,9697,5,286,189,37,4010
1801949,13,6066,2,14,45,33,942
9492386,60,38196,2,265,320,159,6938
428979,38,53669,14,857,722,225,6683
2064489,58,66834,11,704,727,333,4962
986814,65,39101,56,659,537,224,3231
348746,45,15328,5,368,282,43,1892
3138569,19,17951,4,133,261,56,1037
18836,21,91741,42,13375,944,30,12858
301237,65,39378,21,1399,889,207,4799
39027,55,43606,8,1173,627,217,12165
20979,58,63025,46,2825,1548,119,5563
8135890,53,36447,18,1991,419,344,12466
5735,41,39961,110,3090,398,214,4885
312170,19,43528,12,299,303,42,1058
20948,13,22655,5,605,362,70,3228
20381,22,48754,30,5102,580,100,3702
289505,6,8914,3,811,238,22,669
19168,13,29343,13,1108,800,50,2433
426208,71,83147,58,3510,1317,536,11248
46007,29,36289,76,2410,612,22,1276
2232012,17,15565,28,465,314,68,1660
43254,12,29509,13,1419,592,102,2954
18925,11,29649,18,749,371,119,1873
21023,9,32099,18,1063,739,70,6361
347105,69,37446,28,1579,1147,189,7834
53029,56,92901,43,2054,941,124,9601
1304321,4,5328,0,9,135,18,935
63747,74,81919,62,2307,1042,281,11073
51885,27,52791,26,1702,902,209,4918
347084,18,12408,5,43,53,31,880
493657,26,19531,4,804,345,28,798
20742,46,85432,23,1330,714,299,4035
8103,15,56410,29,2188,505,230,7582
8582,26,53362,13,1235,657,51,3444
187807,32,17149,7,725,375,149,4050
76762,50,70516,60,14871,820,188,7100
67363,15,15397,13,152,308,98,1474
1558354,8,14115,64,207,543,23,1052
70197,24,27205,27,558,879,147,4492
1434711,10,17297,2,54,128,15,557
37514,18,51139,26,388,538,260,3423
8687,42,92466,78,17217,857,328,13431
310331,12,27175,2,451,302,231,2202
9090,23,40826,2,732,725,63,4186
3020357,9,12963,6,26,68,36,687
5058628,64,56185,39,2105,959,420,8732
8835,18,47432,5,1113,270,59,7512
18938226,31,72771,12,1308,570,209,4468
8271,14,20742,7,2065,279,34,2102
8683,16,31548,18,4272,644,58,5412
7966,23,79811,41,4503,1136,89,7378
8900,34,42814,20,2214,615,178,4150
932915,17,38493,0,65,313,46,1345
40147,25,63779,11,2400,326,153,4496
11040148,24,37566,8,1021,482,140,3457
3162905,56,51945,52,1904,1013,210,3609
18978563,19,90984,20,2465,868,692,6765
18978563,19,90984,20,2465,868,692,6765
8629,60,45971,39,1169,619,213,5930
4848272,75,88390,108,8587,2230,738,24759
726651,57,22015,5,689,351,70,1883
1643647,7,14866,2,33,143,39,2964
1635659,9,35328,2,13,177,65,2464
7941,15,26464,5,321,173,60,1469
1112855,24,18503,6,348,326,16,2705
37335,21,19695,16,2187,564,97,3861
9311172,6,10774,10,1450,582,45,2719
8632,52,58490,35,1906,933,98,3895
19767582,17,17861,5,184,200,133,10067
143840,28,22557,6,129,142,131,5765
59749,31,27602,11,509,167,66,5794
8305,22,23362,8,1009,330,335,8254
13058,52,65143,50,13369,913,135,4627
10186,30,151311,67,7005,1790,205,9327
40817590,40,51772,40,436,550,475,8714
140256,4,7421,2,17,36,5,1259
380782,8,9393,4,387,400,17,2184
303522,12,13806,0,294,181,36,1442
2945164,15,4375,4,33,162,6,505
15578,16,42683,42,611,877,221,2286
9231869,6,1904,0,31,9,6,383
39626432,42,69883,43,878,580,405,9257
1864257,6,11580,6,129,175,31,4077
1765384,12,35052,5,77,95,62,533
20611030,16,13948,11,439,180,65,2770
16105186,40,56897,35,645,594,265,7889
4217297,6,11862,2,199,150,81,1720
371301,22,52068,10,347,245,168,1519
18307757,68,20230,20,936,399,115,4351
5052197,92,60713,40,6115,1459,254,6520
9288,72,110212,40,6945,786,137,18552
4429395,55,62023,25,3967,1217,377,19716
100627,40,45408,37,2000,604,181,9595
10287,52,42689,49,1253,594,57,4230
4809279,1,707,2,171,101,2,150
169836,17,35113,35,364,287,105,5227
35494376,12,30966,7,42,214,147,664
12322101,4,7327,5,212,153,34,162
2858505,14,12866,3,274,213,53,966
39768,47,40165,23,545,700,137,1099
399615,27,13336,3,29,101,78,1898
10501,17,33728,9,2550,486,60,2658
564204,12,43594,8,911,738,191,3650
9258,16,50417,21,2955,620,80,4167
105004,18,35395,8,3173,498,33,3018
105004,18,35395,8,3173,498,33,3018
9737,19,34046,12,2200,503,116,5684
9317,67,73393,162,24128,1175,342,20967
1256013,17,60718,61,338,1601,78,1536
9587,15,34080,15,1453,597,86,5870
51584,55,58283,46,344,346,66,4428
10370,28,56974,22,3709,889,67,3659
9236,20,69201,43,4616,1026,1050,14699
9588,17,36303,22,2144,715,309,8281
7529378,60,74249,41,23213,929,535,11761
11469677,31,50237,14,765,342,124,496
7550182,17,27773,33,3419,1086,71,6909
55174,16,84325,21,458,349,163,9152
187586,49,42316,22,3014,833,300,11131
231085,17,30295,12,1293,861,97,685
10653,10,27240,0,76,93,72,784
11054,22,75588,29,4024,1093,59,15698
55974,28,48663,13,12804,440,105,2395
164394,17,28906,12,995,242,68,1770
144896,15,32429,2,188,230,77,1351
11408,19,57815,28,1014,796,360,6547
11185,26,63491,28,4618,967,145,9536
142721,88,95371,51,1603,683,379,5773
945404,23,16412,7,226,159,61,1255
38193,7,8384,2,298,166,8,610
38301,72,94303,47,3007,1148,128,14114
18949797,10,14518,4,935,242,54,3193
148898,30,51659,35,633,776,334,6351
24548445,13,14904,5,69,53,43,3630
2752,14,24748,12,334,313,150,4382
6821757,8,18236,6,37,196,96,2875
37556,26,37784,10,794,383,279,10256
162615,21,52111,6,645,575,148,2258
2122,18,47247,30,2048,627,115,9718
15247542,23,53841,31,4623,1365,259,14025
21785,29,43297,30,2532,817,160,7165
11778948,17,81397,55,2365,1221,246,8040
5491859,16,12341,6,15,93,38,682
18933396,49,56017,31,1002,496,187,7692
1030,16,28228,13,708,287,86,5339
25,25,53396,17,2141,682,618,9756
1195328,9,9765,4,319,287,51,975
5612336,21,18836,3,129,180,73,951
150056,38,25229,14,554,386,123,7401
879858,8,6902,2,58,131,24,378
19344654,31,71616,31,44426,1317,222,9720
4545,44,100539,31,1028,522,182,5179
4173,42,91104,35,2315,1256,93,7551
867145,9,15796,6,241,272,28,828
19360669,18,39828,27,3624,472,28,3660
3979,16,35316,15,2635,767,67,5081
534366,90,84473,74,17048,1911,883,26643
335069,52,21373,10,645,295,88,2820
72336,84,54370,18,3415,1211,196,7169
4375,38,47980,21,1124,869,311,8759
4792,60,51024,34,1585,1212,152,2736
364813,46,57308,68,1802,1193,350,4653
3738,37,53396,26,2601,719,80,2518
447382,10,26721,11,171,203,65,3322
3205662,17,30608,21,96,150,47,1271
501984,16,44556,18,543,200,15,7205
3427,44,26608,8,315,184,59,6533
699349,32,69272,21,960,789,284,6012
19283178,77,114260,68,4080,1130,130,8563
3722,41,74888,60,2412,985,146,7426
20650188,63,38194,8,476,322,191,5099
41353912,49,42496,13,330,442,318,3908
44431,35,20076,16,440,180,76,1816
2100861,12,10233,4,268,133,22,707
4116,19,53487,25,1011,512,241,6761
1555010,9,57520,8,186,409,63,887
3356,96,73674,63,10832,1536,393,16042
188564,79,36204,10,593,271,190,11255
191941,13,21726,3,1291,680,50,1463
51614,11,40166,5,603,354,211,1764
321263,11,38801,4,284,358,137,734
239098,28,41565,7,507,405,209,5592
3803886,7,8749,0,205,101,45,305
244098,16,12282,5,1016,192,49,2678
44751865,28,55429,30,886,495,323,2859
4874,20,55167,18,2884,568,208,7628
20648200,14,38082,4,754,915,36,2403
851008,7,10836,4,181,214,76,709
65426,3,2656,3,310,246,6,2811
88857,11,50508,16,771,299,174,1606
55309,10,21854,10,315,172,73,4342
5030,27,41667,10,419,280,126,3663
11015826,31,49762,17,3515,528,229,9208
27417455,31,22456,19,847,528,61,3498
64692,24,64722,26,454,757,102,5082
68244,36,51656,28,305,172,74,7705
392807,30,64437,5,412,417,50,1682
5574594,55,34746,9,254,301,155,5346
186319,18,112363,5,165,272,84,686
23278520,47,52437,53,1601,1137,121,3463
4950,11,25453,2,92,100,48,1781
3463,39,79163,109,22770,1216,169,9753
44849,39,34068,23,1844,906,255,9157
70547,16,60742,54,3076,345,403,6361
8269855,38,17019,11,490,234,103,2966
3845,33,26883,15,979,444,90,2441
4294,32,87318,29,2400,735,153,11628
3382,67,63275,23,4146,508,378,24478
38748,20,77180,125,4098,962,83,3263
73887,29,20506,7,28,74,35,1108
773158,73,34538,45,744,867,414,4463
639800,44,41548,0,95,92,91,1104
3267529,18,77035,67,12984,1269,205,15352
23278125,22,45699,38,737,532,130,4921
682722,6,5500,0,33,50,12,688
24133117,8,22518,5,150,217,124,1402
87179,32,40875,23,822,194,126,2992
62028,31,34062,23,16424,947,161,4630
46924,19,46022,20,542,445,237,2480
773158,73,34538,45,744,867,414,4463
5407,32,77871,77,82410,2586,305,10040
6852,30,39648,21,960,543,133,4950
160811,59,39612,42,618,604,196,5534
5042916,40,58559,51,168256,1043,631,20336
105219,22,60257,20,8515,560,453,6143
5902,29,52739,47,3432,916,250,8661
5416,31,114890,29,3929,998,174,14651
42031,51,53243,15,2005,669,81,4948
685631,21,9236,43,54,130,60,1506
2184033,25,9172,7,126,107,47,3227
537968,60,65613,10,574,648,370,5834
5282,31,46058,41,3861,624,97,3838
25955086,39,51437,52,6630,775,255,9877
19481110,21,30538,15,2236,968,37,3431
15135713,61,43809,16,833,398,163,8287
53869,82,32071,36,963,701,105,3471
15992,80,88577,52,6025,1945,443,10170
255722,38,20237,6,417,124,38,3751
186639,29,14942,5,987,135,42,1993
38100116,27,35588,1,45,96,136,2289
6260914,24,53175,18,144,192,273,3798
145422,62,81301,46,2444,1357,439,5305
166163,45,35889,17,1328,674,177,4476
5119376,73,107676,93,8095,2292,224,14171
4689709,50,39596,36,1712,425,147,8714
5122699,61,62238,47,4066,1225,262,14790
15852,89,69420,42,5768,746,172,14101
15898,55,50187,29,1880,911,123,3835
212187,46,40087,8,1165,378,225,7017
43715,72,77071,52,4580,1662,431,10067
657205,32,8444,2,192,241,30,912
291592,32,24484,6,196,174,116,2224
347086,24,12285,3,235,79,39,912
25011929,14,9554,9,72,70,38,1981
168926,20,28512,8,73,103,119,3742
335077,45,41023,15,1059,470,229,2614
235888,64,42446,14,958,603,191,6700
2263372,29,39548,12,48,230,216,1819
175552,74,29108,8,560,602,85,2384
609523,27,25304,0,96,192,90,1836
15777,60,62305,37,1810,1014,32,5153
32387701,66,56083,33,1518,632,100,14737
15641,88,124479,53,6022,1414,81,16835
1641893,41,9383,5,213,119,52,2087
23486968,48,81391,41,901,603,99,2231
59172,22,27520,15,1218,395,104,4047
59564,6,9128,5,2146,293,21,1368
26033941,63,35563,16,543,390,290,7133
49544,32,23206,9,394,330,72,1387
5507411,6,6329,2,65,42,24,257
340867,66,17788,8,699,272,57,1554
16905,33,83958,35,2392,762,69,4854
523032,67,72322,24,4194,845,442,11087
16743,87,74082,38,4189,1259,140,11933
19329135,42,31986,8,685,346,131,5818
17337,14,28950,37,2896,591,78,6107
16881,21,30547,22,1354,582,101,3221
343858,54,11425,3,385,181,60,1400
11366634,32,30458,2,135,244,147,2009
16477368,49,45420,16,2932,496,612,9769
273437,33,29077,4,973,1121,167,7162
198081,33,10812,5,96,139,59,3095
186589,32,26712,7,102,117,49,377
286369,20,50306,29,1071,389,135,12928
644622,32,13682,5,550,198,79,2171
752553,29,9439,5,180,124,46,3442
26232,61,60890,31,930,733,171,6993
17396,33,23141,7,1150,225,121,6748
169376,18,10943,6,1900,273,65,1159
6975043,11,9393,6,27,158,55,698
19718837,56,29798,32,1165,603,101,4942
5962511,35,28788,19,553,253,338,2829
154099,44,37427,33,787,321,206,6216
19394613,47,21223,12,629,264,207,5855
327664,27,9071,10,463,265,49,2080
246185,41,70893,28,1164,805,617,12467
41586875,12,1816,1,10,24,13,97
264062,19,10003,9,256,262,58,3115
16772,59,109110,95,12347,1245,404,11754
16756,36,35384,26,9542,702,53,4519
16881,21,30547,22,1354,582,101,3221
17391,45,80345,157,8322,1070,335,12213
16760,56,94278,79,1466,856,288,5516
16779,47,79120,31,3542,530,172,10984
197615,35,19795,21,895,385,33,806
16707,71,49566,19,1007,408,107,11385
17862,69,102552,28,795,601,125,7208
66936,22,17255,16,5502,418,118,2261
924166,60,13628,286,1307,1293,595,2434
56873,21,24303,8,231,395,178,2749
45870,17,14764,21,505,420,48,727
17782843,78,44607,20,3980,613,691,13873
577320,14,31165,1,157,158,78,548
30667,10,24054,25,1390,316,72,2812
18522,5,11625,3,1840,153,42,3241
420883,10,12390,18,1714,445,11,1562
2680715,17,2201,3,83,24,20,540
277395,50,26049,8,118,127,109,2477
18486,2,1901,3,1366,271,1,342
17771,46,63529,63,18479,798,292,15327
168917,17,25303,8,492,560,83,4256
50151,67,54158,38,1300,837,48,3238
9910441,26,51312,3,160,415,176,3442
2327581,27,62155,11,173,476,172,2563
8939450,13,32032,14,611,876,23,2614
3225498,32,69059,24,3138,1953,220,12699
30706524,43,80127,58,947,1017,416,10772
183290,21,32722,4,595,656,169,2102
217196,9,13674,5,1909,242,39,1464
29206360,27,12019,4,179,108,89,1751
168540,50,48529,8,2718,567,277,9917
160760,110,76329,21,1464,600,236,4719
6341469,15,42582,7,803,285,182,7348
24107,15,25611,20,1185,472,65,3899
230025,16,31442,10,251,195,49,1267
23555,10,72250,21,2055,618,52,4627
150136,17,15376,5,542,190,41,939
60857,22,66887,20,1145,412,252,8480
951581,12,60448,8,173,272,102,2683
52970,50,37727,11,1569,1700,84,3436
23639,31,38899,15,3088,278,165,4758
560876,13,48882,18,885,714,198,1882
273444,44,8407,2,302,158,40,1006
416366,25,10200,1,99,33,25,1463
253413,47,16837,7,186,100,114,2602
39609876,25,8660,3,77,92,50,647
2100405,21,25162,11,58,320,86,408
23440,74,93047,125,51567,2148,665,19583
199823,22,7816,3,314,87,29,550
7518210,2,1046,0,18,37,2,145
24507,61,60509,33,1425,791,127,5707
771182,10,18598,4,71,123,49,1011
3727944,8,6678,7,74,77,19,445
2266653,9,108611,0,136,265,246,3198
2252913,8,43249,2,13,180,148,803
22954,60,64613,31,4290,1491,144,5747
23221,29,21980,10,3539,289,105,2929
44469,22,37558,52,1308,562,276,9793
23745,21,42970,20,1205,514,137,9718
24326,32,54607,22,551,641,66,5532
22936,40,122884,154,131472,2117,313,11374
17458566,11,15023,9,293,379,39,309
16367528,5,6524,7,170,184,17,97
275297,26,49081,116,4156,1000,93,4111
23213,19,35224,6,1055,391,131,6097
23996,17,33999,6,8125,452,23,2638
15611519,7,2722,0,556,83,5,172
22986,13,18481,15,5565,252,38,5400
21259,13,9008,8,230,330,27,826
24872,11,27627,24,2093,627,87,5093
460821,21,10007,7,19,42,28,480
24591,42,33066,14,1081,623,102,2617
24475,28,48963,12,1272,514,151,5414
199630,18,32114,21,3765,586,178,4862
24020,28,10658,16,927,728,28,404
23805,103,111810,50,7096,1889,407,16584
23808,49,112247,39,2593,957,119,5287
23475335,19,78642,7,144,352,145,648
1704222,28,9322,5,240,357,57,2812
940606,14,12178,22,1489,607,115,1565
1328272,2,10454,8,243,300,17,611
5710507,19,28747,19,2651,828,178,7269
175357,9,19326,2,459,240,146,1342
27620742,2,10363,4,18,55,41,168
64959,21,65038,35,2669,836,278,8428
1771587,22,45083,33,2478,733,315,6522
1630282,2,2156,1,76,85,4,566
663540,22,32241,8,183,132,77,7115
429542,17,42918,7,529,527,312,1594
169086,6,11447,2,272,258,49,301
24113,20,44154,42,21826,1240,137,9668
3009092,15,18017,3,18,76,32,774
51511,20,34790,17,1421,382,11,1623
125248,74,53043,85,2825,797,275,6177
14457,35,35870,35,701,448,227,6818
72201,51,30647,34,1105,747,209,7495
24095,69,82672,53,1588,671,667,15287
1677192,29,21114,23,585,302,199,6641
19008450,20,56043,30,3175,458,151,4134
24856,10,33536,8,1955,316,51,5056
15394859,20,54574,29,342,385,217,2264
15157915,22,54434,29,2727,677,170,6937
37857,23,55941,44,2696,769,148,6522
371248,33,55717,41,6624,576,35,3155
18973869,23,34441,19,3097,549,203,3385
147707,8,10452,6,363,209,28,2812
471603,9,45283,15,4815,289,32,1198
6729144,18,47202,69,557,550,98,1951
23041,65,137523,70,20468,1183,427,13911
23037,21,88951,42,14156,1127,155,12370
36922,37,59232,49,3630,955,154,8295
7954867,29,82109,97,28012,1077,336,9203
319505,16,58482,5,464,420,41,2190
47717515,14,7696,1,770,416,17,2491
25614,31,84335,9,859,694,277,7190
25614,31,84335,9,859,694,277,7190
26494,25,73550,6,223,223,254,12360
30862657,6,11438,3,310,134,13,249
15181647,18,6290,8,14,60,54,1089
2634236,10,21220,4,141,142,39,280
49444,5,6825,2,404,262,12,206
26316,22,47125,19,2007,583,117,4016
25613,25,89879,40,3876,1447,232,12389
28358650,7,34908,2,186,594,6,464
25421,22,38223,14,3476,514,60,5471
18945847,32,79788,37,20981,929,197,9689
7980471,32,57384,16,3761,520,223,7425
25854438,13,18830,2,785,464,31,1153
25421,22,38223,14,3476,514,60,5471
375137,39,7284,0,38,46,37,1603
43488,41,43415,24,1171,793,54,5385
43488,41,43415,24,1171,793,54,5385
1329090,76,99261,87,1245,917,139,8263
30821628,7,1405,3,95,69,90,4633
1270655,26,24288,13,3608,431,114,9818
21133,57,52820,113,9624,1018,195,6513
11481790,30,32118,5,158,167,109,3432
147301,44,42232,35,1879,1205,201,6480
69880,66,109245,84,6659,1469,130,10743
21113,25,12695,4,560,256,50,2241
2307316,8,13827,4,221,528,11,2894
424675,18,22569,13,776,473,90,2348
70101,34,46251,10,1398,362,280,4037
2579018,28,30029,3,150,235,55,1446
21217,29,133330,123,12274,1200,329,11157
22131,26,46704,23,5384,332,149,5072
38188,15,75493,78,1623,777,131,5805
21212,29,86235,76,21837,1650,65,11997
31045316,25,77120,39,5596,1022,46,9823
14335296,10,19033,9,600,526,92,3215
21492751,79,96754,39,3811,1058,192,10158
2510105,17,26363,11,227,228,66,1788
216531,26,43252,15,525,1052,158,5320
93088,23,52148,19,1177,985,210,4733
21632,51,46538,21,1899,609,98,7504
1398166,25,70860,9,328,378,438,5592
30072373,9,16764,1,22,65,38,424
21742,18,76649,20,1742,1906,26,5010
21648,35,79946,72,27430,1329,257,8452
2184535,13,56001,4,552,182,49,2516
53842,45,83995,79,15275,1057,250,7770
602643,22,75355,19,399,973,77,9271
179187,63,55260,22,1600,735,265,5542
557007,61,54020,39,1832,742,241,5898
323592,67,75425,43,770,553,125,8395
25529159,18,10401,3,111,158,57,1726
42558,45,99350,46,2456,1099,54,4931
21473,80,72910,47,2086,667,194,10776
21566,108,63645,39,3530,1750,203,9218
2570425,5,1020,1,418,18,2,51
1631652,20,42215,8,422,365,87,2606
173540,38,22121,7,537,345,79,775
16365325,17,13716,6,37,68,48,3331
21265,39,69681,65,23980,1343,166,8559
1067062,26,18660,11,158,236,76,2201
21704,46,30131,17,8109,570,23,2158
142510,42,31702,12,1203,270,139,6068
22153,21,86803,47,3017,973,379,8071
55940,4,8368,0,34,59,9,115
21525,16,61076,19,1607,1049,125,5720
8955445,64,31558,8,1484,1311,157,4823
56435,16,42905,29,1981,361,451,7804
27471338,17,37013,7,1247,489,64,4317
22292,36,50405,22,1924,455,61,1965
1149357,28,46447,55,322,497,67,1186
33121168,28,47219,24,864,776,455,8145
33381607,52,83413,44,1618,1099,484,3338
198570,19,27592,15,759,304,18,1183
158705,14,19916,20,721,271,82,4561
22477,39,29167,37,1517,441,107,2314
643015,30,13494,4,215,570,44,1223
53257,70,35530,13,1783,483,121,3577
22576,26,73343,71,22654,2249,278,8280
1026559,7,14599,5,180,163,5,791
2787862,12,28294,5,203,151,112,7669
20395872,98,51511,15,2290,1146,233,7836
100390,30,52364,13,580,335,217,7511
268869,31,13985,11,135,112,91,1139
2480306,9,14649,10,772,197,70,4683
43846,34,66666,15,505,431,248,1986
167166,24,59665,7,852,487,221,2906
22546,22,63102,8,631,423,207,4839
22468,71,55677,28,2038,582,398,13871
65975,7,55250,0,8,37,26,661
414192,12,91170,22,859,664,219,2364
20041526,6,3074,2,176,284,11,299
4316423,7,8293,2,994,819,28,1009
44183,14,57228,21,931,681,171,4306
44183,14,57228,21,931,681,171,4306
85406,36,47363,24,2254,532,182,9937
44647390,31,35940,14,157,309,218,1800
161570,39,30981,13,282,179,99,6534
24956,11,54496,21,2286,666,67,2039
23340,19,22000,9,2046,626,48,3560
205789,16,16613,2,66,119,27,600
24324,25,34937,9,1212,287,124,3057
24849,42,56168,131,3800,514,181,7760
315787,18,31284,18,1718,361,49,814
23592,19,21385,6,623,232,74,2206
11217925,60,39254,17,877,373,382,11945
27540718,19,66032,12,199,353,335,2798
4411276,3,3545,3,172,58,4,96
168890,82,32757,18,720,782,142,4264
49908,51,28800,7,544,293,109,4013
32191,24,87213,6,876,477,191,6268
24552,13,7121,6,1036,206,18,2038
65173,34,25835,3,223,129,67,2376
13736167,89,80074,27,6008,1216,326,17871
192005,29,44258,17,407,405,111,3064
12471,22,62545,11,1956,1414,58,4268
1587917,38,11577,6,175,111,91,2531
19629641,16,31761,14,682,474,40,3776
236489,16,13872,12,3429,313,57,1669
2553981,9,3683,4,206,82,18,1757
60290,8,3829,10,217,100,20,1996
103123,8,11080,6,27,87,58,3343
50482,15,27617,28,1928,546,50,4993
146978,17,34346,15,388,338,63,2245
43047687,19,66948,7,367,310,166,1908
48146,12,15383,17,1368,544,57,6350
11121,19,49868,14,5063,1206,262,11518
11121,19,49868,14,5063,1206,262,11518
415961,15,21674,5,153,216,29,3492
5843419,57,127849,161,219873,2033,553,14298
445861,39,11309,3,1041,727,61,886
10979,79,93817,68,7716,1708,144,10367
42068,59,44272,23,1083,466,242,13469
10635,7,24298,20,3351,370,88,3510
21401843,11,32474,26,2220,647,90,3726
59212,15,31037,48,2049,918,58,2625
83933,5,20328,2,705,402,15,1169
1385923,16,26894,15,60,256,28,942
10671,93,80829,34,2504,1308,196,10155
11986472,21,15119,20,233,261,70,2052
11582,14,16224,6,983,667,54,2618
88750,9,22444,6,156,336,79,2517
179342,40,12444,8,232,189,33,1438
501787,9,14809,5,390,188,66,1313
29688374,65,66977,37,1595,716,204,6751
11921,13,21266,19,2116,254,53,2846
18723138,15,27976,13,1264,301,19,3702
43758363,26,52146,10,166,317,431,5976
92656,45,94257,112,3329,961,606,17444
1457022,19,31592,12,694,451,97,495
13070,28,54798,23,934,664,144,3358
38076,21,85972,25,2259,606,167,3661
12383,20,34891,22,1635,777,380,5653
550948,6,4762,2,60,83,25,868
216102,22,28523,9,853,809,198,8444
67918,5,17491,16,558,319,53,1090
12441,15,48212,18,2672,821,130,6072
106402,7,12316,0,482,310,41,668
41940,15,78323,23,1236,512,125,2446
158879,66,27797,12,684,445,146,5441
11955,87,88497,68,5591,1973,350,8356
331028,33,10359,3,70,158,28,698
3414021,98,88649,76,14028,1573,789,46522
35075784,27,20315,19,105,94,113,694
5030380,72,79226,66,4001,2170,227,9499
156507,49,14327,6,516,257,67,2514
23306893,39,31405,23,672,446,117,1404
13058,52,65143,50,13369,913,135,4627
718108,2,1573,2,105,90,9,148
2008784,34,33707,2,80,241,160,2878
594388,31,23628,10,819,312,148,9669
15131007,7,5525,1,75,41,30,1732
418944,63,56067,22,720,810,304,8201
295445,1,27204,5,343,280,93,2626
5042951,20,50601,39,3683,643,593,21043
299078,56,35708,15,867,1120,267,2351
294295,26,47230,21,300,369,293,2795
12471,22,62545,11,1955,1414,58,4268
5042765,18,39326,35,5715,886,62,11511
66578,83,26125,21,830,427,79,2533
19568112,15,58952,31,10313,353,82,11537
1092923,48,58068,35,18081,898,417,11485
2282040,8,13519,4,13,32,60,447
12905,26,30033,16,635,422,69,6563
4321115,6,3061,2,213,131,12,237
19283335,27,77735,32,13130,1151,138,10809
72727,19,32436,14,507,373,111,2789
21350772,25,45812,37,1715,442,236,6258
4851478,9,10101,1,65,73,39,688
44276,5,47790,2,647,101,196,2167
12686,33,71330,3,179,410,206,7137
2773076,28,84487,43,2363,517,568,16717
167936,12,31918,10,1534,728,37,3312
26152,42,61502,72,4087,640,299,8823
11065091,19,23729,8,702,383,97,4949
14170,25,40918,24,4110,482,365,4600
59097,11,12287,15,191,104,12,533
14091,12,37309,2,1525,219,49,2805
203237,31,29200,17,634,494,109,1887
13913,49,117180,21,2039,859,545,10709
187273,14,37821,3,444,972,22,624
19389318,18,8227,5,36,116,51,622
155160,29,8197,5,189,154,42,662
124802,6,34815,17,13029,547,93,3803
4748957,4,4736,0,65,120,12,788
2387806,30,68640,28,1647,522,285,16219
3418303,76,98487,50,4271,1357,201,10454
195306,45,66636,30,372,503,73,3434
20200414,18,11869,0,6,41,45,373
13547,22,43550,10,1390,744,133,2159
437067,11,15110,6,427,364,56,1341
14233,24,32280,4,905,625,114,2059
35751103,9,19948,0,12,100,78,438
261925,10,22243,18,2524,536,46,3535
16463132,13,30645,14,69,490,125,3159
17173785,32,35405,7,885,642,220,6378
13869,24,73499,37,14049,868,173,14697
336056,7,22467,3,138,113,98,852
9603757,23,24616,6,589,359,108,1415
27992,30,101960,48,5022,1749,363,9116
29440,28,24595,35,1719,1386,72,5994
3895745,26,54236,7,225,305,167,1191
12254052,20,45026,31,948,471,111,2144
4124046,28,98569,14,377,377,345,3210
743769,12,5377,6,2641,323,8,1734
88923,89,37833,19,4016,824,184,8695
26847,39,123413,42,6913,1561,285,13592
25664190,35,44880,18,1650,776,175,5985
175811,19,70701,12,256,666,109,3805
13690575,17,48448,31,1594,625,154,2223
2095829,40,75183,20,945,516,263,2473
27655,43,10188,7,543,140,41,1628
18932365,9,23911,5,86,129,68,773
17416221,53,69186,96,71487,1419,241,10471
27977,41,53571,27,2338,728,329,13344
32350676,41,58336,45,4222,651,265,4426
816925,15,11295,6,1963,447,15,1844
179553,26,71586,46,5563,1814,125,7300
24795561,37,33352,59,3649,750,26,2032
26779,70,85858,125,59837,1300,195,9068
26950,16,9496,84,633,553,8,991
4751135,29,48454,17,838,833,120,1755
26667,50,105954,160,122058,1763,380,13999
18842471,22,76015,79,7121,817,134,7669
5980301,29,72328,19,1249,706,28,6045
189109,23,34618,19,970,1155,22,1734
28265,50,60613,42,5593,1462,197,8229
21496026,18,61623,5,153,162,91,1719
28480,37,62387,18,1394,678,312,13184
148956,7,14660,6,7001,328,28,1328
25272420,20,39123,3,788,364,106,3399
16146360,17,33352,2,16,114,128,681
17157886,32,42758,33,3942,532,143,12604
26678,33,61156,25,4129,886,300,15810
27783,15,24180,10,1047,246,157,6310
335195,64,47921,26,979,543,389,7644
18956166,17,39785,17,1387,561,130,4809
640689,32,16232,4,445,394,62,1797
38466392,21,49054,19,427,316,234,3373
1380550,15,77874,19,647,499,232,2288
16844797,9,23896,6,115,55,28,224
59606,9,2687,0,85,47,13,389
27421,43,60027,77,11137,1038,182,9108
28246,24,69509,61,2467,1203,116,8187
427707,18,36119,3,735,745,33,1234
1514981,23,29977,8,406,249,75,1944
102075,26,39435,8,346,225,81,3237
27999,7,19414,13,81,299,39,3689
218299,25,25116,29,92,318,36,602
26748,50,84013,102,85312,1439,312,11661
486017,54,36596,21,645,467,49,1872
28642,16,30320,6,189,140,37,1300
666601,12,8917,0,286,144,10,688
29612,7,7069,5,1222,58,2,1185
1337691,22,44402,14,917,356,49,1618
30741795,55,122014,86,3221,1919,811,18991
30658,15,46828,28,235,184,86,3079
61117,11,6599,5,939,325,42,1738
31438,21,33797,33,3198,610,55,3875
30635,35,94698,45,3447,830,320,6896
30077,10,38588,2,3978,381,34,1127
30797,89,20875,53,287,224,90,1471
30297,26,73035,15,2286,642,82,4867
5422144,61,44484,19,3043,631,703,10776
56481,14,24098,6,95,246,136,2949
22754875,27,62973,23,990,477,313,7668
21898839,17,19723,10,806,574,157,4606
143377,53,84568,26,233,249,110,10433
1151958,17,30480,7,65,149,104,2820
184136,59,92745,38,1510,1095,246,8680
30475,56,24982,20,1333,1042,86,2846
83859,18,94645,26,916,323,229,5991
10839777,13,59727,8,4602,1090,96,1959
149014,15,12027,7,181,318,20,575
169496,40,26320,7,518,751,72,1539
65719,27,69178,30,648,608,152,3611
1056144,8,2702,4,13,25,1,194
428819,41,37454,9,805,716,135,8483
30636,48,50478,37,3612,608,199,10621
63578,28,10926,113,205,368,184,4148
1351855,8,3119,2,40,24,9,149
29810,35,89548,80,43854,1678,396,12871
38711,19,73193,21,994,497,22,3848
29812,57,87656,39,11242,1191,139,23096
1397993,7,13428,1,18,80,9,301
137840,36,60223,40,1523,531,48,2766
30680,41,58748,23,78302,576,293,7100
1923870,37,41096,17,483,491,441,6915
65735,12,26454,3,45,135,58,1022
29838,44,56662,29,6190,996,267,13207
656307,12,23589,5,132,274,188,6325
30535,95,104026,66,6333,1747,174,11649
528543,6,6867,1,42,264,32,476
221998,13,9410,7,157,417,72,1466
29922,92,89362,62,5413,1512,207,16555
58397,44,44408,7,250,293,166,1308
65192,29,29360,32,458,208,169,5692
44534,55,100662,33,1443,971,164,8239
33139,29,32284,14,4329,546,168,7403
25862547,32,54433,76,3331,838,252,3149
34289,45,62834,28,1295,817,173,7138
34272,42,41576,30,2694,629,100,3374
34350,81,73587,17,2125,1145,252,6671
3524766,52,62126,120,60731,1179,513,8883
301899,12,42377,4,197,335,125,5312
34244,19,45861,46,9194,403,47,3685
171306,11,5622,1,264,45,17,1486
78747,49,59213,18,828,463,201,5057
766968,23,18075,1,39,123,61,1125
34421,25,22596,13,2150,219,8,1004
34399,43,84899,58,16342,1188,333,10685
77880,69,38735,22,1150,1031,236,13151
14529239,32,47624,16,489,431,154,5244
1332334,13,19385,8,530,641,27,1144
415767,29,78241,30,918,743,106,2780
12232585,10,76704,19,232,193,12,309
684813,31,41202,15,929,759,120,2414
20764470,15,3610,2,90,17,6,98
1553191,33,59279,12,416,230,156,4924
201936,37,142015,103,2778,1215,347,10073
31150160,48,68976,46,1857,598,659,8080
47374,4,17757,28,857,714,59,6828
21538638,26,47385,17,624,860,228,5244
12561015,28,36621,13,461,340,262,6521
167884,6,2997,3,222,89,1,2087
33933496,14,3544,5,21,33,22,1793
1673370,13,20565,4,35,133,142,1231
5069516,26,58103,24,2713,618,613,9511
275051,8,41779,3,549,604,247,3082
82065,9,9233,9,298,214,17,743
2047065,4,839,2,97,91,3,132
765,21,44057,21,4212,579,432,12590
307,65,103705,51,7909,1492,165,15671
2731583,100,79514,61,9348,1449,89,25738
58809,23,55276,20,1442,494,250,2563
2343,4,11982,6,1706,365,10,524
49392,21,47139,3,1353,647,150,6498
2503,22,27904,18,2256,658,96,2280
2162,42,38390,25,3743,594,159,3495
18947965,35,50406,72,377,537,96,3073
1653,17,25538,8,810,429,90,2936
894,12,26158,14,3087,449,151,4699
10934212,10,52769,24,1522,546,192,7798
1921,70,91793,76,3833,965,443,9044
251879,61,26167,16,765,466,283,5715
5042706,92,60401,44,4483,1878,343,10096
48370461,26,48305,8,3239,450,225,3723
166702,51,34039,18,630,432,182,4320
161947,41,34181,12,404,315,181,3004
624,33,65853,69,13366,1468,189,9648
500309,9,2894,7,334,121,13,130
736,110,65428,50,4110,1014,240,16296
717,28,55328,70,17852,779,166,5533
2965,23,51261,19,3087,467,366,4873
358934,59,17125,9,148,530,153,8640
212472,56,63498,21,1223,916,277,7259
45214,17,20050,4,126,215,30,2647
5297192,4,2443,4,155,216,12,96
55313,18,38455,14,1536,445,266,2914
381552,6,6882,2,31,31,20,1208
1845,29,94828,33,1448,649,505,7807
18914017,30,50856,23,3950,814,685,7807
1902,24,31460,32,331,392,159,2845
1950,23,109987,22,2234,619,167,5053
863,30,93364,56,32841,1148,135,11808
521057,30,35183,2,334,304,245,3163
5315944,6,6252,1,15,56,42,654
1131183,16,71232,62,1871,940,234,4601
1973,22,95050,24,6447,1454,169,6832
172479,1,3537,3,734,339,15,716
19346935,41,31646,10,1020,264,102,7788
4097799,25,46762,16,447,443,211,5597
2460,11,39312,18,683,348,180,7080
12,27,69734,31,3485,1424,248,17604
1023,15,74612,13,1083,441,112,6825
1630179,18,27113,8,393,532,233,2291
22320587,52,49657,7,239,627,146,1724
315087,21,18722,0,46,85,58,1479
432972,30,6889,3,225,133,59,2118
1623,67,105092,50,3280,1072,220,8419
99881,44,28926,7,339,357,148,2839
864,87,56160,18,2573,717,195,8759
232035,9,14407,7,112,129,66,904
48522,98,29055,13,587,550,125,2557
72671,65,40513,92,1977,805,280,5926
5792809,65,57160,25,1538,737,325,7282
800,14,29288,19,9916,1010,100,7023
331538,29,16927,4,217,194,38,1616
2314,37,17019,3,209,215,76,954
52045701,5,7087,2,20,83,52,149
205522,58,59348,18,467,757,283,12057
68335,37,29392,7,317,312,149,5368
700568,6,14328,4,131,181,84,3015
4577283,8,9522,2,78,72,55,513
569,11,49568,22,4936,1003,90,4532
283205,32,69696,70,782,993,247,5996
43441237,18,17353,11,572,272,29,755
2197030,7,22040,10,350,603,39,1347
8814638,8,23877,5,746,655,15,577
42762068,14,18637,5,204,430,26,817
1429917,20,42765,12,154,529,209,2234
571440,13,31333,8,907,386,49,776
1078,25,101858,32,3517,1370,327,10284
2200527,44,105002,35,4526,1269,138,10421
37873196,14,4771,1,32,33,25,837
80740,25,67543,46,677,991,233,8801
2944,62,50223,35,1104,494,176,6114
155033,44,17742,12,293,142,32,1753
140376,62,108896,47,2416,1154,312,9559
1806,87,67226,30,2883,833,282,10248
309935,40,44140,4,149,231,82,2727
51669,16,7036,1,242,185,34,1067
42277,14,34888,10,799,547,23,3079
274539,33,16624,5,693,189,103,5145
425757,12,37940,48,484,513,35,507
2450993,29,16388,24,279,295,31,1565
6822,35,77896,128,8490,1045,207,6745
678255,33,15516,3,221,477,62,917
606848,26,83127,69,28531,2338,313,27427
553050,19,12325,9,271,300,17,370
5920,26,20377,21,1365,540,85,1369
17253537,13,31023,17,2740,629,85,5266
320023,16,39447,9,531,274,8,546
68319,41,23904,18,331,375,96,4024
6907,22,20939,25,650,484,59,3063
42635,59,28368,24,757,285,154,9136
51255,72,182061,38,2590,799,157,5480
278119,34,21091,6,740,322,160,4520
80696,72,76339,32,2824,1105,218,12388
6100,36,8324,16,478,300,25,2978
50490,23,65986,27,2063,477,78,6833
6886,41,89811,130,40231,2194,353,19353
5945,15,40051,40,6309,960,100,6460
5465786,8,5547,1,182,349,16,126
1651190,7,11552,3,444,303,38,907
250193,10,15278,4,219,132,49,1522
5405,48,84676,140,98808,1896,575,16063
5751,24,46631,24,47996,922,30,7102
15147453,7,18132,8,484,471,16,353
7738,18,61142,19,538,419,453,10652
2627820,60,37967,14,1457,419,213,7443
5847204,39,58834,26,1562,746,346,5025
196570,17,8023,4,229,38,14,1026
125309,15,72030,43,730,857,303,5815
63317,25,52975,12,1196,775,134,3863
5211,24,79154,64,19110,1325,352,18396
345597,18,16497,10,64,91,46,504
5635,56,61114,39,2579,738,134,10127
73626,47,48126,5,640,468,79,4435
1281795,9,20604,13,209,854,105,2080
6438,18,24685,13,13579,325,154,4094
6671,10,55081,33,6491,1080,36,2949
8718425,16,51062,16,784,267,263,13334
28291766,43,52479,11,1849,484,195,5177
8389,27,63100,13,1523,508,579,9943
6910,16,36378,11,1193,298,151,6360
5987,23,47407,68,6827,540,299,7287
208413,13,37700,30,1911,265,87,2722
191704,15,39955,12,22,123,61,897
241649,17,14588,6,260,79,56,2383
325329,28,93292,102,13764,1369,143,10551
7463,17,56458,6,186,225,211,7578
13886661,31,29537,7,314,291,149,2104
20914042,13,19249,31,8692,502,29,2577
9209651,26,30873,18,7860,571,54,10722
215623,13,13929,38,581,394,24,2479
215623,13,13929,38,581,394,24,2479
158177,71,52303,47,1600,605,242,6484
7023,37,125355,117,8436,909,191,9235
95801,12,22419,9,301,240,64,1933
2298740,5,54706,16,1601,985,145,7208
6623,4,68548,12,1773,497,20,1419
41568624,26,92062,15,251,459,82,907
5530,18,27471,4,1266,416,78,7702
5919,8,7814,4,1196,214,14,483
7283,7,7172,6,358,68,37,865
26410,13,56203,26,459,516,191,5596
5278,24,39583,16,2859,486,82,7804
18948365,16,47636,7,1453,364,102,2745
5648,26,53489,57,9340,919,168,5633
5714828,35,34681,33,3653,515,61,2496
5655,72,58293,31,812,737,409,6913
7683,6,42507,5,329,450,231,4763
5326,26,51873,13,1196,695,341,11354
49823,9,38610,4,1747,195,49,1353
5785,30,36064,14,3206,680,20,2960
7172656,17,24542,12,506,548,96,1544
2279619,25,29878,6,194,186,139,7667
23818735,16,51972,5,322,327,215,774
8931878,5,14647,0,41,160,15,100
709683,7,25719,3,382,267,132,1578
1046514,22,60742,14,76,304,285,2343
7339782,24,21151,9,350,312,120,1896
69801,32,53707,60,3323,756,118,3891
4412145,5,60927,40,3645,925,34,10057
6760,10,18042,9,772,638,102,2574
36662188,23,30459,19,477,339,228,1974
5042481,45,66079,87,26046,987,356,12640
6827,43,83507,41,2254,931,142,9206
1008588,10,35236,9,1305,495,92,5780
181322,11,14701,9,338,442,41,968
32492747,16,54856,17,408,325,165,2954
19005719,27,25326,5,181,181,93,912
5593,64,69445,92,20916,1015,273,12861
183570,51,77329,22,775,600,119,2053
252854,24,49663,73,2091,876,27,4479
20648089,25,39988,7,453,184,114,1640
235169,10,18352,1,98,64,31,619
605837,19,14097,9,1215,256,30,2913
339365,48,21428,9,415,269,97,6467
456252,54,46192,8,594,567,205,4298
9442699,8,5448,2,10,23,1,43
10431114,4,11330,0,24,43,20,199
12686162,21,12564,17,264,268,77,1206
42458764,12,3991,5,66,102,9,43
21388838,18,997,5,25,32,1,19
6167925,9,2177,2,21,86,6,46
41069253,2,14023,11,441,620,61,88
44445668,9,207,2,153,155,1,16
49978660,12,2985,21,66,120,24,218
7689686,12,1944,3,6,12,1,49
46348494,6,1421,4,30,59,1,8
38951568,7,5440,4,4,47,21,66
47080362,4,417,23,77,120,3,2
51494994,2,3976,0,3,17,2,30
455251,3,1819,2,8,27,1,50
22479390,14,2707,1,91,42,9,89
9631579,5,848,1,1,5,6,14
4342913,3,5466,1,24,26,18,218
27799462,14,4261,3,17,21,2,136
21021116,9,1874,7,5,77,6,43
1078595,18,4798,4,40,43,35,73
2060627,19,1827,0,103,140,9,112
2197028,13,13362,11,234,303,37,650
322893,5,1589,3,83,71,2,88
25135168,3,1637,0,3,29,9,16
40154277,4,3485,2,28,41,13,32
6077938,8,2722,0,4,32,6,66
32742565,14,715,3,83,103,4,30
2318393,8,27771,8,140,277,110,268
956143,11,8617,9,293,269,23,273
3439232,8,1428,2,117,105,1,485
28483033,3,1681,0,78,213,16,19
1088005,8,4596,3,100,58,17,72
3959213,7,3469,3,24,75,8,208
27825781,14,220,5,1,5,7,14
37512183,8,493,1,2,12,2,25
46754214,10,1410,4,2,16,2,9
17766194,12,1924,8,46,74,11,33
48822361,9,1571,7,42,125,4,6
12803554,19,1481,18,394,483,6,44
16530509,4,2548,0,38,50,4,24
6520541,6,282,4,326,330,1,39
14418686,1,1342,0,1,12,10,61
972904,16,9549,4,1856,134,25,472
32719690,6,386,2,161,173,4,29
6739763,5,2143,0,12,25,21,574
43444653,12,658,2,24,42,8,26
673235,8,48486,7,406,503,372,1469
49140821,5,504,2,4,5,1,27
1814573,11,3924,2,96,95,15,191
14086866,7,3472,1,9,39,6,118
47627,19,22165,8,342,146,15,697
39497984,4,914,2,5,16,1,4
1642553,18,2381,2,20,35,10,87
19299216,6,240,2,4,4,1,9
35677065,19,4696,7,31,37,28,109
2705246,9,4651,4,7,28,10,85
40249534,4,258,2,5,7,3,12
38643898,2,3267,0,41,56,12,27
2853846,5,880,2,27,74,3,35
56312232,8,6548,3,12,79,17,12
23660784,4,232,3,3,11,2,10
21978798,3,685,1,2,18,3,14
10857660,7,5818,4,19,69,17,258
23823389,11,2909,0,23,43,9,46
34653788,14,3839,2,121,144,14,306
53007613,5,135,0,1,11,1,3
30846624,11,3235,3,97,197,6,84
52785376,7,180,3,7,33,1,6
35891325,9,6049,0,8,31,13,42
15573380,6,1456,2,3,10,2,26
2176146,16,22052,10,24,97,17,488
49537815,9,195,3,3,15,2,11
54137370,15,8061,10,11,29,21,34
49394927,8,577,2,4,31,11,5
15809000,5,470,2,51,60,4,12
39674860,3,289,1,4,9,2,9
30701560,4,464,2,92,115,1,12
28611996,12,19527,33,326,470,33,377
21935261,5,484,5,58,70,3,7
5783476,11,762,5,13,37,2,25
33207729,16,4716,3,97,96,28,473
39577542,23,630,4,27,40,8,39
31098382,10,2501,3,83,60,1,52
47890966,5,563,2,1,21,2,14
27946039,3,2034,7,99,57,2,102
19910219,5,787,4,2,14,2,14
43384135,5,117,2,1,13,1,4
36353118,11,4972,6,8,273,16,52
16423318,14,2450,4,55,103,19,60
23981271,10,234,2,4,12,1,27
50865292,5,2690,3,114,143,14,19
51984057,5,1435,3,43,212,7,62
43282033,12,206,12,3,5,3,4
9819503,3,1032,4,274,87,1,42
16204789,15,11250,2,11,120,20,106
31287432,17,440,6,98,23,3,58
19057971,11,1153,4,7,25,3,33
26531141,9,428,2,3,5,9,11
24157550,5,215,0,2,11,3,11
47339176,5,164,0,1,10,1,4
2297619,20,3142,4,31,69,22,69
26999016,5,3579,18,74,182,9,25
850001,17,15260,24,673,834,59,4525
1127554,6,644,1,21,15,4,22
32386995,24,996,2,107,106,5,57
630894,25,18447,5,36,88,81,228
30688712,5,1462,4,43,126,10,29
1471496,12,3203,2,11,18,8,114
29227865,7,222,3,1,17,5,12
12055475,9,301,21,4,4,1,31
41921193,7,1715,4,1,20,4,3
52773620,5,205,0,2,11,2,4
53307990,6,173,2,2,2,1,2
13130861,5,5188,3,26,58,5,73
53434450,3,1905,1,1,7,10,11
19149495,4,1101,0,10,18,6,28
44932075,8,413,6,3,114,4,6
21810762,7,251,5,22,29,3,23
1477305,5,4551,20,240,329,36,174
29260244,17,4220,1,37,43,43,202
7405764,14,19069,5,218,160,101,215
3944523,5,4538,10,48,70,11,98
41601382,7,2153,25,9,261,3,82
2428679,8,2518,1,17,12,6,64
51623885,10,827,11,2,20,3,26
50510200,12,153,7,2,5,3,6
18790605,8,340,4,125,120,3,35
53824551,3,281,30,6,41,1,4
32474501,9,12747,8,44,161,9,44
566564,2,32924,1,174,667,55,227
21608832,4,3948,2,6,14,4,28
37629513,4,1610,3,4,39,9,33
19917519,5,328,3,27,38,3,10
286083,26,43347,43,2346,457,146,2296
37063498,5,283,4,266,285,4,3
22746131,9,3817,0,3,34,12,85
45004008,10,2636,2,9,12,21,32
9517194,9,436,2,3,21,2,26
23373071,6,3795,2,8,31,13,54
17728667,4,668,4,9,35,6,34
31275529,18,11678,4,11,82,21,27
50591700,5,535,0,3,9,2,4
8905914,3,1063,0,38,47,5,29
2120975,17,482,6,70,57,1,69
31110487,3,1890,0,12,90,1,106
7898878,4,849,5,46,55,3,33
25117270,3,2723,2,1,8,3,94
45620527,7,473,2,42,33,6,28
14139371,8,5219,1,6,27,11,35
19854693,5,378,2,7,19,1,18
55877081,8,9061,2,29,117,29,22
25947725,10,924,0,4,24,3,25
7900755,20,7612,4,106,134,64,403
14045456,4,1220,2,3,105,18,16
28390368,13,4029,0,8,32,10,37
767298,11,612,4,8,28,4,24
6456536,9,2951,8,129,78,6,83
3280690,3,2079,2,2,14,1,17
12426373,8,914,6,15,50,8,40
41832352,10,1515,1,4,11,7,20
51892421,5,593,2,20,23,5,6
54823674,19,586,4,9,31,1,7
11594202,10,3379,2,65,75,3,55
41653069,5,248,4,165,183,4,3
55863639,3,219,10,27,155,1,1
32732355,4,193,2,1,5,4,7
56392337,9,618,2,2,8,2,6
17889706,7,143,3,116,124,2,12
45715839,9,206,5,2,19,3,86
15688797,4,180,7,258,275,3,38
2049190,7,4340,5,18,51,7,101
1650967,20,41507,29,94,158,25,819
17246739,12,519,2,5,7,1,17
40605550,6,8909,17,37,135,7,75
53305844,6,644,2,77,88,2,9
6815072,5,89,2,239,243,1,30
11087090,6,3807,12,43,109,1,108
20166074,10,407,2,3,7,1,25
52549168,3,1014,2,9,27,2,7
1294870,6,1548,3,7,37,13,50
7945624,17,2379,1,53,52,11,559
38171293,14,1840,0,12,21,22,85
14353653,6,2139,11,111,141,5,49
53944198,7,594,4,91,63,5,13
10332103,13,13310,3,28,96,45,150
41830349,5,256,4,273,290,4,6
12914375,8,327,21,3,4,2,15
2020579,20,5266,2,99,115,13,346
24041273,6,3843,48,233,373,9,243
34278884,15,178,4,4,8,10,11
17031556,12,2221,2,3,13,1,23
7066108,1,1474,0,2,13,4,16
40924515,5,274,4,80,96,4,6
1105095,7,1097,4,28,39,3,57
38742778,7,1186,2,2,14,4,11
848303,12,2224,45,537,418,3,806
49098328,12,1319,2,27,39,3,6
32070078,4,138,2,1,9,1,7
348710,22,6461,2,19,62,20,219
9662055,5,3062,13,12,17,7,67
53432738,10,197,2,2,4,1,4
13157878,6,624,7,904,915,8,52
12884591,5,1074,4,181,181,2,40
40341217,6,1530,2,9,23,3,13
20291651,9,5670,4,422,37,27,254
54051832,2,2933,1,4,36,19,80
39221601,15,180,3,22,14,3,30
50028709,9,1460,0,2,14,7,16
55644923,15,978,0,17,49,9,6
41858534,1,1486,0,5,8,6,11
43249541,6,304,24,31,42,1,6
34212369,12,1678,3,63,62,11,208
45377937,10,2899,3,52,68,9,16
12399349,6,1420,4,9,46,8,32
30201817,31,2424,2,329,589,36,171
2520218,5,1071,1,1,21,4,22
14445458,12,1275,4,2,24,9,25
3459290,6,1050,4,224,239,3,59
39434784,7,1559,0,3,13,3,22
21040639,8,660,9,1,75,5,18
12528311,4,5160,1,33,57,7,101
3630813,4,2655,4,8,36,4,31
22227265,15,2315,4,1,23,6,34
46903219,12,14218,1,2,26,12,25
30297006,4,445,40,29,28,3,16
28090455,11,1867,0,9,15,8,48
33808011,12,3547,1,24,17,38,229
26911399,8,2607,6,5,17,2,28
244944,3,5228,6,549,120,9,314
4499489,8,5500,4,62,98,8,53
52605712,2,1051,1,1,8,3,23
35537544,5,3449,4,31,136,7,16
9407570,17,2091,0,12,25,13,49
6493982,3,3388,0,11,36,4,82
33928150,14,846,1,5,14,6,16
31644811,4,1202,1,8,18,8,26
45630194,6,1120,4,8,14,7,7
4217424,5,19222,14,298,515,36,761
19846274,10,1181,12,169,243,4,33
1411489,2,1938,0,7,20,8,122
1540273,13,4015,1,44,55,2,82
25516614,7,625,2,7,8,2,53
21826649,12,3616,2,15,30,11,203
14575416,8,421,5,22,31,13,44
1950191,16,3780,3,18,25,4,120
44397606,8,2148,2,5,14,8,33
42757829,5,136,2,22,26,3,5
18040894,10,336,1,4,4,2,21
40187,1,9575,3,113,92,3,217
31498333,5,479,2,4,7,3,16
26977037,7,3960,6,115,126,9,31
28468785,5,76,3,14,24,1,8
44427539,8,414,3,2,6,4,3
55673788,3,1072,0,3,8,2,6
3927257,1,4446,0,7,122,2,20
22112840,21,47163,23,7682,472,65,3847
42916227,3,1266,2,4,14,2,42
22427736,10,3633,4,132,139,5,373
11824667,15,2787,2,9,34,4,101
39648993,6,922,1,15,16,5,27
1981369,13,11335,4,139,54,26,604
25256162,13,1221,4,4,13,5,22
19100377,18,511,3,8,16,9,112
34831176,14,467,2,16,17,2,12
2739405,15,1598,5,123,104,1,124
45000174,8,10154,3,61,163,33,920
46835683,14,793,2,18,23,8,134
3850274,7,2421,3,6,24,2,87
55307191,5,1016,0,79,148,28,107
18412265,11,2556,0,29,53,7,86
5588820,7,1409,2,13,16,11,25
34140414,9,1756,4,33,34,6,54
26044101,1,350,13,5,64,1,8
52288516,6,481,3,102,224,3,12
1243828,7,2075,6,56,68,11,70
760424,7,2245,0,328,364,4,123
25734043,4,712,10,681,632,6,24
49744674,6,959,0,55,12,1,7
7768759,22,3776,2,157,231,9,109
31785492,9,326,15,42,197,70,129
19149456,9,957,3,5,10,1,15
54979575,13,1487,0,1,18,6,28
1518345,7,541,3,55,60,1,49
25398295,11,448,2,15,16,1,75
10043989,2,2621,2,68,87,6,189
39575784,4,618,3,3,11,1,12
55324984,7,2484,0,7,14,5,9
20400060,29,830,2,110,109,10,92
20647444,11,5973,2,14,128,2,446
18693977,8,204,4,72,86,1,40
4596245,11,370,2,1,9,4,38
41257608,12,1043,3,689,646,19,32
25086026,4,2990,8,155,25,3,32
20962961,5,333,5,33,43,3,9
22609992,9,449,2,2,7,1,13
24844034,16,3735,4,61,85,14,42
94948,7,6344,14,447,307,17,150
40256312,11,721,6,3,149,7,11
989428,20,11095,21,401,358,22,464
24435675,10,736,8,4,11,6,20
25492329,6,1017,3,71,118,3,39
27191633,9,250,3,4,9,1,12
8534660,8,1951,4,71,53,2,121
3138929,7,959,3,13,94,3,90
42151285,7,6078,3,5,31,3,44
53282842,5,220,0,1,12,1,3
39458045,9,3574,2,37,52,10,175
6718471,18,2287,3,48,33,11,70
7689046,3,2207,3,157,203,12,77
50105116,4,3675,0,2,3,4,42
52341194,11,757,3,33,49,1,4
2632847,26,7962,3,65,90,44,310
50041968,11,759,2,7,16,3,15
11196914,5,2325,2,22,48,4,68
1327157,14,3032,5,13,27,7,94
26814626,19,3888,0,20,25,14,54
11559225,9,1803,4,5,32,6,43
33901302,6,1499,20,6,5,2,34
22000093,5,286,3,87,99,2,6
56578149,7,210,1,1,6,3,1
7440733,12,3084,3,6,30,14,69
15247819,10,2864,2,10,177,1,44
19067260,6,6939,8,145,285,8,47
38057558,4,248,16,182,242,1,56
1458972,15,4472,0,34,62,6,110
8354876,16,4270,4,222,406,18,175
32713768,13,10398,1,184,143,63,480
55312032,4,6597,2,81,32,5,16
46404348,12,2943,4,61,98,8,33
35004824,13,1506,5,3,25,8,24
28286095,15,2225,4,13,32,10,46
47375364,5,1348,1,8,26,4,7
40292709,6,314,2,276,293,2,3
36920427,5,308,4,296,311,4,3
28858815,4,156,3,4,14,2,10
35989674,6,3592,14,91,150,12,124
547516,18,1912,2,14,30,16,68
9294378,2,1226,3,41,62,8,23
4132250,3,1644,4,75,164,3,31
30728275,11,2421,2,5,24,15,38
6370184,10,9560,5,110,197,20,249
32116424,7,454,2,2,12,1,8
4457595,4,1038,0,4,11,3,29
52917511,18,1273,4,3,22,2,25
32911824,6,330,3,79,88,3,12
5503831,2,6013,0,20,24,2,70
23531664,6,272,0,1,5,3,6
39270841,7,1305,0,7,14,10,63
48521948,6,387,2,1,13,1,4
1361201,15,4709,5,50,41,12,125
41228517,9,91,3,6,9,3,11
40074377,10,186,1,3,5,1,14
15979914,28,4079,1,51,96,16,156
9611798,7,1200,8,3,6,3,45
4838185,14,11660,9,177,210,19,109
35353762,14,3917,2,137,101,17,439
12936708,9,5710,30,31,35,10,330
41985472,5,381,2,2,14,1,4
31665644,44,73125,63,3981,1613,203,7717
49940560,15,1014,4,18,7,11,25
3630668,12,3223,17,188,161,4,451
983582,18,6038,8,120,116,19,630
27678357,16,3996,5,10,27,22,90
42127892,7,262,3,3,12,3,12
51285353,8,1274,2,60,110,2,42
19756527,11,4025,1,8,54,33,92
27802465,5,1769,0,5,25,1,16
28954658,28,2233,4,40,37,7,365
32809229,5,165,5,39,36,2,6
1927834,10,5402,1,12,14,28,104
22452006,8,246,2,54,1695,4,14
50753169,5,250,12,3,40,34,56
43627263,12,375,1,12,32,3,41
425650,21,14887,4,211,193,40,267
41760029,13,5000,4,79,158,34,455
28388375,6,113,5,4,15,2,12
51100942,2,799,4,1,65,5,22
18862294,10,619,7,100,133,10,34
46594704,7,661,17,4,12,6,7
1449823,7,3027,3,22,48,10,72
53477900,4,85,0,1,9,1,2
45582069,11,695,7,245,676,5,8
5811966,10,1866,6,90,122,4,141
1102997,4,1517,0,2,11,5,77
6144733,12,2945,8,35,65,17,97
5516509,8,725,6,12,32,3,19
13464822,5,136,1,1,4,3,19
1844256,8,323,2,9,7,2,37
41708619,6,289,2,74,91,2,3
55686468,3,943,5,39,246,5,44
2010174,20,54590,11,90,162,129,2240
11157754,5,901,0,14,35,1,80
33141577,4,2405,15,87,300,110,319
34753033,1,456,13,4,8,3,4
606754,21,2919,1,238,51,16,117
21667682,6,461,3,47,59,3,8
9589634,2,1435,2,79,142,2,18
11423324,5,955,4,22,67,1,40
45613148,15,1655,2,54,64,15,84
34266828,14,4305,0,7,24,10,28
6299774,8,2609,4,324,72,14,85
6145112,10,811,4,50,33,3,162
20793637,6,2868,2,2,25,1,112
5746050,9,1010,3,5,10,1,53
11423900,2,5869,0,6,30,22,136
5135442,6,2838,2,19,19,2,38
952277,3,735,6,1,7,1,13
45458015,4,557,0,14,21,1,2
36181330,4,394,6,40,64,3,11
25238274,9,298,4,185,200,2,69
2922806,6,1214,4,19,39,2,120
37410964,9,1644,0,6,18,5,13
38733863,11,18329,9,3,50,26,57
1638092,17,2973,5,21,115,2,837
28188717,3,451,2,2,10,4,7
3005475,12,3877,4,125,241,94,1789
4123123,2,3011,0,25,53,6,59
759319,19,2859,4,41,108,35,245
39712630,5,277,2,1,13,2,4
38234601,5,425,2,2,4,2,18
54414912,6,1024,4,2,10,6,1
33818444,5,1761,2,31,20,12,19
19831164,5,190,2,54,62,2,9
39241060,10,152,2,1,3,2,11
451231,20,7744,2,361,278,21,189
46676125,7,1397,7,66,75,4,43
55275127,10,1891,1,47,69,13,60
12980728,27,7636,4,35,77,34,139
32925140,5,3108,4,85,145,9,34
67651,8,8152,7,161,265,7,166
2634415,2,1196,1,5,4,3,55
21079126,10,8094,0,97,142,14,78
49377821,19,2440,0,103,126,24,42
30779652,9,257,2,140,193,1,6
24700241,6,164,3,191,190,1,17
48291995,11,312,2,5,22,8,31
7392043,10,1224,3,7,30,5,51
27241478,7,113,3,2,4,3,9
44950557,20,582,2,4,20,3,14
36075052,5,247,4,107,126,4,3
13554509,9,1144,2,5,19,1,25
47676772,7,18945,1,29,120,64,238
221182,29,9940,4,207,206,84,555
5221320,29,1862,6,97,91,4,103
348292,33,27649,8,356,377,52,1617
47956355,14,217,3,6,14,1,19
5453235,14,2268,2,147,155,4,47
34044957,5,880,2,10,20,3,7
31637715,4,1789,3,9,11,6,13
7409323,3,17651,274,288,612,4,100
13753603,6,235,2,21,30,2,12
1452912,20,9190,4,56,84,19,313
44887473,1,436,13,46,78,3,7
3060641,3,1473,1,8,32,17,55
48172057,5,2733,1,26,17,11,48
12582431,6,6581,2,15,56,30,364
5826344,7,368,2,2,17,1,19
41681827,4,1587,9,134,142,5,19
38485440,5,95,10,164,171,2,10
30113319,7,1184,1,10,14,5,17
44149321,1,313,13,21,63,2,6
18919139,6,184,2,2,4,2,13
32786844,7,2375,5,45,96,7,26
40699014,6,370,4,4,23,2,6
8819688,4,1059,1,1,15,1,40
15195415,1,248,0,40,71,2,41
42318707,16,1610,1,10,60,10,56
230401,5,23753,2,158,101,22,690
15467903,7,241,8,250,267,4,45
24170299,9,3034,1,36,88,13,79
11515546,15,985,3,20,18,1,41
152472,14,4392,10,227,95,8,191
3455640,13,1455,2,65,39,3,56
43380157,5,333,5,564,580,2,14
29815724,5,289,0,2,21,1,8
31262365,24,2875,0,5,96,16,39
39777385,5,1056,3,58,84,1,18
47263140,5,2520,0,72,120,7,22
17143567,9,1266,9,168,191,10,49
47741146,6,398,1,2,27,10,4
33756744,7,477,0,1,13,1,5
44447427,11,662,1,53,64,1,19
41092919,5,254,4,324,342,4,6
36719098,7,1508,3,12,14,1,42
18924972,1,5627,1,15,15,9,83
29333592,5,479,2,2,11,2,12
33188308,4,290,12,3,30,1,48
347674,12,15060,11,179,208,10,540
40994587,7,972,0,9,12,5,18
18984451,8,8351,0,4,66,21,47
2472783,3,6176,3,59,46,3,100
42379585,16,421,1,9,11,2,23
27925997,10,588,2,6,13,11,69
28870123,6,210,2,2,25,3,17
132245,2,2384,3,84,103,7,43
2896692,10,3065,2,180,166,13,136
22321627,5,158,3,2,4,2,6
26084486,5,1312,17,23,48,1,14
36307671,5,274,4,83,101,4,5
42878956,7,217,0,1,11,2,2
15699744,5,3878,1,11,30,1,32
759917,5,2086,3,186,84,5,601
7269900,7,1706,1,163,128,12,73
30227989,8,2385,6,9,109,9,23
5984143,6,1943,3,28,42,9,65
19000064,14,1134,18,7,21,1,26
23063987,21,287,2,5,15,1,20
15599603,11,690,1,5,13,10,33
28632,24,51812,19,2199,667,172,5386
30093058,5,1180,7,53,229,3,37
18499165,8,582,0,2,8,1,13
47147969,5,2721,1,5,37,27,15
1552124,20,8150,5,11,47,8,235
45600103,6,329,5,3,13,6,7
46571150,5,3218,3,42,48,19,64
32872088,9,2870,1,4,24,1,33
1769737,4,7810,3,38,118,12,373
7628415,8,1106,2,82,28,7,36
1472296,4,3206,2,21,92,5,51
16897427,6,102,4,131,156,2,19
2008098,3,2483,6,3,6,1,37
51669102,2,567,34,13,11,4,6
38734106,6,244,2,416,434,2,5
32554980,11,665,8,4,70,5,19
12072673,12,1130,2,10,17,3,36
239502,16,15515,23,397,338,34,298
4922205,17,2322,3,6,28,14,146
4280442,11,710,1,5,17,5,35
2756370,6,4339,3,25,27,2,66
858762,5,5668,5,125,158,3,60
22146977,19,1674,2,10,25,27,43
35210188,10,917,3,10,21,1,22
46764151,12,519,2,8,13,4,18
55188104,4,203,1,12,6,1,3
26384249,10,465,2,2,9,2,14
29900781,10,5772,0,3,36,8,22
3549550,6,8273,19,107,105,8,249
37555546,11,454,3,9,14,2,5
12196830,7,1987,5,4,45,4,42
20266466,5,255,3,6,9,1,7
29240738,4,1024,7,2,50,4,10
43889842,7,152,2,2,13,2,6
45719026,13,946,3,8,17,3,9
15810846,5,187,7,330,345,3,35
5874167,5,2650,3,15,17,2,67
21845196,8,508,5,25,40,2,40
5136738,10,745,3,3,5,2,51
51910805,11,1239,1,50,61,8,13
138208,3,2312,2,13,114,6,45
45388315,6,2997,4,5,8,4,28
42838956,6,1778,6,10,41,15,120
23134662,7,1334,5,18,10,1,12
6682088,11,1926,4,29,25,2,73
40934822,5,115,2,2,15,1,5
17533108,7,732,2,4,16,3,12
31106,15,13124,7,231,139,12,655
56124342,6,1336,9,3,29,7,12
22258425,13,1600,0,5,21,9,19
105629,24,17170,26,601,251,40,1006
29188474,6,280,7,5,18,1,8
55155940,4,6706,1,176,179,13,38
495353,3,17703,3,167,170,4,153
39508918,19,2229,4,10,26,12,19
53283788,5,3429,4,3,79,21,47
5571227,13,676,3,12,13,6,36
22871941,10,4659,5,79,70,5,33
50618784,8,568,3,8,16,2,17
20915825,6,950,1,9,16,9,52
12693819,3,3437,0,12,30,6,95
53136711,12,5820,16,17,70,13,28
2849297,16,9840,6,246,56,21,1183
43133850,10,1877,5,3,11,6,38
53487679,3,215,4,1,10,6,3
36579038,8,291,2,10,5,1,16
50904583,6,3180,2,2,15,17,19
27255820,3,1684,2,22,11,1,33
14550266,4,325,0,4,14,3,12
44977371,7,399,1,27,55,4,13
29838586,1,234,6,6,28,1,18
27307602,5,159,3,4,15,2,13
37224718,4,556,0,36,78,1,13
55117596,11,1601,4,3,21,6,2
7762408,3,1646,1,70,59,1,23
31200227,3,222,2,49,114,1,13
4211844,6,5352,2,6,43,8,273
56506906,9,5333,2,4,27,18,96
48301578,5,165,0,2,12,2,5
31201023,5,2464,4,11,40,14,108
17526432,7,978,0,10,21,3,172
48017257,7,1871,1,8,21,17,87
45152433,9,1034,6,4,77,6,17
651589,19,8844,9,29,52,23,1256
56507156,12,497,4,6,12,4,4
7797671,10,1633,2,9,25,4,60
5445533,14,634,3,23,36,4,31
34128929,11,1270,10,77,57,6,53
2298823,21,2144,4,25,57,7,157
7197000,5,5574,8,871,204,16,116
945421,6,1542,10,186,142,4,158
2267004,5,2031,6,8,22,4,30
3244731,13,46154,4,19,459,9,3539
1232932,5,2738,0,25,20,13,94
35861404,8,445,2,2,9,2,9
29045104,6,157,6,70,86,2,4
876930,45,25719,2,149,205,133,1596
13730424,9,1197,4,169,419,5,21
31368675,28,2923,8,7,513,16,65
32400177,7,757,5,5,16,2,13
17217921,6,360,2,79,58,1,12
54765269,6,135,1,4,2,7,14
17184234,6,103,3,128,153,2,16
1939910,15,5313,7,101,118,20,511
50580702,1,1213,2,250,246,4,5
22050666,11,1760,0,24,39,4,18
2215778,2,1091,1,418,414,2,54
53566450,11,664,1,37,64,3,7
46546514,12,1060,3,14,19,3,23
37165415,4,369,2,173,192,1,20
429135,25,13532,4,52,63,20,563
17247018,5,585,3,122,141,1,11
484593,5,4029,2,192,172,15,109
30318128,2,695,2,2,7,1,11
32689947,5,216,2,52,70,1,7
24763042,12,1123,5,8,20,10,36
12884077,10,2513,3,12,27,8,176
25936514,5,128,4,76,77,2,12
1744094,8,2218,3,79,92,2,36
34060285,11,4012,2,24,63,33,108
33556964,9,90,1,3,4,2,13
894602,5,1892,5,26,57,1,34
790106,11,14657,6,19,79,19,348
40904933,6,572,21,16,78,1,29
19829359,5,311,4,32,42,3,12
3125376,13,3802,9,56,75,7,242
40244473,4,2486,5,433,128,5,70
15389093,8,4853,5,21,206,2,41
2896169,7,276,2,121,119,2,31
50605384,8,3058,1,4,11,10,56
52006084,10,238,0,7,5,1,9
7609590,16,6683,4,4,39,3,87
56502317,5,370,0,21,25,2,2
13649598,8,102,4,95,114,6,28
468777,7,1053,4,136,47,5,146
507785,5,10544,21,441,239,71,232
6566329,11,377,2,19,50,4,69
41142809,5,310,4,166,182,4,5
49668762,6,219,2,26,24,2,3
3481936,10,2552,0,4,18,9,19
38384420,4,306,1,102,85,2,14
34576451,11,502,3,22,25,8,14
3434634,19,4479,3,10,26,9,86
1675278,11,5754,2,28,50,9,94
50660023,14,470,1,4,15,7,9
21666213,6,436,5,45,58,3,8
23398900,8,2132,3,10,25,3,16
41751410,17,1708,3,4,14,8,25
54546731,4,298,2,68,72,2,3
44716753,4,597,16,236,328,1,11
28107738,3,3865,1,26,43,25,80
9895800,8,967,1,36,16,3,23
26199661,14,343,4,3,8,2,18
30852528,9,1619,10,1,70,5,13
3684795,5,4989,48,103,1028,44,249
15383883,9,1398,2,2,9,3,31
17472207,3,233,0,201,219,1,26
56028152,1,770,0,24,61,4,4
47371466,5,216,0,1,5,3,6
15727879,7,5194,1,98,297,12,69
31869514,4,2490,4,4,66,4,18
7633878,19,8791,8,54,112,58,535
48431361,11,235,6,2,8,2,5
2349417,12,921,3,6,10,3,41
37773603,11,414,1,4,10,5,4
526010,16,3169,2,43,32,23,62
26725671,6,1194,5,3,30,9,19
44433372,4,6132,3,9,51,19,133
11953107,9,1099,2,3,25,3,34
12535002,2,1159,10,7,23,3,33
11324819,10,1288,2,2,19,1,23
1186176,6,877,1,116,18,3,66
8491077,6,1861,22,572,679,4,33
43073294,5,427,2,47,54,6,7
16522101,10,1476,5,4,20,3,53
23655003,6,79,1,2,10,1,5
26194461,5,450,3,2,10,2,20
52734649,3,6362,53,2,617,254,431
32018546,4,1574,5,221,232,5,53
24673764,6,671,4,38,59,7,19
3172266,2,2654,0,3,28,13,91
36036405,6,457,2,3,15,2,16
4441364,25,8759,4,2,45,55,158
37863719,8,625,2,3,23,7,11
2566053,9,4485,7,87,124,13,113
20410459,12,651,2,2,12,2,15
54638711,3,329,9,1,3,4,18
25270883,10,2741,2,10,30,24,149
46407530,4,4003,2,3,31,11,30
36799725,5,3473,0,24,54,8,30
55317386,13,2259,2,17,76,21,88
8718013,16,3600,2,23,76,17,365
53906087,6,194,2,1,13,1,5
52627959,4,227,2,2,5,2,3
19898892,5,273,5,42,51,2,6
42038058,31,1083,2,25,47,10,95
29908557,10,4476,0,29,46,12,107
12977142,9,2272,4,22,42,7,115
8178843,5,6665,5,3,68,2,40
35979790,5,260,4,189,202,4,3
41129558,15,48153,17,59,342,36,57
46566167,5,2997,0,2,22,7,20
3537713,11,5250,3,169,210,3,49
27424788,5,346,9,1,1,1,26
1017769,6,3282,10,269,271,5,110
892426,16,3991,0,163,137,26,396
36227004,4,106,9,11,15,1,4
41963391,5,377,2,4,12,2,18
43774321,11,2969,0,7,17,9,67
38675042,8,2129,2,46,54,2,24
42217583,17,2590,1,7,13,11,37
54476586,7,507,2,2,149,9,8
44139616,4,10028,5,4,26,10,15
22163753,15,72009,5,587,913,213,1357
36918402,5,2977,0,2,19,2,24
32280184,6,649,1,1,17,1,8
48692593,5,4961,0,1,3,5,15
37670102,4,287,16,4,80,1,26
40689672,8,278,2,99,107,3,4
1841402,10,3120,0,8,23,2,59
35074191,25,14468,6,55,98,25,151
4317442,11,1019,2,32,45,1,32
43948079,11,1520,0,7,24,1,27
38851733,13,996,0,44,63,9,19
2026126,6,8452,6,70,83,9,154
26883505,9,2419,2,59,69,10,55
22833742,2,3410,0,7,13,15,56
11325079,4,414,31,24,214,1,47
43302261,5,113,0,2,13,2,4
18056891,6,1654,5,7,157,2,34
31092839,6,2132,0,17,23,12,18
36217459,5,130,0,1,15,1,3
51413079,8,1628,1,5,11,12,121
26046263,10,167,3,269,292,4,10
47369493,5,3087,40,179,587,1,348
5990829,10,2820,5,29,58,7,128
4164702,22,3507,5,21,65,31,125
55415258,9,427,4,9,19,2,53
38443759,5,192,1,1,13,2,7
19012861,10,363,3,81,112,6,14
49705437,13,8609,1,10,48,14,18
35777199,5,88,5,87,102,2,7
30855048,16,6369,10,6,42,1,93
45683178,11,1152,31,3,11,5,18
20391040,6,642,2,2,21,1,15
43846068,12,3614,2,10,34,6,18
2568958,7,3511,4,6,33,7,86
31232003,3,3464,0,5,305,2,44
36687596,22,817,1,64,45,5,113
26627703,18,1252,4,68,44,3,114
8740507,3,1067,16,21,62,4,94
291984,43,5742,9,507,506,25,296
31623384,13,3527,3,17,7,5,60
28194126,6,33635,1,22,63,3,1235
2655329,20,726,6,63,16,5,94
17277123,15,1303,2,8,34,11,35
43304634,10,1140,0,4,22,1,16
31249351,6,3226,4,1,19,3,7
15290626,7,1176,5,185,34,4,38
12681524,7,1648,0,78,105,1,19
1520573,9,3407,2,12,21,16,45
36562415,7,288,2,167,174,2,5
8219421,8,1584,0,25,30,6,104
7152699,10,755,3,28,42,1,46
30298314,5,380,2,8,12,2,12
1727283,11,1508,3,11,12,6,128
12549595,8,193,2,3,26,9,26
5241302,8,5044,3,119,296,21,138
47588660,14,958,0,29,98,4,26
40343760,8,6452,4,19,27,6,161
31214009,5,365,18,493,575,1,36
20501321,10,3166,8,31,30,10,37
46320063,9,2979,24,108,94,12,171
1469194,10,1953,12,71,158,6,103
21955910,10,474,4,2,7,1,32
29111512,10,1280,3,1,22,14,49
38861535,5,664,16,68,210,3,14
25412480,10,362,1,12,9,6,19
418268,4,2512,4,197,273,3,49
3114337,12,3545,2,8,33,16,187
9073622,9,1602,2,11,31,5,38
439295,9,1289,3,146,343,11,167
40436495,3,825,37,15,11,1,38
38711238,5,332,1,11,38,2,39
36336700,5,281,4,427,457,4,4
23595351,5,1629,3,26,33,6,20
39291382,6,934,0,9,17,4,14
27896181,12,10334,5,98,109,8,64
427025,11,8035,15,180,399,15,244
23588179,6,705,0,124,145,6,22
49343689,6,571,1,7,16,6,9
47957127,5,3934,1,2,9,13,50
14691507,3,3219,5,315,252,29,119
3817892,12,3780,6,148,82,8,143
31059338,12,2690,3,27,101,1,24
51852004,2,1550,0,6,2,22,53
47685547,2,4647,1,8,17,8,26
9149957,7,6111,0,34,43,27,180
25456727,6,182,0,2,15,1,7
49748211,8,3125,5,60,76,16,28
6063427,8,1006,8,12,112,5,30
24569338,6,4282,3,34,45,2,26
35236721,3,211,2,3,7,1,18
34615647,10,892,3,13,71,6,34
14549166,18,920,2,46,64,1,42
9648367,8,1031,7,10,167,3,35
21158400,5,337,5,24,35,2,7
7972592,18,880,3,7,6,7,48
22493089,16,2594,0,15,53,8,35
47626128,1,840,0,38,25,1,71
21295977,7,2238,1,15,16,2,10
801776,7,15766,4,179,150,87,224
32766841,8,547,3,10,7,1,19
51566459,7,6622,1,1,9,11,32
26460819,8,1627,1,3,23,31,54
11456763,5,3382,3,36,46,5,152
32866211,7,2830,5,201,164,9,43
202168,20,19948,3,435,165,67,6824
1608724,10,5583,6,319,34,10,329
344462,16,23261,13,5134,319,28,3052
38438451,1,2972,2,4,59,16,53
4680907,12,3174,0,4,28,12,186
26184067,7,884,2,5,27,10,6
3928,9,5435,26,225,74,6,2042
50076511,8,820,2,2,17,4,14
32447735,6,273,6,1,53,6,17
11961216,20,937,4,84,84,4,49
4644002,8,9857,3,70,225,82,445
365245,42,39099,11,1182,402,73,1205
37556233,5,242,3,29,44,2,6
27934293,4,1106,6,17,936,5,74
28068911,10,1615,2,113,95,4,40
435428,7,1890,2,129,38,7,71
580387,17,2311,3,52,43,10,125
920468,23,13743,6,225,180,36,893
19149016,13,7922,1,48,74,10,197
1168100,8,4277,7,18,81,1,37
29237103,5,615,2,13,13,1,18
37355253,7,528,3,13,3,1,16
41985046,4,109,0,1,11,1,3
45059702,5,676,0,3,14,2,7
15656583,7,435,9,567,571,4,48
31837227,7,14222,6,153,265,12,131
2504380,7,2075,3,9,27,7,75
24783102,7,886,22,145,124,3,85
44344893,4,1094,2,1,25,1,4
13274172,14,2182,1,7,19,12,63
49263358,5,7079,8,41,73,19,66
56383219,16,2837,0,3,50,7,2
9621755,5,199,6,105,271,2,22
27736652,7,2644,3,7,35,11,26
12699597,12,400,4,33,39,1,61
50864202,6,878,20,174,115,1,38
26358313,11,4152,2,2,48,21,82
19957,12,10317,6,590,531,24,646
1214126,26,25793,11,206,252,255,1930
46286190,15,4632,0,31,56,13,86
33962973,5,125,4,6,15,2,7
26121408,7,1922,17,21,57,1,19
45579556,5,135,0,1,11,1,6
24048050,19,317,2,2,41,2,17
40919574,5,740,3,40,13,2,12
21708021,7,910,5,64,67,5,26
10174138,11,806,5,11,27,5,29
39780009,10,423,4,73,82,4,27
1606495,12,423,6,16,20,2,35
14625406,6,538,7,1,8,5,11
38023324,10,231,11,11,9,1,29
34377637,8,1092,0,2,26,4,14
6932095,9,3261,15,168,145,5,181
1253979,11,6618,16,287,254,9,275
22018423,10,1886,0,47,75,6,68
42595853,9,580,0,5,10,5,9
41092173,6,247,4,324,341,4,6
638076,4,753,6,86,75,3,60
1115399,6,1230,0,5,16,3,28
48047980,4,729,6,41,76,4,7
2003591,5,11718,2,92,115,19,263
36058948,6,461,3,2,18,4,3
1840795,5,3078,5,103,160,9,117
33012752,7,81,1,3,4,2,8
135359,4,7272,7,47,78,15,103
19581062,4,474,2,6,17,3,14
23789750,7,1451,2,5,7,2,19
47955245,1,486,0,5,8,5,7
2006845,22,60272,41,180,389,17,747
15441363,5,410,0,32,62,2,38
43382257,6,341,5,1,10,1,3
19353075,1,4755,0,294,854,2,127
15930508,5,169,7,514,531,3,34
3198742,14,5249,2,49,109,13,149
5686612,3,1793,0,415,59,3,349
54367412,9,639,4,36,60,3,4
22567163,6,5591,2,3,16,5,53
1489298,15,3064,0,32,39,17,216
16695158,1,1209,0,3,6,3,21
6480313,12,450,3,7,13,2,40
47173356,14,1403,6,2,3,1,12
5569789,9,631,5,343,342,3,22
32391125,15,492,2,9,16,2,18
55526643,7,234,34,4,5,1,1
22054874,10,4590,2,2,35,23,74
27237522,4,124,2,21,33,2,5
19200105,18,653,3,24,48,6,49
28195311,8,809,3,3,8,5,82
50454583,1,1235,2,244,240,4,6
20118456,9,3917,0,20,30,11,63
21562110,5,431,4,18,29,2,6
12169644,6,5954,6,59,64,11,68
6458186,5,10244,2,12,351,33,241
2388291,7,5692,8,12,200,1,101
28764489,11,1121,5,6,15,24,35
56533,11,21596,8,570,503,89,577
12350893,7,459,4,2,31,12,23
34349807,7,1423,0,6,15,1,48
51178617,4,1712,3,76,131,4,18
34628447,12,977,4,170,192,9,59
40532405,4,184,6,27,51,2,5
10788411,13,4944,2,45,36,16,100
33428127,10,1258,1,36,62,3,45
1129119,10,500,4,129,242,9,52
27965147,5,74,6,20,33,1,8
44046707,11,228,1,3,4,2,13
21021032,8,660,2,31,17,6,83
47263655,8,213,2,3,5,2,13
10043986,6,1631,2,2,17,2,41
12478382,8,623,5,12,17,2,13
1752306,23,5064,3,13,35,19,375
618849,7,1066,6,65,145,3,101
18977896,4,235,5,61,79,3,17
33629657,5,1032,12,209,369,9,14
38198079,9,1082,2,10,19,1,22
49344742,4,700,0,5,6,1,8
24603687,19,5520,5,1,33,12,49
36453137,5,282,3,3,13,2,4
14778577,14,1876,1,8,13,3,48
56409155,4,189,3,2,18,9,3
38348184,1,605,2,4,73,23,11
28854903,8,83,2,1101,1200,2,7
41826287,21,1580,2,30,34,12,181
47562947,4,11968,6,222,299,66,1531
54902960,5,879,2,80,140,5,9
1508321,7,2270,2,51,29,5,62
40283469,18,2559,3,13,16,12,25
26061,29,79117,98,25413,1353,173,5599
4658004,6,270,4,181,202,2,30
8419083,13,728,2,22,18,6,24
27120543,35,17908,13,80,240,99,1107
22052858,1,2949,0,3,8,7,81
24702718,17,11981,3,66,110,126,286
21549918,5,10922,66,80,328,20,185
18325342,8,457,23,3,6,3,20
52142737,4,467,27,4,162,1,9
43731504,6,1501,1,3,13,7,171
12439335,6,317,2,10,12,4,13
480754,28,37258,10,354,284,21,766
2005256,13,3190,0,46,31,20,224
15729149,8,325,21,3,4,2,13
18097683,7,748,1,23,50,4,26
10978883,5,1021,2,126,142,7,29
22485353,6,372,3,10,39,6,11
15325979,5,499,4,5,7,4,4
31935791,3,215,9,10,37,1,29
10978340,12,3961,4,1,13,3,40
12862518,12,678,4,480,422,21,145
19192369,6,2959,2,8,14,1,36
30584090,4,152,4,1,9,2,6
1138590,15,40821,21,198,224,34,1211
2789593,8,10166,2,240,468,2,142
21835119,12,1023,0,13,65,5,24
11534128,19,722,2,108,118,4,58
23995233,4,167,2,1,9,2,7
39828450,7,172,1,3,3,1,6
35654790,5,1552,2,4,41,21,129
2121589,32,8056,1,215,139,12,414
42064584,5,2013,0,2,12,3,11
19285737,7,1100,2,2,24,9,12
48596092,3,641,19,46,171,2,67
32018751,9,513,2,1,5,5,27
26890200,18,9998,24,311,348,19,430
36413629,10,106,3,4,13,1,6
1884025,4,2408,8,11,32,16,68
28225240,6,3029,10,26,26,10,108
21563298,3,174,1,3,22,9,53
32639002,7,102,0,2,123,2,13
866050,20,2819,7,64,47,16,91
2844974,10,9539,2,194,246,26,697
25016006,6,141,6,33,98,2,20
3671284,11,994,2,92,19,3,154
24094933,5,66,4,2,4,1,21
11150914,29,873,209,592,736,230,4183
30104759,8,501,5,7,19,3,35
9246149,8,1888,4,23,43,8,60
28051719,3,725,5,5,20,6,11
15557133,7,1137,7,81,90,7,44
24849028,9,816,3,2,15,4,22
1565467,13,2707,4,24,17,15,85
38556957,2,1547,0,1,18,5,18
46782867,11,629,3,5,12,1,12
55601739,6,638,2,1,18,2,4
38479160,14,1403,2,6,12,4,20
144811,25,5047,6,293,280,10,374
13039443,8,295,21,4,5,2,17
34254502,4,173,7,4,8,1,9
50747826,2,337,11,36,80,2,2
23828530,4,237,7,4,46,1,13
33557205,9,77,1,5,4,2,11
40193987,3,917,0,1,25,3,7
2645196,13,7613,6,76,82,6,96
53238538,5,794,2,1,29,9,4
43192439,3,5099,4,2,296,173,395
31924235,10,2284,2,8,20,22,66
33320626,8,1718,3,27,48,1,35
1337562,2,1773,1,2,9,11,59
3308518,8,2154,2,169,227,3,96
44417797,13,7213,6,5,46,17,93
21248541,5,1792,3,17,10,1,30
52490982,5,170,0,1,13,1,5
29550170,5,671,2,1,9,2,9
24473710,2,1915,0,2,14,1,21
47523615,20,16494,4,3,42,19,85
397608,7,6631,5,172,69,12,151
1717362,8,254,4,53,58,2,36
44231821,7,5088,0,71,90,20,24
213505,8,11227,2,32,84,19,1154
21561624,5,407,4,31,43,3,9
20784788,9,376,3,63,20,7,26
1217172,6,2532,3,41,97,1,96
81080,4,2376,1,8,26,5,68
23387033,5,229,4,6,11,2,10
6682794,9,219,2,11,5,1,12
12492611,10,1334,10,9,30,12,56
3009930,20,9046,0,66,92,22,136
24108001,37,591,5,116,136,5,91
16675338,5,12763,20,355,794,4,96
11544797,15,1931,0,6,34,11,90
21825327,7,274,5,17,23,3,28
1319130,9,1430,0,36,18,6,128
9912536,12,121,3,34,46,2,17
45333088,7,7638,1,1,36,9,131
11052957,7,2614,2,10,23,4,32
18886043,16,443,2,7,9,1,30
8383598,9,775,3,92,108,3,65
38880647,9,359,2,1,5,1,11
53204536,7,1413,2,2,11,3,15
15771453,11,1742,1,158,227,4,38
51106671,11,220,1,3,10,1,6
3174866,17,898,1,5,14,13,50
18920843,5,1892,3,108,103,1,29
39784712,5,499,9,196,209,3,16
19773834,6,2696,1,1,14,11,48
22031337,7,3617,4,10,41,15,67
53528343,5,630,1,13,17,1,2
29259689,5,443,1,6,12,2,8
21176841,17,18422,4,24,102,6,212
496060,24,3467,5,156,162,14,279
3765095,6,962,0,53,65,1,46
2297189,32,7327,3,141,154,25,753
2137311,6,3248,6,72,68,10,275
42601178,9,368,6,125,87,3,8
38326797,8,845,3,4,33,5,18
53560109,4,779,3,5,17,2,9
219366,27,5028,6,171,74,20,479
18813325,1,4580,0,2,7,1,39
1454675,8,5408,9,72,175,12,115
27290277,17,3143,0,11,28,10,58
23982659,6,269,2,2,8,1,15
21603660,11,2485,2,660,216,13,275
306586,18,9527,10,534,433,31,478
21015307,5,345,5,29,40,2,7
2960920,20,8171,8,108,100,36,215
1489377,2,7206,1,70,132,24,382
50977743,9,933,0,5,10,4,20
4052307,13,4062,2,41,60,14,113
19177335,3,1703,2,2,25,2,18
35571884,10,4489,0,2,31,19,70
22694997,13,288,2,3,13,2,38
14592464,8,267,21,3,6,1,15
25020555,4,784,4,43,95,1,32
4314964,5,1406,0,41,108,2,40
27760528,4,936,0,3,23,11,10
4203664,3,1254,4,75,150,2,29
41834204,7,750,1,1,26,1,2
21451794,12,158,2,7,11,1,23
7373779,8,1365,6,349,192,6,35
44064999,5,911,18,14,65,12,44
29963812,6,640,1,16,30,8,30
40730710,5,94,4,4,13,2,6
12759592,7,547,5,4,17,1,21
12357782,7,385,2,3,27,9,24
3731263,11,1719,3,30,33,8,62
27107970,6,674,2,247,776,5,24
7081711,9,745,7,7,20,4,18
25821985,6,1268,0,4,120,2,16
32133773,12,818,0,1,11,9,13
21916846,6,162,2,6,15,1,18
1102521,15,5548,4,54,26,6,224
11591368,8,505,5,42,16,1,36
1659930,11,999,3,67,47,13,85
13581248,13,1428,3,11,34,6,115
36456122,5,258,4,193,212,4,5
43063258,6,3212,248,181,186,5,19
55782747,7,192,17,376,434,1,5
46961089,5,669,2,3,11,6,22
39661318,14,767,6,11,18,6,17
13087934,15,3409,4,10,36,8,69
7878011,5,6601,9,546,317,5,127
24217073,8,313,4,148,149,1,32
4248526,9,17178,1,8,14,5,119
20019277,7,16117,5,176,196,5,82
27230386,1,630,0,47,61,4,14
35550838,5,165,2,2,14,2,6
42817312,5,160,1,1,11,2,3
29300680,14,920,1,5,24,1,21
18768286,17,992,2,179,88,12,111
13132026,4,506,1,2,12,11,9
6716015,7,636,4,72,85,3,43
7487495,4,786,3,88,97,3,22
234732,4,765,0,7,20,2,34
12266069,11,1240,2,8,18,2,37
33542888,8,1027,0,34,244,46,59
26585826,11,9949,7,65,151,51,76
11892058,6,1659,1,3,7,8,42
30778815,6,2091,8,45,203,12,19
8580672,13,2517,4,6,32,3,76
32197967,10,461,3,4,9,6,30
13163170,26,244,3,9,17,2,60
14281799,5,1483,2,188,94,27,13
13254650,6,1245,0,9,19,7,55
391081,15,8883,8,171,132,37,287
13397119,9,1863,5,17,30,5,86
34564974,12,1750,2,1,17,2,11
21318988,6,1526,1,9,12,3,27
36548514,7,95,3,142,150,1,13
2883114,34,11924,5,259,119,45,388
45018871,5,133,0,1,11,1,3
43075314,13,812,4,54,68,3,15
14695230,6,232,2,30,39,2,11
274851,26,48391,51,342,395,121,2013
26130891,12,1191,9,36,48,2,19
21300617,12,663,4,30,41,5,29
1618408,4,477,0,1,12,1,21
40235164,8,1099,1,8,13,14,27
774228,23,3350,13,479,477,12,139
329348,6,3216,12,158,80,12,151
19758271,5,8164,0,45,118,3,220
22655807,12,2898,5,15,11,6,50
14902005,7,1090,0,12,15,6,27
20101464,13,2597,2,5,16,2,44
20749510,14,224,5,6,7,1,21
49381870,4,159,0,3,12,2,4
21732512,6,400,4,43,57,3,9
55129053,3,1373,10,11,78,4,11
49801433,3,1505,1,2,18,4,32
11592171,10,99,6,29,50,6,25
50935610,11,632,2,12,29,1,10
44146158,2,1657,2,2,113,9,16
25064496,7,2282,0,9,23,4,20
38052994,8,5264,0,10,49,55,52
27995900,5,4268,6,4,64,6,22
8341276,3,2213,0,78,98,1,48
31845535,7,411,3,6,11,2,32
30299,28,58068,15,957,634,147,7618
1387166,10,3786,3,119,153,28,302
9946508,9,2864,0,79,135,2,74
3355068,3,802,2,5,25,1,32
22866181,9,157,1,8,10,7,19
6328331,14,543,6,59,86,1,47
24650716,11,1487,3,13,70,11,39
28348495,8,819,6,98,181,3,17
132346,4,2355,3,72,92,7,37
49913151,7,6635,3,4,61,13,39
8598619,7,1611,4,12,22,2,68
39018841,2,1052,0,1,7,7,14
47127467,5,7413,46,24,503,112,399
3301444,13,7742,6,90,123,50,381
31380298,5,2666,1,14,28,5,10
2100146,22,2146,4,16,17,11,54
929631,4,16972,12,94,113,31,829
1783236,13,1090,5,103,127,4,35
53627366,4,97,1,1,10,1,3
24363933,9,547,4,3,8,3,16
31658017,4,309,13,4,55,1,22
26221173,15,777,2,9,18,1,23
19035061,5,327,5,23,30,3,7
47660509,6,454,0,4,6,3,4
12346914,3,3004,2,13,52,1,67
15278236,1,918,0,196,259,2,35
37238231,8,961,17,10,33,3,10
27879559,8,486,6,71,76,5,13
12241224,7,3134,5,34,52,8,44
34350737,7,3533,6,7,39,12,79
3827767,4,8420,6,651,169,11,496
11461598,8,989,1,31,31,10,92
47454004,10,1640,3,17,22,11,54
31756337,6,245,3,2,19,5,8
560764,7,184,2,2,8,1,21
12470707,3,1594,1,10,23,8,40
1920407,6,3434,7,65,70,7,120
23441911,17,1839,2,23,40,7,128
30624139,4,3908,11,54,88,15,74
7713289,5,287,2,4,5,4,29
26096105,15,1392,3,282,79,9,134
44730961,4,1156,0,185,221,1,5
15590196,9,499,7,202,217,6,39
22518667,6,3814,4,5,46,5,30
16909049,7,1045,3,35,8,6,34
53782808,4,190,1,25,51,2,4
1898177,8,1045,3,17,44,4,63
52282381,5,170,0,3,4,2,3
15101082,3,1782,0,3,8,3,32
1969889,5,3798,1,2,28,25,345
27328060,20,3298,2,17,18,6,112
11769701,11,869,0,18,22,6,40
1922894,27,6009,5,52,79,19,105
46409927,6,653,4,16,22,3,13
16437000,5,686,4,1378,685,2,18
21668805,5,363,4,48,58,3,24
37828955,17,3245,1,57,59,22,77
763877,8,1715,3,6,21,12,67
36152986,8,4200,0,4,34,5,34
2469727,2,2426,1,13,29,6,73
1208538,10,3509,0,31,50,1,73
649572,29,2824,2,174,178,10,121
25357542,7,2251,4,33,55,4,32
4356682,11,15843,2,26,376,7,305
13648662,14,675,5,11,16,4,32
41508250,5,3808,0,4,34,31,112
32159099,8,4342,18,2,22,5,19
46644039,15,5670,1,76,79,32,356
31934063,8,430,0,15,12,3,12
19021138,5,332,4,12,22,3,12
11929528,9,96,5,22,49,5,31
7169644,8,416,4,1,6,1,16
1191972,25,10389,6,328,232,61,1286
35751459,10,332,3,83,92,3,25
12977462,8,26970,2,52,50,33,87
16765787,4,798,4,10,21,4,29
46569630,8,5974,2,6,49,6,85
19812348,4,291,10,30,75,1,19
34661898,10,397,3,2,9,2,11
1957802,12,2522,8,7,30,7,109
44149570,10,828,5,5,10,1,4
36999367,6,225,4,229,241,4,4
18834347,6,206,5,65,72,2,20
55794560,17,1731,0,47,65,4,5
36114450,10,703,1,3,16,4,6
2450904,10,2566,4,309,30,3,105
12140134,7,954,3,142,112,1,166
33406532,6,4484,3,4,17,3,30
4898152,6,917,3,23,10,2,125
12695923,6,903,4,2,19,1,16
8389387,18,5846,3,109,157,39,111
837215,16,3137,6,90,78,14,83
27394169,4,154,3,143,156,2,15
43070186,4,3450,1,4,130,3,20
5724920,4,572,14,35,55,7,63
22623843,6,879,2,6,4,3,32
4334441,18,16066,8,44,76,29,351
3983303,7,15772,2,621,191,32,341
44038632,5,140,1,3,13,1,14
55850583,7,827,3,1,7,14,13
28025201,5,86,2,75,87,1,12
20121219,5,413,3,2,31,3,8
18143342,5,308,4,35,44,3,10
52919118,7,1348,0,1,12,2,5
743568,7,1144,2,113,127,4,38
25849442,10,649,1,3,13,8,24
13873121,9,1293,4,17,51,7,73
3152572,10,4654,2,89,79,3,244
13116842,11,4384,2,140,174,17,78
19395246,16,862,3,73,62,7,52
30010897,6,7053,1,9,23,2,83
2713202,11,2209,4,86,396,24,78
2799663,8,6328,7,87,107,17,103
26619635,3,754,3,3,18,15,12
1286381,17,5283,1,632,631,22,498
16701837,11,300,3,136,171,3,15
13376088,6,167,4,38,74,4,19
23795680,6,181,0,4,3,1,6
51227685,5,2793,2,1,13,8,29
2989256,5,2861,2,3,14,2,63
51708947,3,6433,6,1,30,9,22
44847176,9,173,1,2,4,2,6
21816747,13,1105,0,7,19,3,33
12374619,11,495,8,178,144,1,75
44901389,13,809,1,115,139,6,11
29570090,3,5886,5,88,236,15,22
4632649,9,1956,3,21,19,2,65
41953353,2,5792,0,4,31,6,43
13725545,15,4470,0,22,42,5,137
308193,45,30514,11,680,384,164,5366
7755689,9,260,3,49,58,3,27
48311586,18,974,1,7,15,5,31
20962845,21,3452,2,12,33,17,62
3784603,27,3579,1,31,57,9,82
3427681,11,1418,3,1,14,4,29
21716062,9,236,0,161,172,1,17
46962784,8,2339,14,252,291,9,34
11751971,12,4348,5,409,539,6,229
22003924,12,1302,3,30,49,1,50
422079,9,13751,6,10,92,32,507
24211003,8,226,3,2,5,1,10
21430607,7,4934,2,18,46,7,27
29705853,9,606,9,4,100,5,22
3853041,24,2905,2,50,90,21,243
43721541,2,96,0,67,220,1,9
38280927,8,962,3,25,24,2,78
7619919,9,1560,8,124,194,2,40
52880786,3,1972,1,10,17,3,5
53236583,6,9170,2,34,49,5,17
38940879,4,1158,5,39,163,5,11
36424666,9,2805,3,11,31,8,181
18665859,5,380,5,57,68,3,12
37911046,8,176,2,2,15,1,13
34482650,4,2756,7,13,34,6,19
17922774,8,352,0,21,27,1,26
31655476,6,3196,2,1,15,6,33
12875590,7,288,3,4,25,15,19
