pageid,%_positive_words,%_negative_words,%_controversial_words
1332334,51,31,0
415767,155,77,4
12232585,177,129,2
684813,80,38,3
20764470,10,4,0
1553191,127,67,1
201936,324,115,4
31150160,85,66,0
47374,8,4,1
21538638,108,46,0
12561015,67,29,1
167884,8,2,0
33933496,12,1,0
1673370,27,23,0
5069516,112,78,8
275051,95,54,1
82065,20,7,0
2047065,3,0,0
765,84,40,270
307,287,110,4
2731583,165,61,2
58809,131,126,8
2343,28,6,0
49392,280,43,0
2503,101,36,0
2162,56,35,0
18947965,100,20,2
1653,59,33,8
894,105,97,0
10934212,117,49,0
1921,257,70,0
251879,55,22,1
5042706,164,80,20
48370461,86,22,1
166702,74,31,2
161947,62,31,2
624,161,52,3
500309,6,0,0
736,195,49,1
717,112,15,0
2965,116,82,1
358934,35,12,5
212472,110,48,0
45214,48,29,1
5297192,5,0,0
55313,80,38,11
381552,14,13,0
1845,202,141,1
18914017,123,110,1
1902,45,29,0
1950,243,102,25
863,179,113,2
521057,93,39,4
5315944,10,2,3
1131183,177,31,8
1973,210,93,1
172479,5,1,0
19346935,78,44,1
4097799,154,52,10
2460,74,63,0
12,189,33,0
1023,238,144,0
1630179,23,5,0
22320587,95,49,12
315087,34,42,3
432972,11,3,0
1623,237,118,4
99881,89,24,2
864,147,21,0
232035,31,15,5
48522,47,11,1
72671,111,32,1
5792809,146,32,2
800,90,20,0
331538,30,11,0
2314,27,11,0
52045701,24,3,2
205522,113,91,12
68335,55,32,0
700568,39,13,0
4577283,41,9,0
569,118,19,0
283205,170,57,2
43441237,23,11,1
2197030,28,26,0
8814638,37,24,0
42762068,30,21,0
1429917,80,41,1
571440,63,20,0
1078,178,115,2
2200527,206,112,2
37873196,10,3,1
80740,150,97,2
2944,104,39,2
155033,52,7,0
140376,187,103,1
1806,175,67,8
309935,120,50,3
51669,12,4,0
42277,68,27,0
274539,43,13,1
6341469,71,90,0
24107,95,26,1
230025,52,33,0
23555,250,62,0
150136,30,7,0
60857,167,98,11
951581,134,89,0
52970,80,43,0
23639,53,39,0
560876,81,34,2
273444,28,2,1
416366,45,4,0
253413,58,24,1
39609876,21,11,1
2100405,45,20,1
23440,187,37,7
199823,28,8,0
7518210,0,0,0
24507,145,43,3
771182,32,15,0
3727944,13,0,0
2266653,209,276,0
2252913,73,64,0
22954,241,72,1
23221,49,14,0
44469,66,29,0
23745,91,22,1
24326,152,49,1
22936,341,42,5
17458566,30,8,1
16367528,10,6,0
275297,98,13,0
23213,90,33,2
23996,187,17,1
15611519,3,0,0
22986,47,14,1
21259,27,7,0
24872,62,18,0
460821,18,24,0
24591,114,40,2
24475,160,108,1
199630,73,12,0
24020,26,6,0
23805,298,78,8
23808,260,109,1
23475335,146,119,2
1704222,19,8,1
940606,24,7,0
1328272,25,4,0
5710507,49,33,3
175357,48,37,1
27620742,11,8,0
64959,214,90,7
1771587,104,56,12
1630282,2,3,1
663540,117,39,0
429542,95,83,6
169086,63,14,0
24113,82,45,1
3009092,36,24,0
51511,58,31,0
125248,98,39,4
14457,70,14,0
72201,54,12,1
24095,199,59,2
1677192,34,7,0
19008450,130,77,6
24856,54,24,2
15394859,139,75,2
15157915,102,61,141
37857,122,37,2
371248,117,30,0
18973869,75,24,2
147707,29,4,0
471603,83,34,2
6729144,80,17,0
23041,250,93,5
23037,199,41,0
36922,174,49,0
7954867,181,26,0
319505,185,43,1
47717515,19,8,1
25614,184,122,0
25614,184,122,0
26494,208,118,1
30862657,40,12,0
15181647,12,7,0
2634236,49,19,0
49444,20,3,0
26316,74,45,1
25613,185,93,2
28358650,77,31,3
25421,106,19,0
18945847,229,40,0
7980471,113,113,2
25854438,32,23,3
25421,106,19,0
375137,7,5,0
43488,129,24,0
43488,129,24,0
7627929,20,8,0
221749,33,14,1
22424,17,8,0
25382,48,50,0
70157,176,65,2
3829005,127,36,4
25806,252,72,0
43243,153,65,2
11587,57,14,0
63317,148,42,33
1544191,11,12,0
23564616,106,14,2
526399,53,32,0
32070,218,37,32
347422,27,8,0
5622894,58,40,0
25867,86,28,0
957537,14,0,0
25473,212,106,5
231156,51,16,1
32296110,26,23,0
250943,29,2,0
8354382,85,17,2
2110323,156,26,0
444216,8,7,0
240547,27,27,3
21131695,212,109,7
161466,82,37,1
168601,46,42,1
26152,100,40,0
615807,53,13,0
25433,242,101,14
93791,69,19,3
44205,129,45,4
376985,63,33,0
25938,116,85,7
25427,90,36,9
17446303,94,39,7
242570,23,6,0
23747676,62,9,0
4057953,40,13,0
45218,71,18,0
29490,190,48,1
206365,50,44,0
27931,57,15,0
51487,131,46,10
40112,137,38,1
249623,163,81,7
23409759,22,10,0
27122,171,62,2
165404,27,10,0
26915,118,48,1
2941511,152,60,5
338065,66,14,0
27694,99,62,0
27706,153,59,0
144178,127,38,0
763013,177,38,2
349303,190,60,3
27790,97,79,2
1737582,27,7,0
26833,195,70,1
13118744,206,95,18
1163228,40,35,14
418732,41,11,0
21171721,63,26,6
34495117,11,9,3
152447,45,9,1
317383,60,14,7
324091,33,32,0
466454,63,38,0
69795,126,33,0
150374,73,66,0
18842168,50,9,3
168714,181,116,2
286527,34,9,0
5058690,121,87,1
5058690,121,87,1
59512,72,8,1
10733176,92,72,1
28632,164,43,9
43116037,117,86,1
1305554,113,51,2
2957039,34,26,2
7397019,13,11,0
236331,130,133,1
1316116,42,23,0
19019270,42,65,2
31635665,146,56,1
28840,134,72,5
5594647,12,11,3
27159,137,57,1
189909,23,18,0
1130664,3,3,0
384706,71,22,1
26743,200,62,0
28399,27,4,0
26909,303,131,7
28307,35,41,0
25862547,111,16,0
9603757,36,11,0
27992,172,78,2
29440,41,10,0
3895745,304,32,1
12254052,116,41,1
4124046,129,121,1
743769,19,1,0
88923,81,15,2
26847,283,63,3
25664190,133,77,0
175811,211,40,0
13690575,141,22,0
2095829,177,90,7
27655,21,6,0
18932365,53,36,0
17416221,134,30,6
27977,183,30,1
32350676,123,34,0
816925,12,5,0
179553,130,43,6
24795561,36,14,0
26779,180,55,0
26950,21,4,0
4751135,76,52,0
26667,224,33,1
18842471,141,49,0
5980301,132,88,1
189109,44,10,0
28265,125,55,1
21496026,244,84,1
28480,231,28,0
148956,29,10,1
25272420,64,61,4
16146360,80,36,0
17157886,127,20,0
26678,182,48,0
27783,45,28,2
335195,129,31,1
18956166,115,67,2
640689,42,11,0
38466392,165,28,1
1380550,163,56,10
16844797,74,23,0
59606,4,4,0
27421,105,22,3
28246,282,55,0
427707,71,21,0
1514981,70,46,5
102075,82,56,15
27999,52,13,0
218299,55,28,0
26748,215,52,3
486017,89,32,0
28642,71,21,0
666601,19,3,1
29612,15,5,0
1337691,168,29,1
30741795,228,96,3
30658,82,73,0
61117,16,7,3
31438,53,14,0
30635,225,114,1
30077,111,14,0
30797,39,12,3
30297,212,77,0
5422144,95,17,0
56481,42,69,0
22754875,182,71,11
21898839,45,13,0
143377,175,123,3
1151958,82,43,7
184136,258,112,13
30475,50,27,1
83859,319,93,9
10839777,101,25,1
149014,22,9,0
169496,55,11,0
65719,155,50,0
1056144,13,0,0
428819,58,39,1
30636,132,57,0
63578,19,9,0
1351855,4,1,0
29810,172,42,5
38711,146,92,1
29812,237,57,1
1397993,29,13,0
137840,127,57,0
30680,97,39,4
1923870,96,44,3
65735,42,32,2
29838,234,44,1
656307,106,14,2
30535,269,113,8
528543,48,15,0
221998,22,16,0
29922,169,66,2
58397,77,87,3
65192,62,13,0
44534,225,66,0
31516,96,12,0
43356,85,47,80
18582416,78,29,3
83045,49,11,0
31535,81,60,3
30942,83,25,0
31175,143,74,1
31460,52,10,0
3301347,188,47,5
47702,146,212,1
216188,16,17,1
71973,57,45,0
2723695,7,6,0
19904525,89,72,0
21694424,93,71,1
21694424,93,71,1
35152422,47,26,1
157873,28,10,2
348486,40,15,1
14594,70,32,1
29920,317,76,1
31341,129,49,1
1182836,41,12,0
30018,17,8,0
25168720,73,18,0
31429,145,41,0
9988187,200,50,9
863,179,113,2
52780,198,32,1
31814,128,44,0
32191,195,102,2
31750,288,48,6
31814,128,44,0
31769,132,23,0
3434750,234,56,15
32009,92,39,20
446555,15,7,0
37293,19,17,0
31902,89,37,0
31880,187,46,0
16118202,155,34,0
337755,30,24,19
243927,86,34,0
1742315,112,96,1
132472,57,22,0
30972975,8,2,0
333091,33,26,0
305561,77,46,0
928412,11,4,0
32587,80,69,49
32591,152,86,66
11737832,48,29,0
183050,21,9,1
19220448,170,125,0
32611,210,114,5
47150,16,7,0
93767,27,3,0
239897,106,18,3
11015252,214,74,0
32817,178,47,5
47896187,146,65,2
33589,129,46,4
32917,114,29,3
34059,289,175,0
1181646,97,51,1
13425800,133,66,4
4091662,46,33,0
33622,35,10,0
15380061,97,40,5
52382,134,65,7
33422,185,68,3
231184,9,0,0
265307,18,10,0
16597487,53,22,1
53976971,12,17,0
33545,109,31,0
376898,136,88,3
21208262,89,20,2
2495537,40,16,0
166202,110,53,0
33178,24,15,0
54985,52,19,1
154823,71,28,0
30780454,25,4,0
11577295,8,1,0
32897,108,26,0
860924,79,18,0
2289648,166,72,0
33683,24,10,0
91221,59,22,1
11185,140,48,6
33183,83,28,7
145439,257,112,38
37483,8,1,0
33523,238,99,13
33278,99,28,1
31582928,10,5,1
67173,50,16,1
4764461,281,149,0
32927,133,68,4
148898,108,33,6
24548445,34,15,1
2752,61,34,6
6821757,29,31,1
37556,89,56,1
162615,120,105,0
2122,100,56,1
15247542,149,102,0
21785,71,41,1
11778948,181,100,1
5491859,33,12,0
18933396,101,26,4
1030,66,29,0
25,124,76,0
1195328,28,10,0
5612336,28,25,0
150056,64,34,0
879858,11,9,1
19344654,154,30,0
4545,249,165,2
4173,227,115,2
867145,26,20,0
19360669,72,24,0
3979,92,35,0
534366,159,43,11
335069,51,17,0
72336,164,22,1
4375,93,44,0
4792,129,59,7
364813,147,46,5
3738,88,49,0
447382,96,49,0
3205662,47,33,0
501984,98,32,0
3427,93,36,1
699349,124,60,2
19283178,291,151,0
3722,178,79,0
20650188,64,48,0
41353912,112,25,0
44431,29,19,2
2100861,22,27,0
4116,176,74,1
1555010,109,42,0
3356,161,60,19
188564,85,39,3
191941,35,6,3
51614,82,33,2
321263,59,38,7
239098,132,19,0
3803886,20,11,0
244098,32,12,1
44751865,107,57,2
4874,110,45,0
20648200,102,52,0
851008,22,17,0
65426,2,1,0
88857,107,57,0
55309,90,43,0
5030,67,67,0
11015826,89,39,0
27417455,46,22,2
64692,124,102,2
68244,135,71,0
392807,115,61,1
5574594,71,39,1
186319,269,94,2
23278520,132,41,7
4950,91,35,0
3463,159,26,1
44849,90,15,2
70547,126,86,15
8269855,25,16,1
3845,56,22,2
4294,248,84,3
3382,161,25,2
38748,160,60,2
73887,24,8,0
773158,94,29,1
639800,106,64,1
3267529,193,77,0
23278125,100,48,0
682722,17,5,0
24133117,42,37,1
87179,67,42,0
62028,76,19,4
46924,78,77,4
773158,94,29,1
5407,159,25,5
6852,78,39,1
160811,70,21,0
5042916,117,16,1
105219,124,94,11
5902,84,66,118
5416,319,108,3
42031,124,47,0
685631,10,12,0
2184033,22,6,0
537968,130,73,13
5282,58,22,0
425757,73,28,0
2450993,39,7,1
6822,128,27,0
678255,24,14,2
606848,219,67,7
553050,37,5,0
5920,29,11,0
17253537,64,45,0
320023,142,38,1
68319,58,13,2
6907,79,13,0
42635,38,30,5
51255,417,208,5
278119,44,17,0
80696,192,64,5
6100,5,1,0
50490,111,34,1
6886,164,26,2
5945,118,24,1
5465786,7,0,0
1651190,26,12,3
250193,47,17,0
5405,173,20,5
5751,96,28,2
15147453,35,11,3
7738,162,110,0
2627820,90,49,0
5847204,98,63,12
196570,14,5,1
125309,163,126,0
63317,148,42,33
5211,228,53,1
345597,53,16,0
5635,152,53,0
73626,125,44,0
1281795,29,17,1
6438,63,16,0
6671,166,43,1
8718425,101,81,0
28291766,114,83,12
8389,95,114,2
6910,88,28,0
5987,116,29,3
208413,63,32,1
191704,81,57,0
241649,22,26,0
325329,191,60,4
7463,162,191,1
13886661,63,22,0
20914042,54,14,0
9209651,87,22,0
215623,35,13,0
215623,35,13,0
158177,107,61,5
7023,241,160,1
95801,67,15,0
2298740,184,56,8
6623,181,80,0
41568624,327,97,0
5530,72,18,1
5919,18,5,0
7283,17,11,7
26410,110,84,0
5278,82,63,0
18948365,117,77,0
5648,145,27,0
5714828,71,21,1
5655,119,56,1
7683,102,65,0
5326,146,57,0
49823,64,28,0
5785,79,63,1
7172656,36,22,1
2279619,121,12,0
23818735,105,60,0
8931878,52,17,0
709683,32,27,0
1046514,117,89,3
7339782,47,32,0
69801,86,16,0
4412145,110,32,0
6760,40,33,0
36662188,63,20,0
5042481,135,45,4
6827,175,130,5
1008588,88,34,0
181322,31,18,6
32492747,130,77,2
19005719,51,47,1
5593,140,28,1
183570,201,66,3
252854,95,40,0
20648089,83,48,1
235169,36,31,0
605837,31,9,1
339365,52,14,0
456252,104,51,2
9442699,11,7,0
10431114,31,7,0
12686162,22,9,0
8103,131,48,0
8582,210,81,0
187807,30,7,2
76762,128,40,0
67363,40,10,0
1558354,31,7,1
70197,37,16,1
1434711,28,14,0
37514,97,58,0
8687,149,37,4
310331,89,22,0
9090,75,50,0
3020357,33,3,0
5058628,119,52,9
8835,103,35,0
18938226,195,84,1
8271,47,20,0
8683,72,11,0
7966,202,36,0
8900,113,43,3
932915,102,37,0
40147,212,80,2
11040148,113,41,0
3162905,139,30,5
18978563,233,94,1
18978563,233,94,1
8629,69,41,2
4848272,164,62,26
726651,72,11,0
1643647,20,9,0
1635659,92,58,1
7941,53,50,0
1112855,71,18,2
37335,37,19,2
9311172,18,4,0
8632,189,54,0
19767582,58,14,1
143840,50,32,0
59749,74,26,0
8305,36,22,0
13058,145,39,2
10186,493,181,1
40817590,81,105,6
140256,11,4,0
380782,68,6,0
303522,35,21,1
2945164,16,3,0
15578,107,25,0
9231869,4,1,0
39626432,136,104,4
1864257,25,7,0
1765384,117,56,0
20611030,16,15,0
16105186,138,45,0
4217297,26,23,0
371301,129,51,32
18307757,60,6,2
5052197,119,22,2
9288,352,116,2
4429395,115,55,2
100627,89,20,0
10287,89,51,1
4809279,10,0,0
169836,103,42,0
35494376,65,30,0
12322101,15,7,0
2858505,28,3,12
39768,94,25,0
399615,31,8,2
10501,112,37,1
564204,112,28,0
9258,213,79,1
105004,76,31,0
105004,76,31,0
9737,58,39,3
9317,170,32,6
1256013,159,14,2
9587,90,60,1
51584,169,82,1
10370,136,17,1
9236,229,50,0
9588,75,21,0
7529378,232,40,12
11469677,116,57,6
7550182,36,15,0
55174,198,95,0
187586,144,20,0
231085,123,22,12
10653,48,25,3
11054,186,54,11
55974,121,45,0
164394,82,18,0
144896,80,44,3
11408,98,78,0
11185,140,48,6
142721,157,57,4
945404,56,14,0
38193,18,5,0
38301,192,61,6
18949797,43,21,0
236489,9,5,0
2553981,12,2,0
60290,7,5,0
103123,29,5,2
50482,56,21,1
146978,46,33,0
43047687,187,110,7
48146,51,9,1
11121,99,42,15
11121,99,42,15
415961,36,16,0
5843419,336,51,7
445861,24,6,2
10979,229,73,14
42068,126,29,0
10635,65,39,0
21401843,168,38,0
59212,86,38,2
83933,47,23,0
1385923,39,11,0
10671,236,83,0
11986472,25,13,0
11582,39,17,0
88750,37,36,0
179342,20,5,0
501787,34,21,0
29688374,172,68,1
11921,64,26,1
18723138,89,25,0
43758363,94,72,1
92656,195,84,5
1457022,89,34,1
13070,150,45,4
38076,211,86,22
12383,78,22,5
550948,6,2,0
216102,39,23,9
67918,27,19,0
12441,79,49,1
106402,32,30,0
41940,211,68,2
158879,63,20,0
11955,198,76,6
331028,13,6,0
3414021,191,70,10
35075784,31,23,2
5030380,168,79,12
156507,39,9,0
23306893,61,17,1
13058,145,39,2
718108,1,4,0
2008784,79,43,0
594388,88,3,0
15131007,14,4,1
418944,143,54,10
295445,84,37,12
5042951,151,42,45
299078,81,48,13
294295,62,66,2
12471,158,45,0
5042765,116,67,0
66578,71,21,0
19568112,175,56,157
1092923,146,29,7
2282040,35,17,0
12905,57,26,0
4321115,7,3,0
19283335,133,108,20
72727,87,27,0
21350772,129,31,8
4851478,30,8,1
44276,41,25,29
12686,123,109,7
2773076,204,101,0
167936,143,23,0
26152,100,40,0
11065091,65,21,0
14170,84,33,3
59097,63,17,0
14091,51,43,0
203237,39,25,1
13913,294,129,5
187273,126,56,0
19389318,6,9,2
155160,14,8,0
124802,82,76,0
4748957,9,2,0
2387806,196,51,1
3418303,207,80,6
195306,153,72,1
20200414,23,14,0
13547,84,187,0
437067,64,67,0
14233,93,99,1
35751103,42,25,0
261925,149,7,1
16463132,107,22,0
17173785,92,27,0
13869,150,40,1
336056,42,24,1
402030,13,5,0
13436,165,63,0
13371,149,45,0
1438445,24,7,1
14183,41,26,0
13457,34,12,0
4868935,104,39,0
13919,175,66,4
38873148,124,70,1
2366752,28,22,9
5043192,247,79,12
18945847,229,40,0
2632114,269,68,1
18945847,229,40,0
47646,203,30,1
56120,47,22,1
56120,47,22,1
364326,42,24,0
13808,325,72,1
1560218,102,36,1
210728,193,51,3
23713759,50,42,0
10396793,106,83,1
1007688,76,56,0
14229,182,149,0
5097395,57,82,3
5488304,191,87,6
8322947,108,28,1
113348,136,32,3
48874,192,78,11
14094,42,17,2
10326,153,39,1
47878,119,117,2
2569378,102,63,2
254637,25,13,0
32544339,129,25,1
35039706,68,31,0
8798949,241,98,3
381399,78,19,2
2269463,156,50,0
6502961,51,32,0
638066,27,20,0
70842,66,21,0
288343,86,13,0
13545731,2,1,0
294934,103,28,5
319302,126,42,0
14912,90,40,2
294545,129,31,0
18935277,4,3,0
19572217,141,90,2
1166630,38,14,0
15295,167,105,0
152772,53,14,1
23430752,32,15,0
14539,142,29,9
294813,99,50,0
243433,103,44,3
147575,180,34,9
14726,133,99,2
775859,86,26,0
15226,92,35,2
6037917,173,62,0
162173,91,92,3
9282173,189,40,1
46216,213,78,4
125320,269,44,4
14532,243,36,1
16044,56,33,2
308131,41,21,1
1103138,149,73,1
64372,118,38,2
39764,75,34,14
16016,290,75,1
23819805,42,17,0
498971,180,73,3
1840589,4,9,1
16099,29,18,0
15573,187,28,4
46884,173,99,1
15606,112,57,1
162870,119,26,2
49955,58,25,8
189322,92,38,9
16218,150,90,3
6253522,19,12,5
52547,164,58,1
16175,145,24,1
11494260,59,25,0
175220,83,41,10
16504,75,47,3
21207345,64,8,1
442163,58,5,1
133250,166,63,24
18603579,75,23,12
46827,65,36,1
1095706,220,110,0
983366,5,0,0
1131183,177,31,8
25955086,108,27,0
25955086,108,27,0
19481110,40,33,2
15135713,87,36,1
53869,61,36,0
15992,243,63,26
255722,35,18,0
186639,22,10,1
38100116,70,79,11
6260914,63,84,7
145422,243,124,14
166163,73,45,6
5119376,231,102,11
4689709,83,25,0
5122699,124,60,8
15852,168,82,5
15898,111,41,0
212187,77,17,1
43715,207,77,7
657205,9,12,2
291592,36,18,2
347086,16,20,0
25011929,15,13,1
168926,51,44,0
335077,70,45,4
235888,127,29,5
2263372,70,67,2
175552,60,30,2
609523,42,35,2
15777,170,55,1
32387701,111,50,2
15641,252,118,2
1641893,18,1,0
23486968,207,42,7
59172,55,44,0
59564,15,10,0
26033941,59,38,6
49544,65,19,0
5507411,14,11,1
340867,33,5,0
16905,292,88,0
523032,149,49,0
16743,194,60,0
19329135,61,23,2
17337,39,14,0
16881,83,47,19
343858,24,3,0
11366634,60,48,0
16477368,113,12,2
273437,62,14,3
198081,19,7,0
186589,58,34,2
286369,89,52,0
644622,24,10,3
752553,17,2,0
26232,136,66,1
17396,47,13,3
169376,28,16,0
6975043,24,14,1
19718837,68,19,0
5962511,60,20,0
154099,69,35,1
19394613,42,5,0
327664,20,7,1
246185,151,49,0
41586875,4,0,0
264062,29,22,1
16772,180,106,4
16756,87,21,0
16881,83,47,19
17391,151,51,3
16760,162,108,3
16779,161,76,3
197615,32,6,0
16707,128,64,3
17862,262,121,2
66936,29,35,1
924166,30,18,5
56873,34,32,55
45870,21,11,0
17782843,114,14,2
577320,78,27,0
30667,62,33,0
18522,12,10,0
420883,34,9,0
2680715,2,1,0
277395,88,31,0
18486,4,2,0
17771,131,26,0
168917,53,20,4
50151,122,64,1
9910441,104,64,0
2327581,132,61,10
8939450,81,23,4
3225498,235,53,0
30706524,164,70,1
183290,78,47,0
217196,20,14,0
29206360,17,11,1
168540,70,36,1
160760,160,45,0
50106813,35,12,0
1361082,30,25,0
22760983,102,24,1
3329753,9,2,0
86364,18,5,0
68110,14,15,2
419038,49,13,1
196206,35,27,2
18130,154,50,2
17628,66,31,0
384676,54,40,3
21009880,117,120,2
23371382,232,91,3
229257,150,62,8
414890,19,3,0
38776,168,40,0
75890,55,46,1
159846,74,33,4
432709,55,27,0
19037,62,15,0
142056,175,56,2
36753,141,40,0
7907317,122,79,5
170487,15,3,0
38776,168,40,0
21021,75,23,0
20796,116,50,0
19527,277,96,3
46636,104,30,0
978525,53,22,1
89662,52,19,2
19831,165,69,6
87944,16,8,1
728775,52,17,0
1481886,76,36,3
650426,48,19,0
572897,112,32,21
875547,178,199,3
20548,35,11,2
7567080,186,94,1
20076,206,103,5
409691,27,5,2
25454239,22,10,0
103695,66,13,1
11415141,153,40,2
96484,35,33,3
20347,397,107,2
21021,75,23,0
18932,114,33,2
1028044,20,24,0
44219,117,53,2
23943124,9,7,38
361024,84,32,3
163056,123,23,0
20798,148,52,0
49611,89,60,1
19356,134,84,0
18567040,201,50,0
344287,61,47,0
9530099,58,23,0
220841,121,51,2
21073732,169,85,0
3966054,263,55,9
68904,54,17,0
14995351,194,83,2
20455,96,35,3
74461,52,20,5
104998,29,9,0
1801949,6,2,0
9492386,93,33,3
428979,113,49,3
2064489,207,81,13
986814,65,22,5
348746,32,1,1
3138569,38,23,0
18836,181,53,2
301237,92,31,11
39027,94,76,0
20979,161,42,1
8135890,90,20,0
5735,69,46,0
312170,84,107,1
20948,53,27,1
20381,101,31,0
289505,10,15,4
19168,69,50,0
426208,207,88,17
46007,62,15,0
2232012,40,10,0
43254,104,37,3
18925,86,22,1
21023,115,31,0
347105,112,56,7
53029,159,48,3
1304321,11,14,1
63747,179,122,3
51885,158,36,1
347084,17,18,0
493657,56,10,1
20742,222,69,3
1329090,228,89,1
30821628,2,0,0
1270655,51,13,12
21133,148,37,1
11481790,101,66,1
147301,118,41,16
69880,257,96,1
21113,14,5,0
2307316,31,6,1
424675,79,19,2
70101,97,24,15
2579018,38,48,0
21217,302,106,1
22131,229,29,1
38188,167,36,0
21212,147,63,4
31045316,201,59,6
14335296,40,39,0
21492751,204,64,1
2510105,86,12,1
216531,101,64,3
93088,118,37,1
21632,110,57,0
1398166,189,79,0
30072373,48,18,9
21742,264,63,1
21648,165,29,3
2184535,155,40,0
53842,119,37,1
602643,180,73,3
179187,110,50,3
557007,109,22,9
323592,194,86,0
25529159,19,4,0
42558,239,141,5
21473,158,84,1
21566,136,32,2
2570425,0,1,0
1631652,84,33,0
173540,60,7,0
16365325,27,17,0
21265,144,36,6
1067062,25,24,0
21704,62,24,0
142510,71,23,0
22153,255,68,2
55940,34,31,0
21525,159,53,15
8955445,54,28,0
56435,118,52,126
27471338,99,31,0
22292,85,45,1
1149357,79,26,1
33121168,101,57,1
33381607,186,45,1
198570,111,16,0
158705,38,9,0
22477,52,12,1
643015,25,16,0
53257,56,11,0
22576,165,56,4
1026559,11,6,3
2787862,111,23,0
20395872,181,50,1
100390,146,44,0
268869,41,8,0
2480306,27,23,0
43846,249,89,2
167166,181,63,0
22546,133,52,0
22468,118,58,2
65975,76,122,0
414192,164,161,6
20041526,15,1,0
4316423,10,3,0
44183,111,46,4
44183,111,46,4
85406,112,33,0
44647390,66,54,0
161570,60,26,0
24956,183,75,0
23340,52,23,0
205789,41,24,1
24324,58,21,0
24849,109,26,0
315787,49,24,0
23592,30,33,0
11217925,78,24,0
27540718,206,104,0
4411276,15,6,0
168890,70,33,5
49908,50,23,4
32191,195,102,2
24552,26,9,0
65173,51,29,0
13736167,229,31,1
192005,111,34,5
12471,158,45,0
1587917,24,5,0
19629641,91,34,2
33139,97,24,3
25862547,111,16,0
34289,127,53,2
34272,74,30,1
34350,153,41,0
3524766,165,57,5
301899,132,76,1
34244,78,25,1
171306,19,5,0
78747,164,33,0
766968,38,24,1
34421,54,7,0
34399,184,40,5
77880,95,17,0
14529239,99,81,0
20184567,0,0,0
14526706,4,3,0
22351923,0,0,0
20228169,2,0,1
36121147,0,0,0
1064917,4,0,0
14255377,2,0,0
56543038,7,7,0
55135530,2,6,0
8571298,0,0,0
36700599,2,0,0
42720323,0,0,0
13698503,6,1,0
49655256,6,4,0
884044,1,0,0
1924418,9,5,0
32988926,0,0,0
3953738,9,0,0
41578796,0,0,0
4371925,3,0,0
4852233,6,3,0
18406401,2,0,0
1360222,10,2,0
3392292,8,2,0
25717487,0,2,0
774588,2,0,0
6459614,0,0,0
467803,13,1,0
44595957,2,0,0
44319369,8,3,0
4614422,2,0,0
53281811,1,0,0
16759271,2,0,0
46470319,2,0,0
18522414,2,0,0
44282786,1,0,0
15219666,2,0,0
15887917,0,0,0
49133251,10,1,1
51358865,1,1,0
34518150,2,0,0
2865660,10,4,0
6027422,6,0,0
24234930,0,0,0
24001332,1,0,0
9380457,2,0,0
40304660,4,0,0
41174687,8,3,0
10769845,7,0,0
6337740,24,1,0
7545924,16,4,0
48806304,0,0,0
40849708,2,0,0
30577785,3,0,0
2550711,6,1,0
46496429,1,0,0
42579750,0,0,0
7543675,4,0,0
23380995,0,0,0
8839080,3,0,0
13492165,0,0,0
52045918,0,0,0
5744906,2,0,0
19555532,1,0,0
6734490,0,0,0
26951433,0,0,0
14368996,3,0,0
48958475,2,0,0
13437247,0,0,0
36806948,0,0,0
43649260,1,0,0
13017065,0,0,0
18505633,13,4,0
54739124,0,1,0
8493516,3,2,0
11717251,5,0,0
18816116,0,0,0
23589837,9,0,2
3334427,1,1,0
160760,160,45,0
507399,193,61,0
92402,129,21,1
39912374,133,76,3
210710,141,61,1
33186,90,69,0
33589,129,46,4
2457206,99,0,0
89988,160,72,1
66964,187,39,0
870044,286,90,0
111582,241,71,3
4283766,136,79,1
150209,205,70,0
27630477,158,109,5
76972,201,37,4
97404,133,35,2
31737,167,74,13
594,193,51,0
25272709,183,50,4
15123,137,62,1
52233943,246,132,6
41831802,227,59,0
19872006,15,3,0
18154,133,55,0
7116046,208,128,11
339841,141,60,1
8868062,122,48,1
619761,93,54,0
32905,139,42,5
412059,200,116,0
4349459,167,11,0
36808,390,65,0
36218417,302,138,0
49728,171,12,5
20405,182,50,0
16408009,16,2,0
65064,142,54,1
2615708,179,84,1
43337801,96,24,0
2194173,143,68,3
16578,181,93,4
33277,203,51,4
42004317,221,77,1
24102656,238,74,3
573822,89,58,1
15766,170,46,2
7739570,12,1,0
26589,229,84,5
16949861,160,42,4
43449,162,53,0
55791,122,87,5
60192,206,36,4
15378788,161,47,1
49121,157,30,5
11003095,211,82,0
1327701,123,21,0
26061,156,21,0
15524,268,67,3
48768,151,30,0
10935907,128,47,3
158986,211,21,1
62654,201,142,0
15872,202,100,2
51320,144,25,0
32073,162,81,1
143377,175,123,3
29023680,167,56,2
2989409,52,21,0
48722130,134,40,1
66592,167,59,0
606848,219,67,7
5405,177,21,5
11962112,85,18,0
30876071,59,35,0
20519569,76,14,0
14941202,147,20,1
525160,233,53,10
66256,170,58,1
1660277,270,49,0
53107,114,20,1
35719627,159,89,6
25423,155,25,0
1178438,32,8,0
32927,133,68,4
1757165,199,137,1
62896,214,79,10
95214,208,67,1
25101,174,11,0
280738,245,78,0
4020775,146,60,0
42142305,122,96,1
26902061,138,119,3
44440022,146,52,0
31602166,222,82,70
33135,226,72,1
364285,2,3,0
25263739,175,46,3
102446,229,85,3
29266,291,128,0
85234,131,101,0
18081,209,23,2
8133,236,71,1
15051,188,85,6
31162817,204,134,2
7271,321,107,0
13485,201,76,1
12925855,119,21,0
26714,292,52,0
29265,218,26,5
8687,149,37,4
103443,235,51,0
3414021,191,72,10
15992,245,64,26
25441497,25,2,0
42475403,114,7,0
92656,195,84,5
7723686,222,97,0
38483,208,54,2
417021,191,33,0
263261,193,107,1
15941,279,113,0
277006,223,80,3
21073732,169,85,0
148594,33,4,0
13904,165,46,2
21090338,183,69,0
2711369,153,64,0
46284800,184,47,4
675561,206,78,0
6299613,169,117,0
2632114,269,68,1
59962,82,12,0
43373,234,102,15
1246843,191,108,28
1973,210,93,1
48728,296,105,0
44534,226,66,0
14458973,205,94,4
221708,53,37,0
504379,159,70,0
33994467,39,3,0
44471459,0,0,0
7418510,2,0,0
18839,255,36,1
3567893,7,1,0
297809,246,56,0
221400,87,24,0
21067650,26,2,0
18987,206,48,6
7921,137,46,0
1814362,185,51,3
31655,221,159,6
55271716,85,182,3
29030725,22,3,0
170808,41,10,0
14889,326,176,1
391488,308,99,0
17627721,331,209,0
33265,316,143,7
23805,300,78,8
32434421,0,0,0
782741,396,156,4
24999219,318,132,8
18285325,578,121,0
6453527,71,14,0
31429503,0,0,0
771,227,122,0
11843604,1150,580,8
9288,353,116,2
19527,277,96,3
43689031,36,0,1
409566,134,126,2
803894,94,27,0
47099786,247,96,2
3089277,294,167,1
3266013,200,44,2
2525549,151,99,1
20855562,223,154,0
1234508,106,46,8
30654,80,31,0
6295613,310,244,2
56017314,197,104,1
13306,194,47,2
17820,221,57,2
31358910,25,2,1
15342038,31,2,1
43633857,28,1,1
3177125,238,185,1
780188,243,52,2
3072809,435,186,1
4922019,348,181,8
46662125,188,44,1
8799338,28,1,0
5119376,231,102,11
173547,116,38,0
17862,262,121,2
3397169,9,5,0
19194236,18,8,0
204283,14,5,0
3888092,31,12,0
33031496,17,5,0
2412780,16,11,0
27586261,11,2,0
25012037,27,6,0
2892481,55,20,0
5789543,3,0,0
36246766,48,12,0
13514560,34,13,0
26848243,21,5,0
30414731,35,9,0
2083285,29,3,0
9286738,33,17,2
1602349,14,1,0
1816178,6,1,0
100385,20,6,0
1911160,13,2,0
39066698,34,18,0
33831345,25,4,0
191273,18,8,0
1131625,35,4,0
46241959,10,14,0
2871603,38,21,0
578712,13,1,0
154245,14,3,0
4871845,10,4,0
187337,24,9,0
35337618,32,11,0
29617833,14,6,0
30597047,9,5,0
241267,37,15,0
40417489,13,3,0
40508,29,26,8
2395833,17,3,0
501798,14,3,0
1340309,44,6,0
2089,46,4,0
134583,13,1,0
290189,20,6,0
44785986,9,4,0
44994160,31,14,0
7776179,25,24,0
30806858,13,0,0
1193095,24,3,0
48994238,21,4,0
32560864,30,11,0
25977139,2,12,0
2527229,30,9,0
161091,40,12,2
591604,10,3,1
10072598,8,4,2
4532448,20,1,0
33775893,22,8,0
2293506,7,3,0
15037096,13,4,0
49438681,0,1,1
572939,24,10,0
1251648,18,8,0
33548913,10,0,0
13497621,21,5,0
3018837,9,3,1
2692172,19,3,0
1108893,30,2,0
59806,17,6,0
3655443,10,4,0
35643332,15,2,1
6181660,9,2,0
25645497,24,13,0
105697,29,9,0
232863,31,12,0
37280522,19,6,0
23468778,18,4,0
22944399,8,0,0
12573166,33,6,0
22117825,6,0,0
827225,5,5,0
44509739,3,35,2
20379729,33,2,0
50547541,15,1,0
654162,21,11,0
745853,0,0,0
40538740,28,16,0
3362317,19,13,0
2088125,9,8,0
20647396,9,2,0
2505145,43,15,0
24526226,24,16,0
183610,12,1,0
122822,9,3,0
37910618,22,7,0
628811,30,13,0
933137,37,16,0
9882330,10,1,0
2048467,10,1,0
44527235,13,2,0
4342107,35,6,0
6262423,41,8,0
5289760,14,1,0
149369,17,7,1
5063128,8,2,0
5995136,28,7,0
805891,39,3,0
25389526,19,5,0
34780788,19,6,0
1915347,25,18,0
959907,11,3,0
376818,28,6,2
42678054,20,5,0
1339238,23,9,0
4018311,33,19,0
7026804,9,8,0
26874,29,16,0
22663901,26,0,0
890687,27,4,0
17343590,12,6,0
3234715,33,5,0
47524633,6,3,0
35824191,57,29,0
3816801,13,5,0
21406281,17,6,0
17206737,26,6,0
47939619,16,0,0
15975,21,8,0
6765187,19,1,1
370368,20,6,0
1739180,8,0,0
1303295,27,6,0
11465552,22,18,0
34303868,33,4,0
290007,13,12,0
37803934,26,8,0
1566175,43,23,0
30875868,37,6,0
1014707,19,9,0
682856,32,11,0
1521999,47,11,0
44408842,29,4,0
1376785,5,0,0
3020109,42,20,1
22771176,55,61,0
12583841,58,11,2
56023444,67,11,0
71932,41,11,0
3459338,68,14,0
3804776,29,3,0
52332604,61,14,0
775134,48,8,0
489321,41,15,0
8587412,30,4,0
21661375,60,8,0
198726,27,11,0
35700682,36,15,0
22048289,37,14,0
12315140,22,1,0
45178500,30,4,0
24836896,45,5,0
186193,28,17,0
308856,32,29,0
47952739,41,32,2
35622760,49,25,0
295598,35,8,1
7454967,81,24,0
319571,34,13,0
2940937,50,6,0
6384037,40,35,0
14449214,58,9,0
730831,61,12,0
1056165,41,5,1
125495,20,4,3
144386,44,4,0
2343027,43,9,0
11254,30,10,0
3045642,58,4,0
40484303,64,17,0
31703536,17,6,0
142323,25,17,0
4131678,58,7,0
3158870,25,26,0
37935620,26,27,0
6093697,20,1,0
4311910,25,6,0
24559964,30,13,0
1014906,56,14,0
3582734,47,20,0
23751905,31,7,2
21550326,46,18,0
2288117,38,4,1
27280889,21,8,0
304642,69,9,3
7174830,36,6,0
2023491,23,18,0
249509,49,18,0
414468,26,13,1
231089,37,6,2
1158886,39,8,1
4693368,58,13,0
93097,35,15,0
39645216,93,28,0
10789502,29,2,0
37710702,35,27,0
2523586,18,6,0
18982384,34,12,0
3670297,46,22,1
2008273,39,10,2
8841014,72,43,0
2241312,83,43,0
1429763,45,6,0
962893,33,31,0
632322,26,41,0
7003520,15,7,0
10842431,44,14,0
47256334,31,13,0
43863159,51,13,0
63349,54,7,0
5728194,24,16,0
38400,5,2,0
331582,33,17,0
14158261,49,21,0
40629144,29,19,0
48675263,37,23,0
5073888,23,9,0
16945120,22,3,0
1256334,24,4,0
16035221,54,5,0
713549,42,16,0
6961430,17,2,0
3835759,25,40,1
92556,31,9,0
682848,41,23,0
2061705,62,6,0
4949370,41,21,1
1779727,49,11,0
74610,27,6,0
50689054,24,11,0
405875,49,5,1
10096572,32,13,0
125217,19,2,3
954888,31,9,0
35397147,41,12,1
99887,45,15,1
170592,59,15,0
300561,58,18,1
16653937,35,19,0
1557324,27,11,0
36777018,24,20,3
38230656,81,42,0
11876628,16,1,0
1874173,12,0,0
3982513,36,26,0
238431,35,8,0
12633123,19,23,0
30862857,59,19,1
22635212,30,7,0
10042412,34,2,0
1781700,41,20,0
99692,44,14,0
35034020,35,6,0
4094028,69,28,0
34702110,36,15,0
27881426,14,2,0
1611852,21,3,0
1109998,31,32,0
931802,37,5,0
1070503,43,18,0
166459,72,11,0
272833,29,10,5
1404329,47,7,0
40538,34,19,4
511735,90,47,0
33833363,29,8,0
8220,34,14,0
105949,43,16,0
38274305,64,17,2
7339773,38,9,0
16096064,43,8,0
1752376,44,31,0
17046226,18,4,1
1015585,39,18,0
67118,42,19,0
18952719,28,7,0
725441,15,2,0
427408,36,24,1
602466,44,30,0
2936492,33,2,0
27921792,67,64,2
3029,42,13,0
1161510,40,9,0
4535082,42,20,0
3130242,19,23,0
16307988,108,9,0
573279,24,22,0
1457749,57,17,2
924726,39,20,0
14033347,55,19,0
24809896,20,11,2
106364,45,16,0
105496,31,6,2
3584913,52,40,0
52369,37,10,0
50252,34,8,2
5715768,42,10,0
18758,55,18,0
46466350,80,21,0
1933002,31,11,0
37631502,5,0,1
917232,28,2,0
3175841,49,4,1
60589,53,15,0
151296,27,4,2
35503,27,6,0
8585019,61,18,0
6204551,30,6,0
26262847,75,12,0
342044,31,11,0
107340,34,3,3
739857,30,13,1
2560,36,8,0
2983197,39,20,1
339394,75,33,0
178247,25,1,0
33409644,45,8,0
1922844,37,7,0
1117176,74,11,0
31639348,27,11,0
41563858,46,5,0
968195,51,10,0
274099,45,33,0
10728305,29,19,0
679825,79,17,0
7081361,54,23,1
2055543,31,18,0
25339584,59,43,0
348826,9,0,0
518534,18,7,3
2002565,15,1,0
40155866,28,11,1
2898867,21,15,0
23833750,38,8,0
10324687,24,6,0
156475,55,15,0
83490,48,17,0
167546,41,7,2
523336,36,1,0
56476,31,28,0
107664,23,10,0
1398923,22,6,0
1465328,31,2,0
1931006,23,9,0
306282,32,15,0
426670,18,8,1
192842,19,7,0
361572,72,21,1
363851,33,13,0
18017138,43,20,0
11792907,19,1,0
36084003,42,29,1
32526367,1,2,0
1385430,70,13,0
815329,41,28,2
6920,42,7,0
24975063,49,2,0
6586391,21,2,0
5984845,22,35,0
7994324,18,7,0
888170,30,10,0
9770,42,11,0
1141438,50,8,0
40713040,78,6,0
53141433,48,6,0
1340054,5,3,0
5115369,20,4,1
24986,73,58,0
2473210,26,25,0
29656,50,16,0
1749936,68,30,0
2491879,19,4,0
1533029,53,33,1
929103,68,34,0
71508,40,18,0
497407,36,14,0
5884515,43,10,0
10817356,71,23,0
19718995,72,7,0
1014518,28,12,1
184483,29,24,0
286096,43,9,0
4009240,44,28,0
3332238,40,36,0
49238177,36,36,0
22715390,43,2,3
55319,36,7,1
43473072,42,7,0
67252,39,6,0
3072290,17,8,0
16013305,22,9,0
2727079,52,16,0
588260,27,12,0
11647604,6,0,0
2706504,61,9,0
780802,49,10,0
10068310,43,17,0
16690255,58,28,0
153421,35,17,0
18594320,48,13,0
20799079,22,2,0
18933243,33,4,0
26162979,63,22,0
14238443,39,9,0
173562,46,11,0
47879432,40,11,0
152480,38,7,1
349628,27,14,1
30863072,35,11,0
31555577,39,9,0
64460,17,10,0
15102522,60,14,1
459319,38,9,0
24748820,3,0,0
4967784,27,12,0
7955217,34,16,0
2894675,42,19,0
5205969,25,15,0
410980,35,14,3
6717473,1,1,0
3838884,47,19,0
266217,80,22,0
1211852,45,7,1
35764429,40,8,0
179501,32,6,0
827703,30,6,0
842468,50,5,0
20739,35,15,0
1255065,61,14,0
8106609,128,10,0
7563097,59,21,1
47081476,51,13,0
14122398,39,17,0
274910,41,39,0
15632813,45,30,2
46722965,20,18,0
34001262,46,21,1
2771937,50,9,0
3101120,33,21,0
872331,42,14,1
14165009,26,9,3
44938429,27,38,0
795617,60,11,0
42502890,35,7,0
212253,36,2,0
2122568,37,12,0
12994019,54,14,0
13893101,56,17,1
244468,79,14,0
25342885,25,10,0
91411,19,16,2
13966436,32,9,0
4471439,57,9,0
50513,45,15,0
14459001,38,10,0
32688979,1,0,0
33160132,43,13,0
30840,39,15,0
178855,29,9,0
8262493,38,23,1
1305044,92,11,0
12153180,9,0,0
23620137,48,17,0
68319,58,13,2
13789924,81,17,0
3348541,65,24,0
356375,35,21,0
454583,59,8,0
224692,39,15,0
2213684,38,27,0
14129491,70,31,0
11943453,52,6,0
1108214,70,12,1
13828397,54,12,0
2782833,55,17,0
93931,36,8,1
8887003,36,18,0
188073,47,11,0
275132,46,20,0
999748,57,34,0
27022415,82,40,0
168430,30,11,0
74095,39,50,0
2985470,58,32,0
379362,2,0,0
175028,61,12,0
26949079,55,14,0
3130850,17,5,0
134672,54,8,1
39563304,5,2,0
914869,52,11,2
164676,72,24,0
548667,54,21,0
2632897,85,32,0
31655498,74,25,0
723638,52,14,0
50432,38,43,0
10327401,34,7,0
401877,80,21,0
21761,22,4,4
2217991,75,13,0
87679,39,10,2
40528,62,32,9
3635710,80,14,0
7990664,127,18,0
217231,65,18,2
30250971,70,14,0
32077,71,13,9
18998781,54,22,5
48550979,59,1,0
82471,64,15,0
115635,38,6,0
28330,74,48,0
183906,63,15,0
31827,40,12,2
2492394,61,16,0
102685,91,14,0
6719,47,9,0
145971,87,32,1
2313472,42,13,0
23340,52,23,0
51592861,64,22,1
33098504,59,3,1
27372858,83,15,0
1300344,82,21,0
6146151,52,10,0
317562,23,6,0
275138,46,4,0
4364873,59,26,0
50771,42,6,1
1104730,65,25,0
124770,35,4,0
83220,35,7,0
10447140,63,38,0
419557,65,38,0
859943,54,6,0
10768291,3,0,0
10601100,82,19,0
1934406,81,19,0
831647,35,11,0
715706,53,13,1
9623056,46,6,0
17766232,54,21,0
8506316,43,15,0
27649750,60,31,0
367133,67,24,0
2099143,54,25,0
529667,54,9,0
498538,47,12,2
5981816,76,19,1
43158925,51,32,0
15789,17,3,2
51521,34,25,1
806449,52,16,2
1198487,38,18,0
1346058,21,10,0
124259,35,0,2
982871,56,21,0
21312284,49,30,0
40514,65,16,7
3238282,97,25,0
60845,74,16,0
6121100,60,12,0
38847341,66,39,0
220884,71,21,0
2966253,67,27,0
2937699,33,18,0
1658647,86,23,0
195759,55,24,0
35968446,41,29,0
663591,57,22,0
5870424,44,12,1
700610,51,12,3
43069,45,17,0
525669,42,28,0
192648,59,39,0
1181193,43,8,0
1572499,44,25,2
11815157,51,6,0
5810035,86,50,1
827842,47,13,0
45968,55,12,0
523884,69,11,1
6250,43,8,2
3991823,65,9,0
2212656,38,6,0
21207459,37,7,0
23387941,72,31,3
2797419,43,58,0
33637422,62,21,3
56006691,69,21,0
14702,67,15,0
3726984,41,23,0
2155909,76,12,0
206705,54,28,0
2627520,70,15,7
798332,43,19,1
186859,37,8,0
44950234,26,11,0
9590163,78,11,5
10038508,48,9,0
5728405,42,22,1
1006164,108,14,0
104944,65,44,0
456066,63,22,0
366061,44,14,1
27417613,10,2,0
305917,58,23,2
157232,87,18,0
69802,45,14,0
264105,62,9,0
81456,80,41,2
9955,65,29,0
377606,63,5,0
5785,79,63,1
21184,48,6,2
32227599,49,21,0
23219544,58,31,1
140469,63,43,0
51510,54,17,0
9933726,115,34,0
32642,108,41,1
219640,76,17,13
216849,72,28,0
94158,11,2,0
424928,57,14,0
23275402,53,19,0
869945,115,25,0
8817404,117,22,1
24536543,58,18,1
30555,86,49,0
24511019,64,38,0
234842,59,17,1
3437663,77,11,0
350072,79,61,0
80028,67,34,0
1505381,60,18,3
2046288,75,17,0
55032,78,4,3
4121869,97,22,1
125176,32,6,4
219056,90,21,3
5962511,60,20,0
11793227,110,12,0
232847,78,11,0
58586,98,24,2
14187933,59,44,1
7893,74,30,0
21836,68,20,2
329949,77,23,0
195552,58,34,0
364934,106,23,1
17939402,117,18,7
10091322,100,32,2
32220228,52,44,0
170029,85,13,0
786545,31,6,1
1774390,75,32,1
1485652,68,19,0
409855,62,14,0
147748,63,21,0
47762,57,14,0
9164577,62,50,0
1540309,63,21,0
194896,54,20,2
70718,70,29,0
32623,99,29,0
37009650,55,30,1
80027,99,33,0
286458,102,34,0
2845579,12,5,0
8613,44,13,0
964717,75,32,0
16692,49,8,0
332248,40,25,0
576969,133,39,1
23362908,78,24,1
1803489,70,35,0
30307259,73,11,1
21049733,80,37,0
32096,19,2,0
1202355,41,8,0
157302,44,60,2
193684,76,15,0
6082436,55,15,0
125436,52,7,4
620602,52,22,0
10286612,87,68,2
186797,62,31,1
277310,67,16,0
22210561,108,27,0
7950181,82,5,1
844184,68,8,3
35843293,29,17,0
325831,63,14,0
65133,90,35,0
176316,64,18,1
56101,99,39,0
163382,71,21,0
37476190,98,14,0
31717023,86,4,0
97774,83,32,0
127894,51,11,0
238677,93,19,0
89442,67,21,0
566647,77,37,1
579570,103,19,2
1225426,59,25,0
23488052,74,35,0
32122390,1,1,0
4704229,114,27,0
1300409,118,34,0
3170723,12,3,0
18736289,131,39,0
2275412,98,35,0
6589,78,44,0
160434,57,21,0
40566,84,24,8
171325,50,19,0
324,63,26,0
447089,130,17,0
1620297,77,21,0
269046,69,30,3
7166373,0,0,0
38072719,59,17,0
14937814,100,27,0
1804336,55,20,0
43331629,54,12,15
50310081,75,9,0
19642082,71,27,13
41592580,55,35,0
22796,63,18,7
11962266,91,38,1
142154,54,28,1
29542497,107,54,1
136960,36,42,0
166163,73,45,6
113933,74,23,1
35701370,35,1,1
628782,85,26,3
35998553,165,55,0
27005455,118,25,0
184170,73,25,0
5052533,88,28,1
14477322,50,22,0
13684,101,29,0
29711529,60,27,2
23470968,0,0,0
16924903,86,33,1
300279,110,29,0
20384579,50,26,0
26857471,117,28,1
33476103,70,24,1
24189541,153,48,1
83620,161,28,0
1008284,130,27,1
99959,130,44,2
37364982,77,22,0
655221,113,18,0
29684300,104,53,1
78023,139,29,6
145325,95,32,1
16354915,84,39,1
156858,66,68,1
5405088,57,22,0
265083,67,19,0
2746666,51,25,0
143914,53,13,1
3844691,92,30,8
158079,105,42,1
1133844,73,31,8
63816,104,17,2
761462,107,79,1
3344863,60,148,10
64610,88,20,1
384676,54,40,3
24589,109,27,1
97831,81,38,0
27497535,73,27,1
884607,128,15,0
151051,61,9,1
14078934,81,20,0
30717904,104,47,0
22514299,124,93,0
759317,97,55,1
505833,53,15,0
400103,42,15,0
525737,68,32,1
40480187,105,42,0
207655,107,45,0
320965,67,14,0
36078060,82,40,0
15361,96,24,1
108243,72,21,0
3099417,88,19,0
46823,79,42,0
1495667,93,44,0
62682,106,13,6
6173299,91,21,0
893219,61,23,0
1175257,79,21,1
344859,98,25,2
256925,73,8,3
2067,53,6,3
2065634,62,14,1
917941,97,33,0
712828,125,26,0
607552,89,37,1
314292,54,13,0
1308385,76,36,0
1795025,94,13,0
49040304,63,22,0
9105,72,17,0
261654,111,50,0
238811,84,61,0
30505250,72,69,6
22999784,134,40,3
9549,96,31,0
61145,85,48,2
8455187,122,77,0
46217753,84,36,0
27235473,95,50,0
1700717,130,19,0
565730,117,46,2
8498162,173,27,2
1775833,101,73,0
36623,70,29,0
660931,118,48,0
42646393,45,13,0
1577801,127,13,0
204706,105,30,1
9543863,164,53,1
489133,59,29,0
40457153,80,43,1
387623,74,16,0
15300612,89,78,0
15271,43,15,0
5240186,62,74,0
27490,155,51,1
22434448,143,47,1
1117450,60,28,1
5437,104,26,0
18253454,50,33,0
4996,131,39,0
18113207,64,27,0
2368408,79,26,1
19363129,55,30,0
6001027,140,29,0
50888873,143,26,0
8358106,130,15,0
46272899,92,24,0
9647504,87,29,0
186716,51,24,0
256268,91,22,1
230189,62,39,8
78358,117,28,0
2346975,98,33,6
24962835,153,64,0
1051262,171,40,7
60027,109,46,1
7586,141,39,0
14474647,150,65,0
2539671,88,56,1
5464960,96,29,0
6055195,84,30,0
125794,80,12,4
70671,32,14,0
6293,84,18,0
518843,96,29,1
331550,125,24,0
355738,119,25,2
208691,195,22,1
1439427,107,61,0
26781,103,13,0
31692117,96,26,0
28394320,106,80,0
41536,112,26,0
1029,124,57,0
24404702,126,30,0
262979,181,33,0
30857,152,34,1
42685705,55,41,1
23407882,108,41,0
6015943,85,26,0
33161913,81,65,11
23626,155,70,1
26202,114,46,0
8100768,2,3,0
262260,99,11,0
827717,86,63,1
32291112,156,26,0
32009,92,39,20
1053949,116,66,0
27662703,94,47,0
32070455,95,34,0
94040,127,34,3
731896,97,17,8
9623,76,10,1
1506903,79,28,0
506881,104,46,2
303434,129,20,2
517136,118,51,2
8253,92,6,2
265857,70,22,0
30871090,83,25,0
37010,128,55,0
12441,79,49,1
36118062,88,34,2
1130,135,57,0
2103628,106,23,0
4079673,100,33,0
38743,98,20,3
28920167,76,35,0
6357903,57,1,6
8783,115,47,1
49856,124,21,0
202133,99,46,0
1514405,68,46,1
99312,103,18,0
2676764,59,35,2
89260,50,19,0
295217,93,34,0
43459,107,30,0
153041,89,61,3
5265384,106,128,20
19188562,156,25,0
20587985,72,8,1
12499410,120,38,0
20556944,93,48,2
20007045,92,41,0
1111358,131,58,0
503750,59,30,0
25736,126,25,0
12552804,46,29,0
30864385,142,17,0
18932608,95,36,0
73592,79,74,7
14464969,151,45,0
372810,55,6,0
66440,97,46,1
16125,139,38,0
24602,107,25,0
15867436,90,38,0
23309899,144,51,3
5706993,89,30,0
112607,89,11,2
26062515,40,2,0
48311285,81,26,1
315833,101,43,0
2189133,143,36,0
180733,121,42,0
45230258,134,42,1
1989580,90,27,0
50405,109,54,1
691,118,56,1
43717,140,63,0
29219,95,66,1
16829738,132,35,4
68460,97,29,0
966130,43,8,0
4119832,104,56,1
14998012,70,11,0
367280,78,25,0
1466438,136,41,2
5667,126,42,0
2497446,49,10,0
7729,160,57,0
1642576,136,35,0
18313,154,35,0
71421,144,45,5
54808,134,54,3
19196945,61,9,1
298705,148,30,2
5002871,97,34,0
12727,68,26,0
21474911,180,39,1
1981069,93,55,0
165890,175,36,0
1006330,15,4,0
9428,139,55,0
188432,140,40,0
461211,107,29,1
23591331,149,78,0
37042017,140,16,1
65524,162,57,0
10929788,96,7,0
3463805,3,1,0
3162905,139,30,5
81886,91,27,0
19447,308,32,0
77587,137,21,2
1045217,128,29,0
36419010,131,65,1
43794119,98,54,10
417493,117,47,2
40562,178,52,9
100638,25,16,0
7907317,123,79,5
72898,165,29,1
10934212,117,49,0
373047,145,59,0
20118104,146,23,2
31353,114,22,0
2804704,111,46,0
811714,142,62,6
75758,109,28,1
44767,104,23,1
48297704,141,62,0
40565,140,67,9
54253,95,30,0
3847111,134,188,0
20989,124,71,1
25513219,138,48,0
2796131,259,40,0
42200,129,38,1
6142330,106,30,0
6742,97,14,1
8304348,200,36,2
149536,208,49,1
4897306,69,12,0
88235,132,59,3
16150410,89,74,1
105167,86,23,5
148979,97,52,1
822307,100,48,0
21197,111,21,0
32587,78,69,49
15758205,139,13,0
25452,112,40,0
8980330,154,44,2
152066,177,43,0
231623,90,24,2
31552,180,25,0
33941427,135,83,0
854294,88,142,0
1339436,97,56,14
7708467,136,58,0
2589751,58,18,0
40567,147,61,13
2835536,135,68,1
40313234,136,56,0
30058,95,69,0
26487,148,66,0
22228064,83,122,0
30403,111,47,0
116759,127,15,1
32185161,180,82,1
13831734,177,54,0
26368,135,61,0
40986946,120,52,0
18955999,130,61,1
20727696,40,15,15
70157,178,65,2
4272994,159,64,0
428432,140,24,1
4050068,119,155,0
851475,71,19,0
1017349,185,24,0
29174356,164,86,6
68322,198,74,0
2888022,181,25,0
10597,82,39,0
435024,137,39,0
23713433,173,34,1
622572,205,66,0
22468,118,58,2
4110803,18,8,0
33879727,122,61,5
147853,103,32,0
418646,107,66,3
2823993,7,1,0
41523,122,24,2
3229401,45,13,0
4482,183,43,4
1135593,90,45,2
915081,71,67,0
20155503,207,64,0
102383,135,29,7
324222,169,43,0
7954643,122,8,0
36377373,313,92,0
72866,163,40,0
25784,348,27,6
6861578,184,33,0
4429395,115,55,2
172111,148,64,1
1071653,214,62,0
158267,158,74,0
177765,172,58,2
13567676,78,32,1
23090816,149,31,0
5829721,182,94,0
1557634,189,45,1
391324,130,67,20
481130,128,41,4
52024,90,36,0
3524766,165,57,5
147726,146,71,1
795071,136,55,2
2116,136,55,0
32005,124,13,2
19318,126,67,0
6325873,101,85,3
17454,126,15,2
20320,108,23,0
57851,138,15,0
72243,239,67,0
769016,184,40,0
1669998,123,32,1
74097,186,47,0
703940,120,77,1
1630627,156,84,0
393593,169,42,3
34340,136,57,0
161139,137,13,2
36511,128,11,0
52760867,98,4,0
28613119,172,45,0
26905,117,56,1
162688,128,64,0
57845,84,18,0
2269697,175,63,0
27071,175,40,0
713949,147,24,3
45399040,4,0,0
19606306,130,38,0
3208634,114,21,0
37765,89,10,2
42780592,131,42,1
7517565,152,61,0
3505712,147,65,6
55796083,223,72,1
38894501,231,48,1
37423368,80,47,9
3272427,125,110,0
27687,107,26,0
32668390,155,63,1
5583441,159,20,0
45474,115,36,0
21883857,117,32,5
56978,120,45,0
41668588,189,60,0
100582,131,23,2
48972510,13,0,0
20905,169,51,0
2198844,108,41,1
25160837,159,99,30
538391,261,128,0
4683002,146,115,1
18538,105,22,4
20622,130,35,1
21825423,133,64,2
4131402,152,59,2
6887017,133,69,0
48417107,67,18,0
21221606,135,50,2
159225,61,10,0
21441842,155,55,1
252534,156,19,0
85754,90,20,0
69328,122,46,3
1111684,153,44,0
35981249,126,30,1
872,247,62,1
523329,180,21,2
24894509,154,46,0
75899,151,20,0
18203,96,69,0
1726029,195,46,5
43206,203,66,0
8687911,48,24,0
4339,195,43,0
36765013,18,6,0
44240,166,84,0
18938265,186,62,2
13461936,19,7,0
52847,198,26,0
15476854,174,76,0
18853459,184,57,1
17349356,233,57,4
76762,129,42,0
404829,174,45,1
25000433,158,45,0
7875958,139,58,3
208827,163,73,0
77667,71,52,1
34678382,142,35,0
45337,162,45,0
1800772,117,42,0
18934,178,82,1
15942,150,61,0
19167679,132,71,0
30253888,97,20,0
1348067,268,67,0
527847,221,26,0
113453,127,28,0
43223,185,66,0
93428,76,21,9
314101,184,71,0
14561,134,43,0
3874731,130,48,0
12386,86,32,0
16321,169,90,2
45694879,103,107,6
43675,164,84,0
97509,182,59,1
621328,178,63,0
356777,259,38,0
878854,152,36,0
265778,172,99,8
22614,170,78,1
8484783,196,80,0
28086000,281,108,0
18895385,78,28,5
22163753,195,28,1
