pageid,num_positive_words,num_negative_words,num_controversial_words
20184567,2,0,0
14526706,35,3,0
22351923,10,0,0
20228169,30,0,1
36121147,2,0,0
1064917,20,0,0
14255377,4,0,0
56543038,19,9,0
55135530,24,6,0
8571298,4,0,0
36700599,16,0,0
42720323,3,0,0
13698503,17,1,0
49655256,19,4,0
884044,5,0,0
1924418,12,5,0
32988926,4,0,0
3953738,68,0,0
41578796,10,0,0
4371925,17,0,0
4852233,39,3,0
18406401,23,0,0
1360222,38,3,0
3392292,18,2,0
25717487,6,2,0
774588,17,0,0
6459614,6,0,0
467803,34,1,0
44595957,4,0,0
44319369,29,3,0
4614422,4,0,0
53281811,3,0,0
16759271,9,0,0
46470319,21,0,0
18522414,5,0,0
44282786,9,0,0
15219666,10,0,0
15887917,4,0,0
49133251,32,1,1
51358865,7,1,0
34518150,14,0,0
2865660,37,4,0
6027422,23,0,0
24234930,2,0,0
24001332,7,0,0
9380457,8,0,0
40304660,17,0,0
41174687,15,4,0
10769845,10,0,0
6337740,46,1,0
7545924,29,4,0
48806304,2,0,0
40849708,14,0,0
30577785,38,0,0
2550711,40,1,0
46496429,3,0,0
42579750,6,0,0
7543675,12,1,0
23380995,0,0,0
8839080,16,0,0
13492165,2,0,0
52045918,4,0,0
5744906,6,0,0
19555532,15,0,0
6734490,2,0,0
26951433,6,0,0
14368996,5,0,0
48958475,4,0,0
13437247,6,0,0
36806948,6,0,0
43649260,7,0,0
13017065,2,0,0
18505633,26,8,0
54739124,11,1,0
8493516,17,2,0
11717251,17,0,0
18816116,2,0,0
23589837,11,0,2
3334427,10,1,0
160760,371,45,0
507399,414,63,0
92402,400,25,1
39912374,269,81,3
210710,229,65,1
33186,220,80,0
33589,273,50,4
2457206,493,0,0
89988,327,77,1
66964,329,40,0
870044,449,95,0
111582,403,74,3
4283766,289,88,1
150209,397,79,0
27630477,326,112,5
76972,325,38,4
97404,263,37,2
31737,290,76,13
594,413,64,0
25272709,294,51,4
15123,259,68,1
52233943,471,136,6
41831802,305,67,0
19872006,431,3,0
18154,1012,59,0
7116046,383,150,11
339841,305,61,1
8868062,526,53,1
619761,225,65,0
32905,287,42,5
412059,314,129,0
4349459,271,13,0
36808,606,78,0
36218417,441,144,0
49728,289,15,5
20405,266,56,0
16408009,581,6,0
65064,303,56,1
2615708,288,91,1
43337801,301,24,0
2194173,318,78,3
16578,322,96,4
33277,358,57,4
42004317,362,125,1
24102656,402,85,3
573822,200,59,1
15766,320,53,2
7739570,1094,2,0
26589,352,85,5
16949861,299,46,4
43449,310,56,0
55791,218,89,5
60192,323,34,4
15378788,302,52,1
49121,296,31,5
11003095,351,86,0
1327701,660,24,0
26061,273,22,0
15524,367,69,3
48768,271,30,0
10935907,282,49,3
158986,320,22,1
62654,354,150,0
15872,397,112,2
51320,317,25,0
32073,368,85,1
143377,299,147,3
29023680,297,64,2
2989409,1502,27,0
48722130,237,40,1
66592,278,66,0
606848,368,77,7
5405,315,24,5
11962112,351,20,0
30876071,785,37,0
20519569,1345,18,0
14941202,368,21,1
525160,366,59,10
66256,652,67,1
1660277,405,51,0
53107,278,22,1
35719627,262,96,6
25423,301,27,0
1178438,620,9,0
32927,220,77,4
1757165,306,142,1
62896,327,89,10
95214,286,75,1
25101,340,13,0
280738,365,77,0
4020775,266,69,0
42142305,291,103,1
26902061,261,128,3
44440022,263,58,0
31602166,358,87,70
33135,405,78,1
364285,114,3,0
25263739,319,47,3
102446,358,93,3
29266,429,132,0
85234,268,105,0
18081,413,26,2
8133,355,77,1
15051,333,93,6
31162817,358,140,2
7271,466,118,0
13485,350,81,1
12925855,242,21,0
26714,449,57,0
29265,338,32,5
8687,286,40,4
103443,389,54,0
3414021,339,81,10
15992,413,64,26
25441497,980,3,0
42475403,786,8,0
92656,390,86,5
7723686,532,103,0
38483,435,58,2
417021,315,64,0
263261,326,120,1
15941,459,135,0
277006,316,95,3
21073732,337,95,0
148594,891,4,0
13904,297,49,2
21090338,302,72,0
2711369,262,77,0
46284800,300,52,4
675561,338,77,0
6299613,301,137,0
2632114,395,71,1
59962,792,15,0
43373,361,100,15
1246843,324,118,28
1973,371,99,1
48728,477,115,0
44534,396,73,0
14458973,370,100,4
221708,1023,43,0
504379,262,74,0
33994467,1255,6,0
44471459,5880,0,0
7418510,2467,0,0
18839,428,38,1
3567893,96,1,0
297809,400,61,0
221400,663,39,0
21067650,1111,3,0
18987,362,52,6
7921,1302,61,0
1814362,361,56,3
31655,414,169,6
55271716,174,308,3
29030725,677,4,0
170808,876,10,0
14889,588,194,1
391488,506,113,0
17627721,399,219,0
33265,525,151,7
23805,514,100,8
32434421,640,0,0
782741,656,178,4
24999219,447,139,8
18285325,835,132,0
6453527,2332,16,0
31429503,632,0,0
771,370,131,0
11843604,3950,627,8
9288,590,123,2
19527,439,112,3
43689031,527,0,1
409566,1630,136,2
803894,1485,41,0
47099786,505,107,2
3089277,522,184,1
3266013,307,46,2
2525549,194,110,1
20855562,388,178,0
1234508,703,86,8
30654,1005,33,0
6295613,525,275,2
56017314,288,113,1
13306,348,58,2
17820,352,62,2
31358910,688,2,1
15342038,355,2,1
43633857,629,1,1
3177125,442,216,1
780188,473,59,2
3072809,617,206,1
4922019,747,200,8
46662125,543,46,1
8799338,2118,5,0
5119376,417,114,11
173547,1699,43,0
17862,348,139,2
3397169,36,4,0
19194236,48,9,0
204283,60,6,0
3888092,56,12,0
33031496,37,5,0
2412780,56,14,0
27586261,52,3,0
25012037,47,8,0
2892481,81,19,0
5789543,55,0,0
36246766,75,15,0
13514560,65,16,0
26848243,51,5,0
30414731,86,9,0
2083285,32,4,0
9286738,51,19,2
1602349,45,1,0
1816178,23,1,0
100385,61,6,0
1911160,29,3,0
39066698,59,19,0
33831345,54,5,0
191273,41,9,0
1131625,63,4,0
46241959,239,14,0
2871603,83,17,0
578712,40,1,0
154245,40,3,0
4871845,32,4,0
187337,59,10,0
35337618,46,11,0
29617833,30,6,0
30597047,30,5,0
241267,78,16,0
40417489,44,3,0
40508,65,26,8
2395833,44,2,0
501798,38,3,0
1340309,84,6,0
2089,86,4,0
134583,38,1,0
290189,45,7,0
44785986,58,5,0
44994160,56,14,0
7776179,47,26,0
30806858,30,0,0
1193095,40,3,0
48994238,48,4,0
32560864,74,11,0
25977139,45,12,0
2527229,68,11,0
161091,96,17,2
591604,41,3,1
10072598,48,4,2
4532448,39,1,0
33775893,29,12,0
2293506,45,3,0
15037096,41,4,0
49438681,65,1,1
572939,61,10,0
1251648,39,10,0
33548913,40,0,0
13497621,44,6,0
3018837,28,5,1
2692172,39,4,0
1108893,64,2,0
59806,47,6,0
3655443,32,6,0
35643332,39,3,1
6181660,35,2,0
25645497,56,13,0
105697,62,10,0
232863,72,11,0
37280522,46,6,0
23468778,50,4,0
22944399,35,2,0
12573166,60,7,0
22117825,105,0,0
827225,52,5,0
44509739,89,35,2
20379729,43,2,0
50547541,45,1,0
654162,37,13,0
745853,18,0,0
40538740,55,19,0
3362317,51,14,0
2088125,61,8,0
20647396,24,2,0
2505145,85,16,0
24526226,45,19,0
183610,33,1,0
122822,51,3,0
37910618,42,7,0
628811,57,13,0
933137,66,17,0
9882330,24,1,0
2048467,47,1,0
44527235,56,2,0
4342107,70,6,0
6262423,96,8,0
5289760,34,2,0
149369,72,9,1
5063128,37,3,0
5995136,53,7,0
805891,80,3,0
25389526,38,5,0
34780788,48,7,0
1915347,47,18,0
959907,50,4,0
376818,59,6,2
42678054,49,6,0
1339238,39,11,0
4018311,48,24,0
7026804,21,8,0
26874,124,16,0
22663901,44,0,0
890687,53,4,0
17343590,46,6,0
3234715,67,5,0
47524633,40,3,0
35824191,107,32,0
3816801,43,5,0
21406281,35,6,0
17206737,139,6,0
47939619,69,0,0
15975,49,11,0
6765187,68,1,1
370368,41,7,0
1739180,41,1,0
1303295,48,9,0
11465552,65,22,0
34303868,52,4,0
290007,41,14,0
37803934,61,8,0
1566175,88,24,0
30875868,59,7,0
1014707,84,9,0
682856,69,11,0
1521999,92,15,0
44408842,57,5,0
1376785,205,0,0
3020109,60,22,1
22771176,101,63,0
12583841,100,13,2
56023444,189,12,0
71932,75,12,0
3459338,133,15,0
3804776,46,3,0
52332604,103,15,0
775134,90,10,0
489321,78,17,0
8587412,60,4,0
21661375,101,13,0
198726,70,12,0
35700682,60,15,0
22048289,67,15,0
12315140,57,1,0
45178500,46,4,0
24836896,70,5,0
186193,106,20,0
308856,67,32,0
47952739,85,43,2
35622760,81,30,0
295598,63,11,1
7454967,136,24,0
319571,94,14,0
2940937,83,6,0
6384037,78,37,0
14449214,117,10,0
730831,128,14,0
1056165,81,5,1
125495,61,4,3
144386,81,4,0
2343027,98,13,0
11254,86,12,0
3045642,93,4,0
40484303,120,21,0
31703536,32,7,0
142323,71,21,0
4131678,109,11,0
3158870,107,33,0
37935620,51,27,0
6093697,197,1,0
4311910,70,7,0
24559964,59,13,0
1014906,140,15,0
3582734,78,21,0
23751905,45,7,2
21550326,101,18,0
2288117,76,6,1
27280889,61,8,0
304642,133,13,3
7174830,71,7,0
2023491,58,20,0
249509,108,18,0
414468,65,15,1
231089,81,7,2
1158886,83,8,1
4693368,108,13,0
93097,54,17,0
39645216,141,32,0
10789502,56,2,0
37710702,72,26,0
2523586,57,7,0
18982384,61,13,0
3670297,120,24,1
2008273,86,10,2
8841014,123,52,0
2241312,139,47,0
1429763,87,7,0
962893,81,38,0
632322,50,42,0
7003520,54,10,0
10842431,87,14,0
47256334,77,14,0
43863159,118,16,0
63349,105,7,0
5728194,54,17,0
38400,24,3,0
331582,95,19,0
14158261,85,26,0
40629144,62,19,0
48675263,80,23,0
5073888,97,9,0
16945120,56,1,0
1256334,50,5,0
16035221,96,5,0
713549,88,18,0
6961430,269,2,0
3835759,95,40,1
92556,72,9,0
682848,96,24,0
2061705,101,6,0
4949370,84,20,1
1779727,78,11,0
74610,75,6,0
50689054,54,11,0
405875,91,5,1
10096572,59,15,0
125217,55,2,3
954888,61,9,0
35397147,89,19,1
99887,90,15,1
170592,99,15,0
300561,116,19,1
16653937,61,22,0
1557324,53,13,0
36777018,42,21,3
38230656,130,40,0
11876628,45,1,0
1874173,182,0,0
3982513,90,27,0
238431,78,10,0
12633123,50,26,0
30862857,113,19,1
22635212,67,7,0
10042412,53,2,0
1781700,96,21,0
99692,87,14,0
35034020,149,7,0
4094028,103,33,0
34702110,81,15,0
27881426,62,2,0
1611852,60,3,0
1109998,84,32,0
931802,76,7,0
1070503,77,24,0
166459,109,10,0
272833,80,13,5
1404329,138,7,0
40538,72,22,4
511735,144,56,0
33833363,73,11,0
8220,79,14,0
105949,76,17,0
38274305,112,18,2
7339773,75,10,0
16096064,148,8,0
1752376,90,33,0
17046226,40,5,1
1015585,86,15,0
67118,80,19,0
18952719,63,10,0
725441,112,2,0
427408,76,26,1
602466,91,41,0
2936492,79,3,0
27921792,116,73,2
3029,100,14,0
1161510,70,9,0
4535082,80,23,0
3130242,39,25,0
16307988,182,9,0
573279,52,22,0
1457749,101,16,2
924726,73,21,0
14033347,89,19,0
24809896,164,11,2
106364,127,19,0
105496,76,7,2
3584913,95,42,0
52369,79,13,0
50252,79,8,2
5715768,100,10,0
18758,105,18,0
46466350,131,24,0
1933002,58,12,0
37631502,45,0,1
917232,66,2,0
3175841,78,5,1
60589,103,17,0
151296,136,4,2
35503,56,6,0
8585019,90,21,0
6204551,60,6,0
26262847,99,12,0
342044,83,12,0
107340,101,3,3
739857,85,14,1
2560,117,8,0
2983197,174,24,1
339394,117,34,0
178247,43,1,0
33409644,100,8,0
1922844,96,7,0
1117176,139,11,0
31639348,63,12,0
41563858,65,5,0
968195,96,11,0
274099,99,35,0
10728305,149,20,0
679825,149,17,0
7081361,101,22,1
2055543,59,17,0
25339584,110,47,0
348826,161,0,0
518534,62,6,3
2002565,165,4,0
40155866,54,11,1
2898867,69,21,0
23833750,164,8,0
10324687,157,6,0
156475,81,15,0
83490,83,18,0
167546,107,8,2
523336,77,1,0
56476,71,31,0
107664,90,10,0
1398923,58,6,0
1465328,67,2,0
1931006,63,9,0
306282,79,18,0
426670,64,10,1
192842,216,8,0
361572,118,20,1
363851,59,15,0
18017138,112,20,0
11792907,37,1,0
36084003,66,30,1
32526367,45,1,0
1385430,103,14,0
815329,73,38,2
6920,104,8,0
24975063,131,2,0
6586391,49,1,0
5984845,54,39,0
7994324,51,14,0
888170,72,9,0
9770,98,11,0
1141438,97,8,0
40713040,106,7,0
53141433,97,6,0
1340054,62,3,0
5115369,50,4,1
24986,121,65,0
2473210,77,30,0
29656,100,17,0
1749936,114,33,0
2491879,69,5,0
1533029,73,35,1
929103,131,40,0
71508,100,20,0
497407,124,16,0
5884515,96,11,0
10817356,118,27,0
19718995,127,7,0
1014518,93,12,1
184483,64,25,0
286096,84,10,0
4009240,89,29,0
3332238,92,38,0
49238177,85,37,0
22715390,85,3,3
55319,83,8,1
43473072,87,10,0
67252,91,8,0
3072290,114,9,0
16013305,49,9,0
2727079,98,16,0
588260,165,19,0
11647604,44,0,0
2706504,103,10,0
780802,118,10,0
10068310,79,17,0
16690255,117,28,0
153421,60,17,0
18594320,104,14,0
20799079,55,4,0
18933243,88,5,0
26162979,94,24,0
14238443,67,10,0
173562,87,11,0
47879432,65,13,0
152480,79,7,1
349628,52,15,1
30863072,122,13,0
31555577,88,9,0
64460,54,15,0
15102522,85,16,1
459319,96,9,0
24748820,33,0,0
4967784,64,12,0
7955217,86,17,0
2894675,68,23,0
5205969,51,16,0
410980,97,14,3
6717473,215,1,0
3838884,104,21,0
266217,156,22,0
1211852,96,8,1
35764429,67,6,0
179501,79,8,0
827703,58,8,0
842468,100,7,0
20739,84,15,0
1255065,100,16,0
8106609,216,10,0
7563097,87,21,1
47081476,76,22,0
14122398,77,17,0
274910,102,48,0
15632813,76,31,2
46722965,82,21,0
34001262,77,33,1
2771937,97,7,0
3101120,70,22,0
872331,88,15,1
14165009,69,9,3
44938429,39,42,0
795617,124,12,0
42502890,63,8,0
212253,70,2,0
2122568,62,15,0
12994019,94,16,0
13893101,93,18,1
244468,138,15,0
25342885,53,12,0
91411,75,18,2
13966436,62,10,0
4471439,94,13,0
50513,115,19,0
14459001,109,11,0
32688979,79,0,0
33160132,86,15,0
30840,108,15,0
178855,106,12,0
8262493,68,24,1
1305044,153,12,0
12153180,128,0,0
23620137,121,17,0
68319,112,14,2
13789924,149,20,0
3348541,141,28,0
356375,124,23,0
454583,138,9,0
224692,90,16,0
2213684,84,31,0
14129491,131,35,0
11943453,84,6,0
1108214,155,25,1
13828397,116,13,0
2782833,83,19,0
93931,112,10,1
8887003,105,18,0
188073,93,11,0
275132,92,21,0
999748,105,37,0
27022415,138,41,0
168430,135,11,0
74095,87,53,0
2985470,122,33,0
379362,548,0,0
175028,150,14,0
26949079,130,14,0
3130850,81,5,0
134672,120,8,1
39563304,59,2,0
914869,142,12,2
164676,144,27,0
548667,127,22,0
2632897,175,36,0
31655498,111,26,0
723638,112,18,0
50432,167,49,0
10327401,72,7,0
401877,178,21,0
21761,366,4,4
2217991,149,13,0
87679,100,10,2
40528,108,34,9
3635710,184,16,0
7990664,175,18,0
217231,148,21,2
30250971,131,18,0
32077,164,14,9
18998781,130,19,5
48550979,99,1,0
82471,127,17,0
115635,156,6,0
28330,130,52,0
183906,133,21,0
31827,127,14,2
2492394,92,16,0
102685,154,17,0
6719,111,10,0
145971,133,34,1
2313472,91,14,0
23340,104,25,0
51592861,112,23,1
33098504,109,4,1
27372858,130,16,0
1300344,130,27,0
6146151,105,10,0
317562,117,7,0
275138,90,5,0
4364873,151,30,0
50771,122,6,1
1104730,130,26,0
124770,116,5,0
83220,84,5,0
10447140,126,44,0
419557,85,41,0
859943,135,7,0
10768291,55,0,0
10601100,135,22,0
1934406,129,22,0
831647,56,11,0
715706,83,13,1
9623056,86,6,0
17766232,103,22,0
8506316,234,21,0
27649750,106,35,0
367133,128,25,0
2099143,107,25,0
529667,126,10,0
498538,111,12,2
5981816,157,21,1
43158925,93,35,0
15789,404,3,2
51521,84,29,1
806449,89,16,2
1198487,157,18,0
1346058,201,11,0
124259,115,2,2
982871,114,22,0
21312284,106,33,0
40514,137,18,7
3238282,135,27,0
60845,170,17,0
6121100,191,12,0
38847341,107,40,0
220884,118,22,0
2966253,111,40,0
2937699,74,20,0
1658647,156,23,0
195759,119,29,0
35968446,77,32,0
663591,103,21,0
5870424,152,13,1
700610,118,12,3
43069,84,17,0
525669,95,30,0
192648,121,44,0
1181193,85,8,0
1572499,100,27,2
11815157,195,6,0
5810035,149,56,1
827842,96,13,0
45968,125,13,0
523884,141,12,1
6250,147,9,2
3991823,107,9,0
2212656,88,5,0
21207459,130,7,0
23387941,112,33,3
2797419,74,59,0
33637422,102,22,3
56006691,101,23,0
14702,125,17,0
3726984,106,26,0
2155909,149,14,0
206705,114,28,0
2627520,127,17,7
798332,130,19,1
186859,122,9,0
44950234,56,12,0
9590163,186,12,5
10038508,84,12,0
5728405,81,26,1
1006164,183,14,0
104944,116,50,0
456066,106,26,0
366061,96,17,1
27417613,199,3,0
305917,128,24,2
157232,201,19,0
69802,101,14,0
264105,200,10,0
81456,139,45,2
9955,127,31,0
377606,136,5,0
5785,174,78,1
21184,116,7,2
32227599,94,24,0
23219544,103,33,1
140469,143,45,0
51510,143,21,0
9933726,275,41,0
32642,169,46,1
219640,149,20,13
216849,120,32,0
94158,437,3,0
424928,102,27,0
23275402,104,19,0
869945,211,26,0
8817404,203,22,1
24536543,139,24,1
30555,179,52,0
24511019,103,44,0
234842,127,17,1
3437663,157,12,0
350072,142,70,0
80028,174,41,0
1505381,114,19,3
2046288,136,19,0
55032,400,4,3
4121869,160,22,1
125176,152,6,4
219056,157,20,3
5962511,119,26,0
11793227,200,12,0
232847,154,11,0
58586,155,26,2
14187933,127,51,1
7893,186,31,0
21836,124,20,2
329949,173,23,0
195552,177,40,0
364934,190,22,1
17939402,215,18,7
10091322,200,34,2
32220228,117,44,0
170029,188,13,0
786545,81,8,1
1774390,124,32,1
1485652,170,19,0
409855,131,15,0
147748,122,22,0
47762,172,17,0
9164577,115,58,0
1540309,102,23,0
194896,134,26,2
70718,168,34,0
32623,181,31,0
37009650,132,34,1
80027,167,35,0
286458,175,36,0
2845579,912,6,0
8613,95,14,0
964717,175,35,0
16692,140,9,0
332248,118,30,0
576969,226,43,1
23362908,136,25,1
1803489,134,36,0
30307259,181,11,1
21049733,141,42,0
32096,99,2,0
1202355,108,8,0
157302,90,66,2
193684,124,17,0
6082436,111,15,0
125436,134,8,4
620602,81,22,0
10286612,191,78,2
186797,147,33,1
277310,126,17,0
22210561,175,27,0
7950181,99,6,1
844184,100,9,3
35843293,105,18,0
325831,126,16,0
65133,148,37,0
176316,134,20,1
56101,154,40,0
163382,126,25,0
37476190,152,11,0
31717023,210,4,0
97774,132,34,0
127894,142,12,0
238677,152,22,0
89442,117,21,0
566647,163,39,1
579570,173,24,2
1225426,121,26,0
23488052,160,35,0
32122390,377,2,0
4704229,213,30,0
1300409,198,38,0
3170723,241,4,0
18736289,181,47,0
2275412,147,37,0
6589,130,47,0
160434,115,25,0
40566,151,26,8
171325,104,23,0
324,154,24,0
447089,203,17,0
1620297,141,24,0
269046,133,36,3
7166373,12,0,0
38072719,169,19,0
14937814,151,28,0
1804336,116,21,0
43331629,118,13,15
50310081,138,9,0
19642082,137,34,13
41592580,104,39,0
22796,130,18,7
11962266,295,38,1
142154,112,36,1
29542497,184,55,1
136960,152,42,0
166163,154,48,6
113933,147,25,1
35701370,136,1,1
628782,184,30,3
35998553,266,57,0
27005455,220,23,0
184170,141,29,0
5052533,250,31,1
14477322,179,22,0
13684,171,40,0
29711529,114,31,2
23470968,2965,0,0
16924903,198,36,1
300279,204,32,0
20384579,140,28,0
26857471,218,31,1
33476103,112,25,1
24189541,231,47,1
83620,258,28,0
1008284,225,31,1
99959,232,45,2
37364982,153,25,0
655221,174,19,0
29684300,159,58,1
78023,246,31,6
145325,176,28,1
16354915,119,42,1
156858,131,75,1
5405088,339,23,0
265083,148,22,0
2746666,103,25,0
143914,142,13,1
3844691,171,32,8
158079,219,36,1
1133844,193,32,8
63816,192,18,2
761462,166,82,1
3344863,208,173,10
64610,154,19,1
384676,118,44,3
24589,187,32,1
97831,212,40,0
27497535,117,30,1
884607,223,15,0
151051,163,10,1
14078934,242,20,0
30717904,194,50,0
22514299,207,99,0
759317,207,56,1
505833,137,17,0
400103,117,15,0
525737,118,32,1
40480187,139,44,0
207655,182,42,0
320965,174,15,0
36078060,142,47,0
15361,158,27,1
108243,190,23,0
3099417,134,19,0
46823,163,46,0
1495667,184,45,0
62682,184,14,6
6173299,224,23,0
893219,159,23,0
1175257,215,21,1
344859,169,28,2
256925,176,9,3
2067,113,7,3
2065634,128,14,1
917941,170,36,0
712828,299,27,0
607552,164,40,1
314292,144,14,0
1308385,136,39,0
1795025,175,13,0
49040304,197,23,0
9105,136,18,0
261654,251,51,0
238811,163,66,0
30505250,154,70,6
22999784,216,50,3
9549,174,39,0
61145,185,51,2
8455187,189,86,0
46217753,153,45,0
27235473,166,57,0
1700717,186,20,0
565730,225,52,2
8498162,287,28,2
1775833,192,81,0
36623,166,29,0
660931,193,53,0
42646393,131,13,0
1577801,247,14,0
204706,182,34,1
9543863,217,58,1
489133,134,31,0
40457153,133,47,1
387623,156,16,0
15300612,163,82,0
15271,270,18,0
5240186,168,77,0
27490,265,66,1
22434448,223,51,1
1117450,133,30,1
5437,219,27,0
18253454,266,36,0
4996,207,40,0
18113207,158,29,0
2368408,118,28,1
19363129,191,33,0
6001027,231,28,0
50888873,283,26,0
8358106,218,19,0
46272899,181,25,0
9647504,172,34,0
186716,258,26,0
256268,208,22,1
230189,121,40,8
78358,312,29,0
2346975,195,37,6
24962835,325,69,0
1051262,288,42,7
60027,207,50,1
7586,216,41,0
14474647,283,69,0
2539671,179,62,1
5464960,259,30,0
6055195,143,36,0
125794,168,12,4
70671,361,17,0
6293,193,21,0
518843,215,34,1
331550,197,30,0
355738,193,26,2
208691,295,23,1
1439427,200,67,0
26781,252,15,0
31692117,287,27,0
28394320,180,82,0
41536,196,29,0
1029,239,66,0
24404702,234,30,0
262979,271,35,0
30857,261,32,1
42685705,126,45,1
23407882,189,46,0
6015943,180,27,0
33161913,183,69,11
23626,258,74,1
26202,191,48,0
8100768,149,3,0
262260,213,14,0
827717,136,65,1
32291112,304,34,0
32009,206,40,20
1053949,187,84,0
27662703,178,53,0
32070455,170,35,0
94040,241,36,3
731896,156,20,8
9623,240,11,1
1506903,182,29,0
506881,188,48,2
303434,294,20,2
517136,203,55,2
8253,218,7,2
265857,156,23,0
30871090,150,28,0
37010,239,56,0
12441,173,52,1
36118062,257,35,2
1130,239,62,0
2103628,184,23,0
4079673,383,34,0
38743,186,22,3
28920167,200,35,0
6357903,129,3,6
8783,207,51,1
49856,238,21,0
202133,191,51,0
1514405,455,48,1
99312,192,21,0
2676764,110,35,2
89260,142,22,0
295217,183,34,0
43459,194,32,0
153041,164,63,3
5265384,285,134,20
19188562,259,25,0
20587985,148,10,1
12499410,274,40,0
20556944,204,50,2
20007045,357,49,0
1111358,238,65,0
503750,119,40,0
25736,232,26,0
12552804,244,29,0
30864385,203,17,0
18932608,194,40,0
73592,165,87,7
14464969,460,65,0
372810,158,6,0
66440,190,48,1
16125,251,45,0
24602,366,28,0
15867436,146,46,0
23309899,214,53,3
5706993,258,33,0
112607,231,12,2
26062515,121,2,0
48311285,165,29,1
315833,178,48,0
2189133,262,36,0
180733,205,42,0
45230258,211,48,1
1989580,186,31,0
50405,184,55,1
691,195,62,1
43717,327,62,0
29219,192,75,1
16829738,203,38,4
68460,172,29,0
966130,189,8,0
4119832,211,62,1
14998012,204,11,0
367280,170,27,0
1466438,249,42,2
5667,286,49,0
2497446,604,14,0
7729,260,62,0
1642576,213,37,0
18313,278,42,0
71421,232,47,5
54808,215,60,3
19196945,291,8,1
298705,306,34,2
5002871,189,34,0
12727,1006,25,0
21474911,248,49,1
1981069,185,56,0
165890,286,42,0
1006330,182,4,0
9428,222,75,0
188432,275,40,0
461211,205,33,1
23591331,238,82,0
37042017,227,18,1
65524,280,60,0
10929788,291,9,0
3463805,307,2,0
3162905,258,35,5
81886,193,29,0
19447,736,34,0
77587,242,22,2
1045217,251,31,0
36419010,229,64,1
43794119,218,56,10
417493,160,51,2
40562,261,55,9
100638,783,17,0
7907317,247,86,5
72898,276,29,1
10934212,208,55,0
373047,243,74,0
20118104,247,23,2
31353,228,25,0
2804704,204,53,0
811714,221,70,6
75758,347,33,1
44767,243,24,1
48297704,260,68,0
40565,230,69,9
54253,183,30,0
3847111,202,201,0
20989,218,77,1
25513219,218,50,0
2796131,438,45,0
42200,235,39,1
6142330,258,31,0
6742,180,17,1
8304348,311,41,2
149536,312,47,1
4897306,491,12,0
88235,301,60,3
16150410,132,75,1
105167,184,28,5
148979,165,55,1
822307,269,52,0
21197,276,21,0
32587,178,80,49
15758205,248,14,0
25452,224,45,0
8980330,241,48,2
152066,290,47,0
231623,159,26,2
31552,342,26,0
33941427,198,95,0
854294,190,174,0
1339436,220,58,14
7708467,264,65,0
2589751,477,19,0
40567,262,66,13
2835536,214,70,1
40313234,249,61,0
30058,189,81,0
26487,424,86,0
22228064,176,176,0
30403,315,51,0
116759,232,16,1
32185161,303,91,1
13831734,331,56,0
26368,214,67,0
40986946,182,56,0
18955999,194,69,1
20727696,191,15,15
70157,284,70,2
4272994,249,76,0
428432,235,27,1
4050068,250,158,0
851475,152,19,0
1017349,279,26,0
29174356,303,96,6
68322,295,80,0
2888022,331,30,0
10597,228,43,0
435024,275,42,0
23713433,291,38,1
622572,282,69,0
22468,198,61,2
4110803,665,9,0
33879727,216,66,5
147853,444,35,0
418646,212,68,3
2823993,856,1,0
41523,232,25,2
3229401,705,18,0
4482,293,46,4
1135593,259,51,2
915081,373,77,0
20155503,308,67,0
102383,225,30,7
324222,299,46,0
7954643,227,9,0
36377373,808,96,0
72866,304,41,0
25784,470,27,6
6861578,285,36,0
4429395,233,53,2
172111,251,68,1
1071653,318,73,0
158267,254,77,0
177765,309,65,2
13567676,185,35,1
23090816,368,31,0
5829721,264,104,0
1557634,1442,57,1
391324,275,74,20
481130,257,48,4
52024,192,40,0
3524766,278,61,5
147726,259,75,1
795071,226,63,2
2116,213,58,0
32005,232,14,2
19318,204,68,0
6325873,244,85,3
17454,321,16,2
20320,246,24,0
57851,266,16,0
72243,344,67,0
769016,329,42,0
1669998,223,35,1
74097,290,47,0
703940,210,81,1
1630627,254,84,0
393593,271,50,3
34340,193,62,0
161139,259,13,2
36511,233,16,0
52760867,305,6,0
28613119,308,53,0
26905,206,61,1
162688,225,70,0
57845,255,21,0
2269697,273,68,0
27071,294,43,0
713949,278,24,3
45399040,98,0,0
19606306,220,40,0
3208634,173,23,0
37765,208,11,2
42780592,225,43,1
7517565,247,65,0
3505712,259,69,6
55796083,388,75,1
38894501,398,52,1
37423368,220,52,9
3272427,236,123,0
27687,227,27,0
32668390,246,68,1
5583441,357,30,0
45474,192,39,0
21883857,228,34,5
56978,194,45,0
41668588,288,63,0
100582,273,28,2
48972510,129,0,0
20905,288,57,0
2198844,298,44,1
25160837,239,109,30
538391,673,161,0
4683002,191,140,1
18538,332,22,4
20622,270,39,1
21825423,234,67,2
4131402,249,63,2
6887017,294,74,0
48417107,172,19,0
21221606,224,57,2
159225,593,11,0
21441842,219,62,1
252534,310,19,0
85754,522,23,0
69328,225,50,3
1111684,308,47,0
35981249,261,30,1
872,362,68,1
523329,243,23,2
24894509,250,57,0
75899,266,23,0
18203,775,73,0
1726029,320,49,5
43206,325,75,0
8687911,478,28,0
4339,302,44,0
36765013,774,7,0
44240,300,91,0
18938265,313,63,2
13461936,487,7,0
52847,311,27,0
15476854,344,85,0
18853459,255,67,1
17349356,494,59,4
76762,265,47,0
404829,314,50,1
25000433,285,45,0
7875958,280,58,3
208827,245,83,0
77667,174,58,1
34678382,217,46,0
45337,783,52,0
1800772,192,59,0
18934,321,100,1
15942,337,68,0
19167679,255,84,0
30253888,192,20,0
1348067,450,78,0
527847,335,29,0
113453,289,32,0
43223,325,75,0
93428,214,22,9
314101,299,77,0
14561,244,44,0
3874731,262,50,0
12386,690,34,0
16321,271,98,2
45694879,201,113,6
43675,263,97,0
97509,284,63,1
621328,268,70,0
356777,361,40,0
878854,247,37,0
265778,319,111,8
22614,341,99,1
8484783,325,77,0
28086000,506,119,0
18895385,262,28,5
22163753,345,28,1
1332334,111,31,0
415767,243,83,4
12232585,286,138,2
684813,176,42,3
20764470,17,6,0
1553191,255,76,1
201936,519,122,4
31150160,226,77,0
47374,216,5,1
21538638,203,54,0
12561015,152,37,1
167884,36,2,0
33933496,25,1,0
1673370,63,26,0
5069516,217,90,8
275051,154,62,1
82065,37,10,0
2047065,13,0,0
765,157,45,270
307,434,119,4
2731583,301,74,2
58809,252,137,8
2343,77,7,0
49392,411,48,0
2503,178,37,0
2162,159,39,0
18947965,200,22,2
1653,110,37,8
894,195,110,0
10934212,208,55,0
1921,405,79,0
251879,105,20,1
5042706,278,81,20
48370461,167,23,1
166702,179,31,2
161947,120,32,2
624,287,54,3
500309,23,0,0
736,375,59,1
717,193,16,0
2965,216,91,1
358934,92,12,5
212472,220,58,0
45214,74,29,1
5297192,16,1,0
55313,158,45,11
381552,27,18,0
1845,371,160,1
18914017,226,161,1
1902,91,32,0
1950,431,120,25
863,348,126,2
521057,177,42,4
5315944,31,2,3
1131183,293,32,8
1973,371,99,1
172479,18,2,0
19346935,161,46,1
4097799,255,56,10
2460,146,70,0
12,298,37,0
1023,388,152,0
1630179,100,6,0
22320587,200,57,12
315087,72,45,3
432972,33,3,0
1623,375,132,4
99881,164,25,2
864,243,22,0
232035,74,23,5
48522,113,13,1
72671,216,34,1
5792809,230,37,2
800,147,21,0
331538,67,12,0
2314,61,12,0
52045701,51,3,2
205522,223,92,12
68335,112,34,0
700568,79,14,0
4577283,76,10,0
569,272,23,0
283205,309,77,2
43441237,58,13,1
2197030,52,29,0
8814638,91,27,0
42762068,68,23,0
1429917,160,49,1
571440,144,21,0
1078,357,128,2
2200527,365,122,2
37873196,32,3,1
80740,283,104,2
2944,188,44,2
155033,100,8,0
140376,367,107,1
1806,359,70,8
309935,231,50,3
51669,33,4,0
42277,135,28,0
274539,87,17,1
6341469,142,96,0
24107,171,27,1
230025,125,35,0
23555,416,68,0
150136,89,7,0
60857,276,101,11
951581,264,101,0
52970,159,45,0
23639,154,40,0
560876,171,43,2
273444,53,2,1
416366,68,7,0
253413,111,27,1
39609876,59,11,1
2100405,97,20,1
23440,328,38,7
199823,58,8,0
7518210,4,0,0
24507,295,48,3
771182,66,14,0
3727944,32,2,0
2266653,368,275,0
2252913,217,71,0
22954,392,80,1
23221,114,16,0
44469,139,30,0
23745,181,30,1
24326,224,53,1
22936,493,47,5
17458566,58,9,1
16367528,28,6,0
275297,196,13,0
23213,166,35,2
23996,251,20,1
15611519,14,2,0
22986,92,15,1
21259,39,7,0
24872,123,22,0
460821,41,27,0
24591,210,44,2
24475,253,113,1
199630,120,14,0
24020,54,7,0
23805,512,100,8
23808,456,119,1
23475335,338,127,2
1704222,62,9,1
940606,84,7,0
1328272,48,4,0
5710507,117,39,3
175357,112,37,1
27620742,29,11,0
64959,356,112,7
1771587,209,62,12
1630282,15,3,1
663540,214,42,0
429542,196,95,6
169086,95,15,0
24113,172,46,1
3009092,68,26,0
51511,173,34,0
125248,195,46,4
14457,151,15,0
72201,125,12,1
24095,335,61,2
1677192,90,7,0
19008450,227,86,6
24856,151,25,2
15394859,227,77,2
15157915,207,65,141
37857,276,42,2
371248,201,31,0
18973869,143,27,2
147707,64,5,0
471603,161,39,2
6729144,177,18,0
23041,429,100,5
23037,337,46,0
36922,301,51,0
7954867,316,30,0
319505,295,51,1
47717515,52,9,1
25614,314,123,0
25614,314,123,0
26494,335,123,1
30862657,76,12,0
15181647,26,7,0
2634236,76,23,0
49444,44,3,0
26316,156,51,1
25613,314,112,2
28358650,144,34,3
25421,196,21,0
18945847,363,42,0
7980471,227,127,2
25854438,76,28,3
25421,196,21,0
375137,29,5,0
43488,237,24,0
43488,237,24,0
7627929,62,9,0
221749,74,15,1
22424,55,11,0
25382,115,56,0
70157,279,70,2
3829005,209,37,4
25806,408,81,0
43243,250,69,2
11587,111,16,0
63317,247,48,33
1544191,27,12,0
23564616,192,16,2
526399,136,35,0
32070,338,39,32
347422,81,9,0
5622894,106,48,0
25867,166,30,0
957537,21,0,0
25473,351,110,5
231156,111,16,1
32296110,58,27,0
250943,66,2,0
8354382,162,17,2
2110323,239,30,0
444216,11,7,0
240547,74,31,3
21131695,349,117,7
161466,150,48,1
168601,96,46,1
26152,269,45,0
615807,127,14,0
25433,414,111,14
93791,136,23,3
44205,237,50,4
376985,134,35,0
25938,236,86,7
25427,208,41,9
17446303,160,41,7
242570,54,6,0
23747676,115,15,0
4057953,104,13,0
45218,162,20,0
29490,294,52,1
206365,87,48,0
27931,103,17,0
51487,198,53,10
40112,248,44,1
249623,240,88,7
23409759,56,9,0
27122,362,67,2
165404,70,10,0
26915,193,50,1
2941511,289,68,5
338065,119,14,0
27694,194,72,0
27706,233,64,0
144178,237,42,0
763013,291,39,2
349303,352,67,3
27790,175,88,2
1737582,67,8,0
26833,365,74,1
13118744,371,104,18
1163228,78,45,14
418732,84,12,0
21171721,150,27,6
34495117,30,9,3
152447,120,11,1
317383,146,20,7
324091,90,35,0
466454,113,38,0
69795,213,41,0
150374,142,82,0
18842168,118,11,3
168714,364,126,2
286527,66,9,0
5058690,242,102,1
5058690,242,102,1
59512,136,8,1
10733176,200,83,1
28632,285,45,9
43116037,177,86,1
1305554,178,55,2
2957039,78,28,2
7397019,48,12,0
236331,268,145,1
1316116,61,26,0
19019270,99,74,2
31635665,235,57,1
28840,255,73,5
5594647,25,11,3
27159,280,67,1
189909,45,19,0
1130664,17,4,0
384706,136,24,1
26743,328,66,0
28399,62,4,0
26909,522,136,7
28307,78,48,0
25862547,218,18,0
9603757,87,11,0
27992,367,84,2
29440,88,10,0
3895745,415,34,1
12254052,180,49,1
4124046,435,130,1
743769,35,1,0
88923,171,16,2
26847,448,69,3
25664190,234,81,0
175811,402,44,0
13690575,242,23,0
2095829,281,98,7
27655,59,6,0
18932365,94,35,0
17416221,256,35,6
27977,298,31,1
32350676,252,36,0
816925,57,5,0
179553,223,46,6
24795561,112,15,0
26779,322,62,0
26950,47,4,0
4751135,187,55,0
26667,422,36,1
18842471,286,57,0
5980301,246,92,1
189109,115,12,0
28265,240,61,1
21496026,376,90,1
28480,350,26,0
148956,82,10,1
25272420,156,69,4
16146360,151,40,0
17157886,222,20,0
26678,294,50,0
27783,87,31,2
335195,233,32,1
18956166,213,73,2
640689,76,11,0
38466392,279,30,1
1380550,303,59,10
16844797,115,24,0
59606,12,5,0
27421,210,23,3
28246,483,55,0
427707,139,22,0
1514981,157,50,5
102075,138,59,15
27999,107,14,0
218299,139,28,0
26748,311,56,3
486017,153,35,0
28642,137,25,0
666601,46,3,1
29612,35,5,0
1337691,251,30,1
30741795,443,110,3
30658,153,77,0
61117,35,8,3
31438,160,14,0
30635,412,123,1
30077,196,17,0
30797,90,12,3
30297,394,83,0
5422144,169,22,0
56481,92,91,0
22754875,295,78,11
21898839,84,17,0
143377,299,147,3
1151958,143,41,7
184136,381,126,13
30475,119,24,1
83859,464,99,9
10839777,217,26,1
149014,45,9,0
169496,100,17,0
65719,273,56,0
1056144,27,0,0
428819,147,46,1
30636,223,68,0
63578,76,10,0
1351855,26,1,0
29810,308,45,5
38711,240,100,1
29812,429,62,1
1397993,53,15,0
137840,226,66,0
30680,245,43,4
1923870,180,46,3
65735,85,40,2
29838,390,48,1
656307,161,17,2
30535,484,123,8
528543,64,16,0
221998,39,16,0
29922,319,71,2
58397,176,112,3
65192,137,15,0
44534,396,73,0
31516,173,14,0
43356,177,52,80
18582416,182,28,3
83045,106,12,0
31535,152,67,3
30942,176,29,0
31175,304,83,1
31460,118,11,0
3301347,345,57,5
47702,302,243,1
216188,35,23,1
71973,118,48,0
2723695,12,6,0
19904525,199,79,0
21694424,182,76,1
21694424,182,76,1
35152422,80,35,1
157873,63,10,2
348486,120,17,1
14594,147,35,1
29920,517,81,1
31341,233,52,1
1182836,84,13,0
30018,62,9,0
25168720,147,19,0
31429,445,44,0
9988187,381,59,9
863,348,126,2
52780,307,34,1
31814,256,45,0
32191,273,106,2
31750,470,53,6
31814,256,45,0
31769,216,23,0
3434750,358,65,15
32009,206,40,20
446555,39,8,0
37293,46,17,0
31902,166,39,0
31880,303,52,0
16118202,299,34,0
337755,117,25,19
243927,171,40,0
1742315,217,115,1
132472,156,28,0
30972975,23,2,0
333091,80,26,0
305561,193,55,0
928412,22,4,0
32587,181,80,49
32591,278,99,66
11737832,89,29,0
183050,55,9,1
19220448,271,130,0
32611,394,130,5
47150,32,7,0
93767,65,3,0
239897,235,21,3
11015252,380,83,0
32817,345,53,5
47896187,309,73,2
33589,278,50,4
32917,188,32,3
34059,476,189,0
1181646,189,54,1
13425800,273,71,4
4091662,93,36,0
33622,81,11,0
15380061,172,42,5
52382,242,76,7
33422,330,67,3
231184,46,0,0
265307,58,10,0
16597487,161,23,1
53976971,52,17,0
33545,202,35,0
376898,251,97,3
21208262,149,21,2
2495537,87,17,0
166202,234,54,0
33178,53,17,0
54985,111,19,1
154823,161,27,0
30780454,76,4,0
11577295,20,1,0
32897,195,30,0
860924,156,18,0
2289648,270,73,0
33683,60,12,0
91221,98,24,1
11185,264,50,6
33183,155,29,7
145439,433,119,38
37483,28,1,0
33523,386,106,13
33278,181,34,1
31582928,27,6,1
67173,109,18,1
4764461,519,174,0
32927,221,77,4
148898,205,33,6
24548445,66,18,1
2752,118,36,6
6821757,57,38,1
37556,149,60,1
162615,270,123,0
2122,194,63,1
15247542,280,112,0
21785,143,48,1
11778948,298,113,1
5491859,70,14,0
18933396,171,31,4
1030,130,30,0
25,191,80,0
1195328,49,10,0
5612336,53,28,0
150056,106,40,0
879858,20,9,1
19344654,300,31,0
4545,420,187,2
4173,356,117,2
867145,66,22,0
19360669,168,27,0
3979,176,37,0
534366,307,40,11
335069,97,18,0
72336,275,25,1
4375,197,46,0
4792,248,62,7
364813,256,51,5
3738,219,51,0
447382,168,55,0
3205662,97,38,0
501984,165,36,0
3427,156,40,1
699349,311,63,2
19283178,487,166,0
3722,305,83,0
20650188,121,53,0
41353912,187,25,0
44431,61,21,2
2100861,48,28,0
4116,304,82,1
1555010,215,44,0
3356,273,67,19
188564,157,43,3
191941,86,9,3
51614,144,35,2
321263,121,45,7
239098,237,22,0
3803886,46,10,0
244098,69,11,1
44751865,237,59,2
4874,204,50,0
20648200,173,56,0
851008,44,17,0
65426,10,1,0
88857,208,64,0
55309,149,50,0
5030,116,74,0
11015826,201,39,0
27417455,97,26,2
64692,229,110,2
68244,237,76,0
392807,251,66,1
5574594,156,44,1
186319,388,116,2
23278520,235,46,7
4950,169,37,0
3463,271,26,1
44849,150,16,2
70547,217,104,15
8269855,64,16,1
3845,128,23,2
4294,398,99,3
3382,279,24,2
38748,289,65,2
73887,51,11,0
773158,177,31,1
639800,183,67,1
3267529,395,85,0
23278125,208,55,0
682722,30,6,0
24133117,83,39,1
87179,165,43,0
62028,154,25,4
46924,166,90,4
773158,177,31,1
5407,288,29,5
6852,167,48,1
160811,157,26,0
5042916,205,16,1
105219,244,109,11
5902,176,73,118
5416,570,116,3
42031,262,53,0
685631,32,13,0
2184033,50,6,0
537968,273,74,13
5282,223,30,0
425757,115,29,0
2450993,91,8,1
6822,271,32,0
678255,63,17,2
606848,368,77,7
553050,61,5,0
5920,76,13,0
17253537,149,52,0
320023,215,41,1
68319,112,14,2
6907,164,13,0
42635,103,38,5
51255,732,237,5
278119,104,22,0
80696,368,68,5
6100,28,1,0
50490,210,39,1
6886,304,27,2
5945,218,28,1
5465786,26,0,0
1651190,74,13,3
250193,92,21,0
5405,310,23,5
5751,192,29,2
15147453,93,11,3
7738,250,146,0
2627820,167,43,0
5847204,227,66,12
196570,40,5,1
125309,318,147,0
63317,247,48,33
5211,363,56,1
345597,95,15,0
5635,250,59,0
73626,209,45,0
1281795,105,19,1
6438,115,18,0
6671,262,46,1
8718425,191,88,0
28291766,213,89,12
8389,194,141,2
6910,162,30,0
5987,224,32,3
208413,158,37,1
191704,119,62,0
241649,52,26,0
325329,341,72,4
7463,269,201,1
13886661,127,22,0
20914042,124,20,0
9209651,155,26,0
215623,69,14,0
215623,69,14,0
158177,234,62,5
7023,483,190,1
95801,110,16,0
2298740,277,64,8
6623,265,84,0
41568624,457,109,0
5530,147,20,1
5919,38,5,0
7283,49,11,7
26410,224,98,0
5278,162,67,0
18948365,237,75,0
5648,285,28,0
5714828,151,23,1
5655,210,58,1
7683,185,71,0
5326,252,61,0
49823,152,29,0
5785,174,78,1
7172656,82,24,1
2279619,199,18,0
23818735,203,62,0
8931878,76,17,0
709683,83,28,0
1046514,188,96,3
7339782,101,33,0
69801,158,16,0
4412145,190,35,0
6760,84,39,0
36662188,136,21,0
5042481,245,48,4
6827,315,135,5
1008588,160,37,0
181322,63,18,6
32492747,266,89,2
19005719,130,54,1
5593,250,32,1
183570,303,71,3
252854,198,46,0
20648089,161,51,1
235169,87,32,0
605837,65,9,1
339365,99,11,0
456252,223,61,2
9442699,25,8,0
10431114,54,7,0
12686162,53,12,0
8103,215,53,0
8582,349,90,0
187807,69,8,2
76762,264,45,0
67363,85,10,0
1558354,73,6,1
70197,132,17,1
1434711,77,15,0
37514,186,65,0
8687,286,40,4
310331,120,24,0
9090,137,50,0
3020357,67,3,0
5058628,238,55,9
8835,194,38,0
18938226,348,87,1
8271,98,21,0
8683,152,14,0
7966,327,39,0
8900,211,45,3
932915,172,41,0
40147,347,93,2
11040148,182,33,0
3162905,258,35,5
18978563,393,115,1
18978563,393,115,1
8629,156,47,2
4848272,353,72,26
726651,156,11,0
1643647,59,13,0
1635659,199,61,1
7941,146,53,0
1112855,111,19,2
37335,73,20,2
9311172,50,8,0
8632,335,59,0
19767582,110,12,1
143840,91,44,0
59749,115,28,0
8305,113,24,0
13058,274,41,2
10186,775,200,1
40817590,186,136,6
140256,25,5,0
380782,104,6,0
303522,74,22,1
2945164,38,3,0
15578,190,26,0
9231869,10,1,0
39626432,238,103,4
1864257,75,7,0
1765384,181,63,0
20611030,46,16,0
16105186,247,46,0
4217297,43,25,0
371301,230,51,32
18307757,133,6,2
5052197,220,24,2
9288,589,123,2
4429395,233,53,2
100627,168,24,0
10287,203,53,1
4809279,20,0,0
169836,170,43,0
35494376,120,31,0
12322101,33,7,0
2858505,51,3,12
39768,140,29,0
399615,69,8,2
10501,180,40,1
564204,174,31,0
9258,361,89,1
105004,152,34,0
105004,152,34,0
9737,108,52,3
9317,310,36,6
1256013,271,14,2
9587,163,70,1
51584,276,92,1
10370,285,22,1
9236,324,54,0
9588,178,24,0
7529378,360,42,12
11469677,178,66,6
7550182,76,16,0
55174,314,107,0
187586,263,22,0
231085,210,27,12
10653,108,27,3
11054,307,60,11
55974,232,47,0
164394,164,20,0
144896,153,45,3
11408,205,88,0
11185,264,50,6
142721,331,64,4
945404,99,14,0
38193,35,5,0
38301,336,77,6
18949797,81,24,0
236489,33,5,0
2553981,27,2,0
60290,22,5,0
103123,59,8,2
50482,113,22,1
146978,105,36,0
43047687,292,123,7
48146,80,11,1
11121,231,48,15
11121,231,48,15
415961,95,17,0
5843419,482,54,7
445861,73,8,2
10979,373,79,14
42068,214,40,0
10635,118,44,0
21401843,228,42,0
59212,146,40,2
83933,100,25,0
1385923,118,12,0
10671,353,105,0
11986472,78,14,0
11582,76,18,0
88750,77,39,0
179342,52,5,0
501787,66,19,0
29688374,333,72,1
11921,126,32,1
18723138,167,25,0
43758363,153,77,1
92656,390,86,5
1457022,148,39,1
13070,228,49,4
38076,333,96,22
12383,123,30,5
550948,31,2,0
216102,99,23,9
67918,85,21,0
12441,173,52,1
106402,49,31,0
41940,365,75,2
158879,147,18,0
11955,354,87,6
331028,36,7,0
3414021,339,79,10
35075784,60,25,2
5030380,297,81,12
156507,75,10,0
23306893,135,19,1
13058,274,41,2
718108,7,5,0
2008784,169,41,0
594388,148,3,0
15131007,34,4,1
418944,273,66,10
295445,154,40,12
5042951,278,47,45
299078,159,52,13
294295,169,71,2
12471,352,54,0
5042765,196,76,0
66578,145,22,0
19568112,281,63,157
1092923,268,34,7
2282040,72,17,0
12905,141,32,0
4321115,18,3,0
19283335,267,121,20
72727,171,29,0
21350772,256,31,8
4851478,78,9,1
44276,114,30,29
12686,314,116,7
2773076,329,107,0
167936,227,26,0
26152,269,45,0
11065091,141,23,0
14170,153,37,3
59097,97,15,0
14091,129,47,0
203237,95,28,1
13913,456,137,5
187273,177,56,0
19389318,25,9,2
155160,46,9,0
124802,117,78,0
4748957,20,1,0
2387806,346,65,1
3418303,391,89,6
195306,262,76,1
20200414,48,16,0
13547,203,204,0
437067,106,72,0
14233,196,119,1
35751103,68,26,0
261925,223,10,1
16463132,166,26,0
17173785,186,34,0
13869,261,48,1
336056,75,32,1
402030,24,5,0
13436,250,67,0
13371,250,49,0
1438445,56,8,1
14183,74,29,0
13457,67,13,0
4868935,164,48,0
13919,328,68,4
38873148,191,78,1
2366752,71,21,9
5043192,383,85,12
18945847,363,42,0
2632114,395,71,1
18945847,363,42,0
47646,355,35,1
56120,96,22,1
56120,96,22,1
364326,67,25,0
13808,485,77,1
1560218,164,38,1
210728,331,56,3
23713759,93,56,0
10396793,249,96,1
1007688,169,62,0
14229,314,167,0
5097395,119,85,3
5488304,345,99,6
8322947,217,26,1
113348,247,41,3
48874,367,83,11
14094,94,21,2
10326,261,50,1
47878,202,160,2
2569378,187,85,2
254637,81,14,0
32544339,218,28,1
35039706,131,31,0
8798949,417,99,3
381399,161,20,2
2269463,254,50,0
6502961,107,34,0
638066,55,23,0
70842,127,24,0
288343,154,15,0
13545731,18,1,0
294934,175,33,5
319302,178,44,0
14912,165,46,2
294545,225,31,0
18935277,10,3,0
19572217,224,115,2
1166630,71,14,0
15295,275,107,0
152772,106,15,1
23430752,75,15,0
14539,245,31,9
294813,200,53,0
243433,228,54,3
147575,297,41,9
14726,232,112,2
775859,154,28,0
15226,231,35,2
6037917,322,76,0
162173,188,106,3
9282173,310,45,1
46216,360,83,4
125320,408,47,4
14532,376,39,1
16044,148,36,2
308131,118,19,1
1103138,290,81,1
64372,212,43,2
39764,247,40,14
16016,480,90,1
23819805,89,17,0
498971,305,76,3
1840589,17,9,1
16099,64,20,0
15573,325,30,4
46884,320,107,1
15606,225,68,1
162870,215,28,2
49955,122,27,8
189322,175,45,9
16218,260,100,3
6253522,59,14,5
52547,276,63,1
16175,249,29,1
11494260,109,26,0
175220,147,43,10
16504,166,48,3
21207345,117,8,1
442163,142,4,1
133250,312,79,24
18603579,140,28,12
46827,107,40,1
1095706,364,127,0
983366,25,1,0
1131183,293,32,8
25955086,169,30,0
25955086,169,30,0
19481110,90,33,2
15135713,177,37,1
53869,138,39,0
15992,412,63,26
255722,89,20,0
186639,59,12,1
38100116,123,84,11
6260914,157,89,7
145422,381,137,14
166163,154,48,6
5119376,417,114,11
4689709,181,28,0
5122699,274,68,8
15852,324,85,5
15898,218,41,0
212187,162,18,1
43715,317,87,7
657205,29,11,2
291592,127,25,2
347086,41,24,0
25011929,36,13,1
168926,108,51,0
335077,145,50,4
235888,237,33,5
2263372,129,73,2
175552,110,30,2
609523,98,36,2
15777,256,64,1
32387701,202,53,2
15641,402,129,2
1641893,88,1,0
23486968,295,54,7
59172,117,52,0
59564,37,10,0
26033941,128,44,6
49544,121,20,0
5507411,37,11,1
340867,86,6,0
16905,456,100,0
523032,289,49,0
16743,286,66,0
19329135,137,24,2
17337,93,16,0
16881,157,50,19
343858,63,3,0
11366634,134,50,0
16477368,185,13,2
273437,128,20,3
198081,52,11,0
186589,114,33,2
286369,175,60,0
644622,68,11,3
752553,45,4,0
26232,269,71,1
17396,90,14,3
169376,56,17,0
6975043,48,13,1
19718837,119,23,0
5962511,117,26,0
154099,158,39,1
19394613,97,6,0
327664,47,8,1
246185,246,54,0
41586875,17,0,0
264062,56,23,1
16772,318,112,4
16756,189,20,0
16881,157,50,19
17391,254,52,3
16760,321,119,3
16779,317,81,3
197615,79,8,0
16707,211,64,3
17862,348,139,2
66936,64,36,1
924166,84,21,5
56873,94,43,55
45870,82,12,0
17782843,192,20,2
577320,153,27,0
30667,108,34,0
18522,43,9,0
420883,56,9,0
2680715,13,2,0
277395,150,37,0
18486,13,2,0
17771,234,27,0
168917,98,23,4
50151,217,64,1
9910441,235,65,0
2327581,254,73,10
8939450,134,25,4
3225498,328,55,0
30706524,281,76,1
183290,157,59,0
217196,85,14,0
29206360,68,11,1
168540,163,37,1
160760,371,45,0
50106813,66,11,0
1361082,63,31,0
22760983,217,27,1
3329753,27,3,0
86364,46,5,0
68110,47,24,2
419038,84,16,1
196206,84,33,2
18130,317,52,2
17628,102,33,0
384676,118,44,3
21009880,264,150,2
23371382,358,95,3
229257,270,69,8
414890,41,3,0
38776,262,43,0
75890,148,47,1
159846,160,35,4
432709,125,28,0
19037,151,18,0
142056,278,63,2
36753,236,45,0
7907317,246,86,5
170487,32,3,0
38776,262,43,0
21021,172,28,0
20796,233,56,0
19527,439,112,3
46636,204,31,0
978525,94,24,1
89662,122,21,2
19831,279,75,6
87944,81,8,1
728775,152,17,0
1481886,172,42,3
650426,153,18,0
572897,248,36,21
875547,308,208,3
20548,92,12,2
7567080,337,105,1
20076,359,105,5
409691,53,6,2
25454239,52,11,0
103695,107,13,1
11415141,261,48,2
96484,71,38,3
20347,690,118,2
21021,172,28,0
18932,177,35,2
1028044,43,29,0
44219,227,53,2
23943124,37,7,38
361024,167,33,3
163056,268,26,0
20798,247,61,0
49611,165,74,1
19356,242,92,0
18567040,258,59,0
344287,124,63,0
9530099,153,22,0
220841,255,55,2
21073732,337,95,0
3966054,425,60,9
68904,145,26,0
14995351,321,87,2
20455,188,34,3
74461,117,23,5
104998,58,10,0
1801949,20,2,0
9492386,188,38,3
428979,194,53,3
2064489,394,80,13
986814,181,25,5
348746,66,1,1
3138569,89,25,0
18836,278,56,2
301237,159,35,11
39027,171,93,0
20979,252,47,1
8135890,160,22,0
5735,156,48,0
312170,168,136,1
20948,87,31,1
20381,175,33,0
289505,35,16,4
19168,153,57,0
426208,342,102,17
46007,150,15,0
2232012,69,9,0
43254,169,39,3
18925,138,23,1
21023,190,38,0
347105,201,75,7
53029,277,64,3
1304321,19,15,1
63747,306,169,3
51885,267,41,1
347084,43,19,0
493657,103,12,1
20742,379,74,3
1329090,362,94,1
30821628,28,0,0
1270655,110,16,12
21133,234,38,1
11481790,211,67,1
147301,243,43,16
69880,401,111,1
21113,44,7,0
2307316,48,7,1
424675,149,21,2
70101,213,27,15
2579018,123,55,0
21217,509,118,1
22131,331,29,1
38188,290,41,0
21212,271,69,4
31045316,298,63,6
14335296,86,48,0
21492751,323,74,1
2510105,127,15,1
216531,198,64,3
93088,206,42,1
21632,185,61,0
1398166,339,79,0
30072373,83,16,9
21742,429,70,1
21648,365,30,3
2184535,283,40,0
53842,280,40,1
602643,266,77,3
179187,211,55,3
557007,249,26,9
323592,303,94,0
25529159,57,5,0
42558,373,152,5
21473,348,88,1
21566,246,39,2
2570425,6,1,0
1631652,154,34,0
173540,108,8,0
16365325,64,19,0
21265,261,40,6
1067062,90,29,0
21704,136,27,0
142510,144,27,0
22153,379,70,2
55940,56,32,0
21525,289,66,15
8955445,124,34,0
56435,193,62,126
27471338,188,30,0
22292,211,49,1
1149357,173,27,1
33121168,211,63,1
33381607,361,46,1
198570,195,16,0
158705,71,11,0
22477,137,15,1
643015,57,19,0
53257,127,13,0
22576,300,56,4
1026559,36,6,3
2787862,178,23,0
20395872,333,55,1
100390,247,50,0
268869,65,13,0
2480306,65,24,0
43846,356,102,2
167166,276,72,0
22546,243,58,0
22468,198,61,2
65975,155,128,0
414192,351,185,6
20041526,26,1,0
4316423,39,3,0
44183,219,52,4
44183,219,52,4
85406,195,37,0
44647390,138,56,0
161570,126,29,0
24956,302,81,0
23340,104,25,0
205789,65,24,1
24324,168,23,0
24849,194,30,0
315787,133,25,0
23592,76,34,0
11217925,150,23,0
27540718,389,113,0
4411276,31,6,0
168890,194,35,5
49908,112,26,4
32191,273,106,2
24552,47,10,0
65173,114,33,0
13736167,423,32,1
192005,192,35,5
12471,352,54,0
1587917,69,4,0
19629641,190,37,2
33139,146,26,3
25862547,218,18,0
34289,222,53,2
34272,159,30,1
34350,317,46,0
3524766,278,61,5
301899,201,85,1
34244,131,26,1
171306,45,5,0
78747,274,35,0
766968,77,27,1
34421,101,7,0
34399,313,42,5
77880,196,18,0
14529239,208,85,0
