pageid,article_age_in_days,avg_revs_per_day
7627929,4132,0.48475314617618587
221749,5402,0.47593483894853755
22424,5954,0.11017803157541149
25382,6049,0.5270292610348818
70157,5670,1.0839506172839506
3829005,4407,0.7658270932607216
25806,5958,0.8710976837865055
43243,5826,0.3223480947476828
11587,5918,0.060324433930381886
63317,5689,0.6790297064510459
1544191,4740,0.032278481012658226
23564616,5835,1.473350471293916
526399,5088,0.31977201257861637
32070,5951,2.074105192404638
347422,5231,0.9116803670426304
5622894,4261,0.1680356723773762
25867,5977,1.720428308515978
957537,4914,0.06084656084656084
25473,5993,1.849157350241949
231156,5386,0.5763089491273673
32296110,5450,0.3080733944954128
250943,5354,0.23982069480762047
8354382,4087,0.30535845363347197
2110323,4620,3.270779220779221
444216,5135,0.04654333008763389
240547,5371,0.1917706199962763
21131695,5969,0.8361534595409617
161466,5533,0.3394180372311585
168601,5514,1.0170475154153065
26152,5938,1.4858538228359717
615807,5047,0.5002972062611453
25433,5986,3.060641496825927
93791,5621,0.3789361323607899
44205,5820,1.0109965635738831
376985,5199,1.2392767839969225
25938,5956,0.9941235728676965
25427,5960,1.4501677852348993
17446303,3564,0.25617283950617287
242570,5367,0.11831563256940562
23747676,5565,0.45121293800539086
4057953,4387,0.48301800775017095
45218,5812,1.1863386097728836
29490,5882,2.1288677320639238
206365,5952,0.3239247311827957
27931,6006,1.196969696969697
51487,5766,0.6514047866805411
40112,5841,1.2672487587741825
249623,5357,2.155310808288221
23409759,5933,0.10264621607955503
27122,6120,0.6008169934640523
165404,5522,0.21586381745744296
26915,5977,0.30868328592939603
2941511,4504,3.286190053285968
338065,5244,0.15465293668954996
27694,5964,1.3859825620389001
27706,5941,1.2752061942433934
144178,5583,1.6186638008239298
763013,5970,1.4773869346733668
349303,6109,1.828940906858733
27790,5953,1.3053922392071224
1737582,4692,0.3442028985507246
26833,5969,0.9287987937678003
13118744,5973,2.5896534404821696
1163228,4844,0.4523121387283237
418732,5159,0.41170769528978485
21171721,5880,0.5256802721088435
34495117,2226,0.5103324348607368
152447,5561,1.7976982557094048
317383,5271,1.5714285714285714
324091,5263,0.12255367661029831
466454,5118,0.23583431027745214
69795,5671,1.1583494974431316
150374,5564,0.6906901509705248
18842168,5948,0.34431741761936785
168714,5514,0.7043888284367066
286527,5313,0.25447016751364576
5058690,5932,3.142447741065408
5058690,5932,3.142447741065408
59512,5715,1.0995625546806649
10733176,3959,1.5412983076534479
28632,5959,0.9038429266655479
43116037,1336,0.2986526946107784
1305554,4806,0.43008739076154806
2957039,4502,0.34606841403820526
7397019,5576,0.26058106169296985
236331,5378,0.6429899590925995
1316116,4804,0.31161532056619484
19019270,5956,0.6410342511752855
31635665,5849,1.5093178321080527
28840,5944,1.2424293405114402
5594647,4263,0.08960825709594182
27159,5974,1.4086039504519585
189909,5467,0.10426193524785074
1130664,4853,0.07315062847723058
384706,5191,0.08437680601040262
26743,5953,1.979842096421972
28399,5977,0.391835368914171
26909,6155,1.2186839967506093
28307,5986,0.42064817908453056
25862547,5667,0.5556731956943709
402030,5178,0.016994978756276556
13436,6124,0.8904310907903331
13371,6003,1.0882891887389639
1438445,4768,0.138003355704698
14183,5930,0.6020236087689713
13457,6123,0.2451412706189776
4868935,4317,0.2589761408385453
13919,5961,1.7683274618352625
38873148,6080,0.5480263157894737
2366752,4581,0.7552936040165903
5043192,6043,2.6058249213966573
18945847,5421,1.787308614646744
2632114,4546,2.019137703475583
18945847,5421,1.787308614646744
47646,5798,1.9663677130044843
56120,5730,1.067888307155323
56120,5730,1.067888307155323
364326,5211,1.3158702744194972
13808,5958,1.049009734810339
1560218,4735,0.1700105596620908
210728,5422,0.26632239026189597
23713759,5591,0.3358969772849222
10396793,5938,2.842539575614685
1007688,4896,1.3541666666666667
14229,5920,1.9297297297297298
5097395,5941,0.9424339336811984
5488304,5941,2.125736408012119
8322947,4089,0.5150403521643434
113348,5599,1.5122343275584926
48874,5789,2.32112627396787
14094,5939,0.7715103552786664
10326,5895,1.2105173876166242
47878,6070,1.0464579901153213
2569378,4667,3.665309620741376
254637,5347,0.15896764540864036
32544339,2397,2.0917813934084273
35039706,2168,0.11208487084870848
8798949,4059,0.42966247844296623
381399,5937,0.7625063163213744
2269463,4595,0.49597388465723613
6502961,4203,0.37949083987627885
638066,5035,0.5584905660377358
70842,5668,0.8330980945659845
288343,5310,1.3806026365348398
13545731,3790,0.046701846965699206
294934,5302,0.5897774424745379
319302,5268,0.3333333333333333
14912,5948,1.1279421654337591
294545,5303,0.17744672826701866
18935277,4991,0.014425966740132239
19572217,5793,0.8955636112549629
1166630,4843,0.2081354532314681
15295,5924,2.4024307900067523
152772,5559,0.21280805900341787
23430752,6047,0.31966264263271044
14539,5942,1.5065634466509592
294813,5303,0.8510277201584009
243433,5366,0.7336936265374581
147575,5572,2.8341708542713566
14726,6123,0.7847460395231096
775859,4976,1.3169212218649518
15226,5947,0.2794686396502438
6037917,5938,3.3819467834287638
162173,5530,1.3220614828209765
9282173,5938,3.2662512630515326
46216,5806,1.3513606613847744
125320,5597,0.9755226013936037
14532,5941,2.5682545026089882
16044,5956,0.7063465413028879
308131,5284,0.20060560181680545
1103138,4862,0.788358700123406
64372,5686,1.1280337671473795
39764,5842,0.5368024649092776
16016,5991,1.656818561175096
23819805,5527,0.4409263614981002
498971,5100,0.41568627450980394
1840589,4672,0.06078767123287671
16099,5987,0.25672289961583433
15573,5952,2.888608870967742
46884,5802,1.3231644260599793
15606,5988,0.9681028724114896
162870,5528,1.5303907380607815
49955,5781,0.32191662342155336
189322,5468,0.8699707388441843
16218,5968,0.9857573726541555
6253522,4215,0.363226571767497
52547,5979,3.653286502759659
16175,5960,2.1899328859060403
11494260,5056,0.632120253164557
175220,5500,0.641090909090909
16504,5893,0.6896317665026303
21207345,5737,0.5072337458602056
442163,5136,0.309190031152648
133250,5594,0.49338577046835896
18603579,6111,0.7612502045491736
46827,5802,0.9472595656670114
1095706,6195,4.801937046004842
983366,4904,0.07585644371941272
1131183,4853,0.9480733566865857
25955086,5981,1.6513960876107674
31516,5879,1.3408742983500594
43356,5825,1.5222317596566524
18582416,4554,0.8489240228370664
83045,5639,0.523142401134953
31535,5836,0.6961960246744345
30942,5966,0.9136775058665773
31175,5929,0.23882610895597908
31460,5884,1.3016655336505778
3301347,5964,2.0918846411804157
47702,5797,0.9851647403829566
216188,5411,0.20070227314729255
71973,5665,1.0128861429832303
2723695,4532,0.006619593998234775
19904525,5894,0.5683746182558534
21694424,5677,0.7718865598027127
21694424,5677,0.7718865598027127
35152422,2160,0.2412037037037037
157873,5544,0.3170995670995671
348486,5230,0.2967495219885277
14594,5983,1.1454120006685609
29920,6224,1.0866002570694087
31341,5906,2.080426684727396
1182836,4839,0.15437073775573465
30018,6124,0.22991508817766165
25168720,3008,1.162566489361702
31429,5890,0.27487266553480477
9988187,4023,1.5622669649515286
863,5950,1.984873949579832
52780,6037,2.3461984429352327
31814,5977,1.297975573029948
32191,5927,1.057533322085372
31750,5989,2.029053264317916
31814,5977,1.297975573029948
31769,5986,1.3446374874707652
3434750,6008,6.327729693741678
32009,5949,0.9226760800134476
446555,5133,0.12487823884667835
37293,5858,0.2902014339364971
31902,6039,0.2215598609041232
31880,5982,1.4127382146439318
16118202,5080,1.021259842519685
337755,5244,0.19946605644546148
243927,5365,0.5025163094128612
1742315,4691,0.5896397356640375
132472,5595,0.33619302949061663
30972975,2551,0.047040376323010585
333091,5252,0.5283701447067783
305561,5288,0.5773449319213313
928412,4924,0.4370430544272949
32587,5986,2.1466755763448044
32591,5943,2.000673060743732
11737832,3902,0.08867247565351102
183050,5482,0.5913900036483035
19220448,5227,1.3068681844270136
32611,5952,2.5631720430107525
47150,5800,0.02810344827586207
93767,5621,0.1387653442447963
239897,5372,0.7222635889798957
11015252,6049,1.8014547859150272
32817,5836,2.3471555860178204
47896187,879,2.076222980659841
33589,6001,2.0153307782036327
32917,5976,1.2295850066934404
34059,5893,2.1774987273035804
1181646,4839,0.7906592271130399
13425800,5832,1.9919410150891632
4091662,5009,0.9321221800758634
33622,5989,0.47971280681248957
15380061,3678,0.18896139206090268
52382,5989,1.378694272833528
33422,6048,1.126653439153439
231184,5386,0.15113256591162272
265307,5335,0.21012183692596065
16597487,5364,0.43344519015659955
53976971,286,0.7622377622377622
33545,5984,0.6186497326203209
376898,5199,1.198692056164647
21208262,5144,0.6386080870917574
2495537,4564,0.9401840490797546
166202,5520,2.0625
33178,6075,0.6408230452674897
54985,5736,1.0915271966527196
154823,5553,0.5415090941833244
30780454,4942,0.23816268717118574
11577295,3911,0.07005880848887752
32897,5969,2.1484335734628917
860924,4953,0.5285685443165759
2289648,5265,2.5705603038936373
33683,5981,0.1641865908710918
91221,5624,0.17123044096728307
11185,5945,1.6043734230445752
33183,6116,0.5910725964682799
145439,5579,0.3669116329091235
37483,5836,0.15284441398217957
33523,6021,1.5210097990367049
33278,5939,0.5090082505472302
31582928,2491,0.20112404656764352
67173,5677,0.22406200457988373
4764461,5956,2.780221625251847
32927,5943,4.136631330977621
50106813,678,1.5973451327433628
1361082,4792,0.11853088480801335
22760983,5938,0.5697204445941394
3329753,4457,1.7635180614763293
86364,5633,0.09781643884253506
68110,5674,0.40024673951357065
419038,5159,0.7249466950959488
196206,5454,0.2048038137147048
18130,5972,1.0937709310113866
17628,5975,0.9300418410041841
384676,5191,0.3972259680215758
21009880,5945,0.568376787216148
23371382,6007,0.761112035958049
229257,5389,1.2299127853033958
414890,5165,0.4801548886737657
38776,5982,1.3881644934804414
75890,5783,1.0250734912675081
159846,5538,1.027266161068978
432709,5146,1.2980956082394093
19037,5994,0.9522856189522856
142056,5590,3.124865831842576
36753,5836,0.9912611377655929
7907317,4637,2.356264826396377
170487,5509,0.30767834452713744
38776,5982,1.3881644934804414
21021,5874,1.1150834184542049
20796,5904,1.271341463414634
19527,5962,1.908419993290842
46636,5804,0.35837353549276363
978525,4906,0.2678353037097432
89662,5626,0.31603270529683614
19831,5949,1.9346108589678939
87944,5629,0.12293480191863564
728775,4994,0.29915899078894675
1481886,4757,3.320580197603532
650426,5028,1.682975338106603
572897,5068,0.4915153906866614
875547,4946,0.3028710068742418
20548,5937,0.527707596429173
7567080,5988,1.6858717434869739
20076,5939,1.829095807374979
409691,5172,0.14501160092807425
25454239,5943,0.4135958270233889
103695,5605,0.30597680642283676
11415141,5939,1.3051018690015155
96484,5619,0.595657590318562
20347,5961,1.7325952021472908
21021,5874,1.1150834184542049
18932,6167,0.29284903518728717
1028044,4888,0.09615384615384616
44219,5820,1.4780068728522338
23943124,4372,0.1722323879231473
361024,5214,0.9810126582278481
163056,5527,0.7765514745793378
20798,5904,0.5618224932249323
49611,5783,0.5222203008818952
19356,6094,0.7428618313094847
18567040,5836,0.8778272789581906
344287,5235,0.35912129894937916
9530099,4019,0.3933814381686987
220841,5403,0.9961132704053304
21073732,5820,1.3800687285223368
3966054,5667,2.499205929062996
68904,5673,1.0204477348845409
14995351,5959,4.886390333948649
20455,5944,1.9954576043068641
74461,5658,1.3356309650053022
104998,5604,0.7155603140613848
1801949,4679,0.20132506945928616
9492386,5334,1.3007124109486314
428979,5149,1.297921926587687
2064489,4627,1.0724011238383402
986814,4903,0.6589842953293902
348746,5229,0.3618282654427233
3138569,4480,0.2314732142857143
18836,6031,2.131984745481678
301237,5294,0.9064979221760484
39027,5836,2.0844756682659358
20979,5878,0.9464103436543042
8135890,4389,2.840282524493051
5735,6098,0.8010823220728107
312170,5279,0.20041674559575678
20948,5882,0.5487929275756546
20381,5957,0.6214537518885345
289505,5310,0.12598870056497175
19168,6117,0.3977439921530162
426208,5152,2.1832298136645965
46007,5807,0.2197348028241777
2232012,4601,0.3607911323625299
43254,5826,0.5070374184689324
18925,5968,0.31384048257372654
21023,5873,1.0830921164651797
347105,5792,1.3525552486187846
53029,5749,1.6700295703600627
1304321,4806,0.194548481065335
63747,5689,1.946387765863948
51885,5761,0.8536712376323555
347084,5232,0.16819571865443425
493657,5102,0.1564092512740102
20742,5909,0.6828566593332205
8103,6120,1.238888888888889
8582,5966,0.577271203486423
187807,5472,0.7401315789473685
76762,6024,1.1786188579017265
67363,6144,0.23990885416666666
1558354,4735,0.2221752903907075
70197,5670,0.7922398589065256
1434711,4769,0.11679597399874188
37514,5858,0.5843291225674292
8687,5961,2.253145445395068
310331,5281,0.4169664836205264
9090,5885,0.7112999150382328
3020357,4495,0.15283648498331479
5058628,5999,1.4555759293215536
8835,5935,1.2657118786857624
18938226,5627,0.7940287897636396
8271,5953,0.3530992776751218
8683,5961,0.9079013588324106
7966,5991,1.2315139375730262
8900,5923,0.7006584501097417
932915,4922,0.2732629012596505
40147,5840,0.7698630136986301
11040148,5488,0.6299198250728864
3162905,4477,0.8061201697565334
18978563,5913,1.1440892947742263
18978563,5913,1.1440892947742263
8629,5974,0.9926347505858721
4848272,5153,4.804773918105957
726651,4995,0.37697697697697696
1643647,4713,0.6288987905792489
1635659,4715,0.5225874867444327
7941,6039,0.2432521940718662
1112855,4859,0.5566989092405845
37335,5836,0.6615832762165867
9311172,5092,0.533974862529458
8632,5974,0.6519919651824573
19767582,3413,2.949604453559918
143840,5584,1.0324140401146131
59749,5714,1.0140007000350018
8305,6034,1.3679151474975142
13058,5960,0.7763422818791946
10186,5920,1.5755067567567567
40817590,5726,1.5218302479916173
140256,5593,0.2251028070802789
380782,5196,0.42032332563510394
303522,5291,0.27253827253827256
2945164,4504,0.11212255772646536
15578,6154,0.37146571335716605
9231869,4034,0.09494298463063956
39626432,1713,5.4039696438995914
1864257,4666,0.8737676810972996
1765384,4686,0.1137430644472898
20611030,5516,0.5021754894851341
16105186,4593,1.7176137600696713
4217297,4373,0.39332266178824604
371301,5205,0.2918347742555235
18307757,5402,0.8054424287301
5052197,5930,1.0994940978077572
9288,5971,3.107017250041869
4429395,5897,3.3433949465830084
100627,5611,1.7100338620566744
10287,5905,0.7163420829805249
4809279,4322,0.034706154558074964
169836,5511,0.948466702957721
35494376,2135,0.3110070257611241
12322101,3866,0.04190377651319193
2858505,4515,0.21395348837209302
39768,5836,0.1883139136394791
399615,5180,0.3664092664092664
10501,5872,0.4526566757493188
564204,5072,0.7196372239747634
9258,6017,0.6925378095396377
105004,5604,0.538543897216274
105004,5604,0.538543897216274
9737,5960,0.9536912751677852
9317,5960,3.5179530201342284
1256013,4819,0.3187383274538286
9587,5970,0.983249581239531
51584,5820,0.7608247422680412
10370,5886,0.6216445803601767
9236,5947,2.4716663864133177
9588,5982,1.3843196255432966
7529378,5041,2.3330688355485023
11469677,3918,0.12659520163348648
7550182,6138,1.1256109481915935
55174,5735,1.5958151700087184
187586,5472,2.034173976608187
231085,5386,0.1271815818789454
10653,6162,0.12723141837065888
11054,6011,2.611545499916819
55974,5731,0.4179026347932298
164394,5524,0.32041998551774076
144896,5581,0.2420713133846981
11408,5958,1.0988586774085263
11185,5945,1.6040370058873004
142721,5587,1.0332915697154108
945404,4918,0.2551850345668971
38193,5854,0.104202254868466
38301,5852,2.411825017088175
18949797,5972,0.5346617548559947
148898,5569,1.1404201831567606
24548445,5051,0.7186695703821026
2752,5923,0.7398277899712983
6821757,4185,0.6869772998805257
37556,5857,1.7510670991975414
162615,5529,0.4083921143063845
2122,5974,1.6267157683294275
15247542,5940,2.361111111111111
21785,5939,1.2064320592692372
11778948,4998,1.6086434573829531
5491859,4271,0.15968157340201358
18933396,5876,1.3090537780803269
1030,5974,0.8937060595915635
25,5911,1.650482151920149
1195328,4835,0.20165460186142709
5612336,4262,0.22313467855466917
150056,5565,1.3299191374663073
879858,4944,0.07645631067961164
19344654,6000,1.62
4545,5948,0.870712844653665
4173,6001,1.258290284952508
867145,4950,0.16727272727272727
19360669,5997,0.6103051525762881
3979,6049,0.8399735493469995
534366,5084,5.240558615263572
335069,5249,0.5372451895599162
72336,5664,1.265713276836158
4375,5968,1.4676608579088473
4792,5912,0.462787550744249
364813,5210,0.8930902111324376
3738,6123,0.4112363220643475
447382,5132,0.647310989867498
3205662,4472,0.2842128801431127
501984,5099,1.41302216120808
3427,6155,1.0614134849715677
699349,5007,1.200718993409227
19283178,6139,1.394852581853722
3722,6128,1.2118146214099217
20650188,3354,1.5202742993440668
41353912,1527,2.559266535690897
44431,5818,0.3121347542110691
2100861,4622,0.1529640848117698
4116,5946,1.1370669357551295
1555010,4736,0.18728885135135134
3356,5958,2.6925142665323936
188564,5470,2.0575868372943327
191941,5463,0.26780157422661544
51614,5765,0.30598438855160454
321263,5265,0.13941120607787275
239098,5373,1.0407593523171412
3803886,4409,0.06917668405534134
244098,5365,0.49916123019571296
44751865,1158,2.4689119170984455
4874,5897,1.2935390876716975
20648200,5362,0.448153674002238
851008,4957,0.1430300585031269
65426,5683,0.4946331163118071
88857,5628,0.2853589196872779
55309,5734,0.757237530519707
5030,5871,0.6239141543178334
11015826,5329,1.7279039219365735
27417455,5370,0.6513966480446928
64692,5981,0.8496906871760576
68244,5674,1.3579485371871696
392807,5185,0.32439729990356797
5574594,4265,1.2534583821805392
186319,5474,0.12531969309462915
23278520,5878,0.5891459680163321
4950,5883,0.30273669896311406
3463,6145,1.5871440195280715
44849,5815,1.5747205503009458
70547,5669,1.1220673840183455
8269855,5023,0.5904837746366713
3845,6087,0.4010185641531132
4294,5986,1.9425325760106915
3382,5980,4.093311036789298
38748,5850,0.5577777777777778
73887,5660,0.19575971731448763
773158,4977,0.8967249346996182
639800,5034,0.21930870083432658
3267529,5944,2.582772543741588
23278125,5983,0.8224970750459636
682722,5014,0.13721579577183884
24133117,3096,0.4528423772609819
87179,5631,0.531344343811046
62028,6034,0.76731852833941
46924,5802,0.4274388142019993
773158,4977,0.8967249346996182
5407,5935,1.691659646166807
6852,5953,0.8315135225936503
160811,5535,0.9998193315266486
5042916,5952,3.4166666666666665
105219,5938,1.034523408555069
5902,6027,1.437033349925336
5416,5970,2.454103852596315
42031,5953,0.8311775575340165
685631,5012,0.30047885075818037
2184033,4608,0.7003038194444444
537968,5082,1.1479732388823298
5282,5967,0.6432042902631138
25955086,5981,1.6513960876107674
19481110,5939,0.5777066846270416
15135713,5956,1.391370047011417
53869,5744,0.604282729805014
15992,5967,1.7043740573152337
255722,5345,0.7017773620205799
186639,5474,0.36408476434051884
38100116,1871,1.2234099412079102
6260914,5097,0.7451442024720424
145422,5579,0.9508872557806058
166163,5520,0.8108695652173913
5119376,5968,2.3744973190348526
4689709,5942,1.4665095927297207
5122699,5519,2.6798333031346258
15852,5958,2.3667338032896947
15898,5987,0.6405545348254551
212187,5419,1.2948883557852002
43715,5822,1.7291308828581244
657205,5025,0.18149253731343284
291592,5307,0.41906915394761635
347086,5232,0.1743119266055046
25011929,5411,0.36610608020698576
168926,5513,0.6787592962089606
335077,5249,0.49799961897504286
235888,5378,1.2458162885831163
2263372,4596,0.39577893820713667
175552,5499,0.43353336970358247
609523,5050,0.36356435643564355
15777,6115,0.842681929681112
32387701,5954,2.475142761168962
15641,5956,2.826561450638012
1641893,4713,0.44281773817101633
23486968,5840,0.38202054794520546
59172,5717,0.7078887528423998
59564,5715,0.23937007874015748
26033941,2937,2.428668709567586
49544,5784,0.23979944674965423
5507411,4270,0.060187353629976584
340867,5612,0.2769066286528867
16905,5969,0.8132015412966996
523032,5089,2.178620554136373
16743,5989,1.9924862247453665
19329135,5375,1.0824186046511628
17337,5922,1.0312394461330632
16881,5945,0.5417998317914213
343858,5236,0.26737967914438504
11366634,3923,0.512108080550599
16477368,3619,2.699364465321912
273437,5326,1.344723995493804
198081,5450,0.5678899082568807
186589,5474,0.06887102667153817
286369,5313,2.433276868059477
644622,5031,0.4315245478036176
752553,4985,0.6904714142427282
26232,5940,1.1772727272727272
17396,5906,1.142566881137826
169376,5512,0.21026850507982583
6975043,4175,0.16718562874251497
19718837,5972,0.8275284661754856
5962511,4236,0.6678470254957507
154099,5555,1.118991899189919
19394613,4143,1.413227130098962
327664,5258,0.39558767592240396
246185,5362,2.325065274151436
41586875,1500,0.06466666666666666
264062,5337,0.5836612329023796
16772,6043,1.945060400463346
16756,5989,0.7545500083486392
16881,5945,0.5417998317914213
17391,5908,2.0671970209884902
16760,6044,0.9126406353408338
16779,5956,1.8441907320349227
197615,5451,0.14786277747202348
16707,5985,1.9022556390977443
17862,5983,1.20474678255056
66936,5678,0.39820359281437123
924166,4925,0.49421319796954316
56873,5727,0.48000698445957746
45870,5808,0.12517217630853994
17782843,3544,3.914503386004515
577320,5066,0.10817212791156731
30667,5997,0.46890111722527933
18522,5836,0.5553461274845785
420883,5157,0.30288927671126625
2680715,4538,0.11899515204936095
277395,5320,0.4656015037593985
18486,5836,0.05860178204249486
17771,6119,2.5048210491910443
168917,5513,0.7719934699800471
50151,5779,0.5603045509603738
9910441,5378,0.6400148754183711
2327581,4587,0.5587529976019184
8939450,4959,0.5271224037104255
3225498,5980,2.123578595317726
30706524,2573,4.186552662261951
183290,5481,0.38350665936872835
217196,5410,0.27060998151571164
29206360,2681,0.6531145095113764
168540,5514,1.798512876314835
160760,5535,0.8525745257452575
6341469,6012,1.2222222222222223
24107,5931,0.6573933569381217
230025,5388,0.23515219005196733
23555,6070,0.7622734761120263
150136,5565,0.16873315363881403
60857,5704,1.4866760168302946
951581,4916,0.5457689178193653
52970,5750,0.5975652173913043
23639,5990,0.7943238731218698
560876,5073,0.37098363887246205
273444,5326,0.1888847164851671
416366,5162,0.28341728012398293
253413,5350,0.4863551401869159
39609876,1715,0.3772594752186589
2100405,4622,0.088273474686283
23440,6111,3.2045491736213387
199823,5446,0.10099155343371281
7518210,4139,0.035032616574051705
24507,5955,0.9583543240973972
771182,4978,0.20309361189232625
3727944,4416,0.10076992753623189
2266653,4596,0.695822454308094
2252913,4598,0.17464114832535885
22954,5955,0.965071368597817
23221,5983,0.4895537355841551
44469,5948,1.6464357767316744
23745,5954,1.6321800470272085
24326,5962,0.9278765514927877
22936,5939,1.9151372284896446
17458566,3564,0.0867003367003367
16367528,3623,0.026773392216395252
275297,5323,0.7723088483937629
23213,5953,1.0241894842936334
23996,5997,0.4398866099716525
15611519,3664,0.04694323144104803
22986,5949,0.9077155824508321
21259,6126,0.1348351289585374
24872,5910,0.8617597292724196
460821,5123,0.09369510052703495
24591,5944,0.4402759084791386
24475,5941,0.9112943948830163
199630,5446,0.8927653323540213
24020,5995,0.06738949124270226
23805,5973,2.776494224008036
23808,6030,0.8767827529021559
23475335,3151,0.20564900031735958
1704222,5562,0.5055735346997483
940606,4919,0.318154096361049
1328272,4801,0.1272651530931056
5710507,5939,1.223943424818993
175357,5499,0.24404437170394616
27620742,2813,0.059722715961606825
64959,5685,1.4824978012313104
1771587,4685,1.392102454642476
1630282,4716,0.12001696352841391
663540,5023,1.4164841728050965
429542,5149,0.30957467469411537
169086,5512,0.05460812772133527
24113,6007,1.6094556350923923
3009092,4622,0.16745997403721333
51511,5766,0.281477627471384
125248,5803,1.0644494227123902
14457,5874,1.160708205652026
72201,5933,1.2632732175964942
24095,5990,2.552086811352254
1677192,4705,1.4114771519659937
19008450,5789,0.7141129728795993
24856,5912,0.8552097428958051
15394859,3677,0.6157193364155562
15157915,5945,1.1668629100084105
37857,5856,1.1137295081967213
371248,5205,0.6061479346781941
18973869,5953,0.5686208634302032
147707,5572,0.5046661880832735
471603,5115,0.23421309872922777
6729144,4191,0.46552135528513483
23041,6180,2.250970873786408
23037,5951,2.0786422450008404
36922,5981,1.3868918241096806
7954867,6170,1.4915721231766612
319505,5268,0.4157175398633257
47717515,4621,0.5390608093486259
25614,5972,1.2039517749497655
25614,5972,1.2039517749497655
26494,5884,2.1006118286879674
30862657,4630,0.05377969762419006
15181647,3700,0.2943243243243243
2634236,4546,0.06159260888693357
49444,5785,0.03560933448573898
26316,5921,0.6782638067893937
25613,5956,2.0800873069173944
28358650,2744,0.16909620991253643
25421,5968,0.9167225201072386
18945847,5421,1.787308614646744
7980471,5946,1.2487386478304743
25854438,2951,0.3907150118603863
25421,5968,0.9167225201072386
375137,5201,0.3082099596231494
43488,5824,0.9246222527472527
43488,5824,0.9246222527472527
1329090,6150,1.3435772357723577
30821628,2563,1.8076472883339836
1270655,4814,2.0394682176983796
21133,6190,1.0521809369951536
11481790,4740,0.7240506329113924
147301,5573,1.1627489682397272
69880,5978,1.7970893275342925
21113,6195,0.3617433414043584
2307316,4589,0.6306384833297014
424675,5153,0.45565689889384825
70101,5670,0.7119929453262787
2579018,4553,0.31759279595870854
21217,5963,1.8710380680865337
22131,5836,0.8690884167237835
38188,5887,0.9860710039069135
21212,6104,1.96543250327654
31045316,5946,1.6520349815001683
14335296,5339,0.602172691515265
21492751,5945,1.7086627417998317
2510105,4562,0.39193336256028055
216531,5836,0.9115832762165867
93088,5622,0.8418712202063323
21632,5997,1.2512923128230782
1398166,4781,1.1696297845638988
30072373,2620,0.1618320610687023
21742,5933,0.8444294623293443
21648,5992,1.410547396528705
2184535,4608,0.5460069444444444
53842,6047,1.2849346783529023
602643,5053,1.8347516326934494
179187,5491,1.0092879256965945
557007,5075,1.162167487684729
323592,5933,1.414967132984999
25529159,2978,0.5795836131631967
42558,5830,0.8457975986277874
21473,5980,1.8020066889632107
21566,5951,1.5489833641404807
2570425,4554,0.011198945981554678
1631652,4716,0.5525869380831213
173540,5503,0.14083227330546974
16365325,5600,0.5948214285714286
21265,5997,1.4272136068034016
1067062,4874,0.45157981124333196
21704,5985,0.36056808688387637
142510,5588,1.085898353614889
22153,5869,1.3751916851252344
55940,5731,0.02006630605478974
21525,6013,0.9512722434724763
8955445,5513,0.8748412842372574
56435,5728,1.3624301675977655
27471338,5958,0.7245720040281974
22292,6125,0.32081632653061226
1149357,4848,0.24463696369636964
33121168,2344,3.474829351535836
33381607,2320,1.438793103448276
198570,5449,0.2171040557900532
158705,5541,0.8231366179390002
22477,5997,0.3858595964648991
643015,5032,0.24304451510333863
53257,5748,0.622303409881698
22576,5960,1.389261744966443
1026559,4889,0.1617917774596032
2787862,5014,1.5295173514160352
20395872,5697,1.3754607688256977
100390,5612,1.3383820384889522
268869,5330,0.21369606003752345
2480306,5947,0.7874558600975282
43846,5823,0.34106130860381245
167166,5518,0.5266400869880391
22546,5974,0.8100100435219284
22468,5946,2.332828792465523
65975,5681,0.11635275479669073
414192,5166,0.45760743321718933
20041526,3394,0.08809664113140837
4316423,4840,0.2084710743801653
44183,5820,0.7398625429553265
44183,5820,0.7398625429553265
85406,5634,1.763755768548101
44647390,1166,1.5437392795883362
161570,5533,1.1809145129224652
24956,5900,0.34559322033898304
23340,5984,0.5949197860962567
205789,5433,0.11043622308117063
24324,5945,0.5142136248948697
24849,5913,1.3123625909014036
315787,5273,0.15437132562108857
23592,6013,0.36687177781473473
11217925,5189,2.3019849682019657
27540718,2820,0.9921985815602837
4411276,4356,0.02203856749311295
168890,5513,0.7734445855251224
49908,5781,0.6941705587268638
32191,5927,1.057533322085372
24552,5950,0.34252100840336136
65173,5684,0.4180154820548909
13736167,6011,2.9730494094160704
192005,5463,0.5608639941424126
12471,5963,0.7157471071608251
1587917,4727,0.5354347366194203
19629641,5404,0.698741672834937
236489,5378,0.31033841576794347
2553981,4557,0.38556067588325654
60290,5707,0.349745926055721
103123,5606,0.596325365679629
50482,5776,0.8644390581717452
146978,5574,0.40276282741298886
43047687,5535,0.34471544715447155
48146,5794,1.0959613393165344
11121,5998,1.9203067689229742
11121,5998,1.9203067689229742
415961,5163,0.6763509587449158
5843419,5949,2.4034291477559253
445861,5134,0.17257499026100506
10979,5993,1.729851493408977
42068,5834,2.308707576276997
10635,5985,0.5864661654135338
21401843,4462,0.8350515463917526
59212,5717,0.45915690047227564
83933,5638,0.20734302944306493
1385923,5722,0.164627752534079
10671,5987,1.6961750459328546
11986472,3887,0.5279135580138925
11582,5919,0.44230444331812807
88750,5628,0.447228144989339
179342,5491,0.26188308140593697
501787,5099,0.2575014708766425
29688374,5953,1.1340500587938855
11921,6035,0.4715824357912179
18723138,5952,0.6219758064516129
43758363,1260,4.742857142857143
92656,5792,3.011740331491713
1457022,4763,0.10392609699769054
13070,5884,0.570700203942896
38076,5853,0.6254912010934564
12383,5962,0.9481717544448172
550948,5077,0.17096710655899153
216102,5412,1.5602365114560237
67918,5675,0.1920704845814978
12441,5952,1.0201612903225807
106402,5601,0.11926441706838065
41940,5835,0.4191945158526135
158879,5541,0.9819527161162245
11955,5993,1.3942933422326047
331028,5255,0.13282588011417698
3414021,5960,7.805704697986577
35075784,2165,0.320554272517321
5030380,5965,1.5924559932942162
156507,5548,0.45313626532083634
23306893,6120,0.22941176470588234
13058,5960,0.7763422818791946
718108,4998,0.029611844737895156
2008784,4637,0.6206599094241967
594388,5058,1.9116251482799524
15131007,5419,0.31961616534415943
418944,5159,1.589649156813336
295445,5302,0.4952847981893625
5042951,5954,3.5342626805508903
299078,5297,0.44383613366056257
294295,5303,0.527060154629455
12471,5963,0.7157471071608251
5042765,5956,1.9326729348556078
66578,5772,0.43884268884268884
19568112,5991,1.9257219162076449
1092923,4865,2.3607399794450155
2282040,4593,0.09732201175702156
12905,5921,1.1084276304678264
4321115,4364,0.05430797433547204
19283335,5998,1.802100700233411
72727,5663,0.49249514391665195
21350772,5860,1.0679180887372013
4851478,4319,0.15929613336420467
44276,5819,0.3724007561436673
12686,5980,1.1934782608695653
2773076,5648,2.9598087818696883
167936,5516,0.6004350978970269
26152,5938,1.4858538228359717
11065091,5078,0.9745962977550217
14170,5932,0.7754551584625758
59097,5717,0.09323071541018016
14091,5946,0.4717457114026236
203237,5438,0.34700257447591026
13913,5976,1.7920013386880858
187273,5473,0.11401425178147269
19389318,5246,0.11856652687762105
155160,5552,0.11923631123919308
124802,5597,0.6794711452563873
4748957,4327,0.1821123180032355
2387806,5976,2.7140227576974567
3418303,6021,1.7362564358080053
195306,5455,0.6295142071494042
20200414,3382,0.11028976936723832
13547,5970,0.36164154103852597
437067,5141,0.2608441937366271
14233,5919,0.3478628146646393
35751103,2111,0.20748460445286593
261925,5340,0.6619850187265918
16463132,3619,0.8728930643824261
17173785,5183,1.2305614508971638
13869,5984,2.4560494652406417
336056,5247,0.1623785020011435
9603757,4015,0.35242839352428396
27992,5965,1.5282481139983235
29440,5980,1.0023411371237458
3895745,4401,0.27062031356509886
12254052,3870,0.5540051679586563
4124046,4381,0.7327094270714449
743769,4988,0.34763432237369685
88923,5627,1.5452283632486228
26847,5980,2.2729096989966555
25664190,5990,0.9991652754590985
175811,5499,0.6919439898163302
13690575,3781,0.5879396984924623
2095829,4622,0.5350497620077889
27655,5968,0.2727882037533512
18932365,5951,0.12989413543942194
17416221,5985,1.7495405179615706
27977,5994,2.2262262262262262
32350676,4693,0.9431067547411037
816925,4967,0.37125025166096237
179553,5490,1.3296903460837888
24795561,5339,0.3805956171567709
26779,5976,1.5174029451137885
26950,6140,0.16140065146579805
4751135,4326,0.4056865464632455
26667,5981,2.340578498578833
18842471,5928,1.2936909581646423
5980301,5956,1.0149429147078577
189109,5469,0.31705979155238617
28265,5988,1.3742484969939879
21496026,4556,0.3773046532045654
28480,5976,2.2061579651941097
148956,5569,0.23846291973424313
25272420,5290,0.6425330812854443
16146360,3634,0.18739680792515134
17157886,5987,2.1052279939869716
26678,5945,2.6593776282590413
27783,5977,1.0557135686799397
335195,5249,1.456277386168794
18956166,5661,0.8494965553789083
640689,5034,0.3569725864123957
38466392,1834,1.8391494002181026
1380550,4786,0.4780610112829085
16844797,3601,0.06220494307136906
59606,5715,0.06806649168853893
27421,6108,1.4911591355599214
28246,5974,1.370438567124205
427707,5150,0.2396116504854369
1514981,4748,0.409435551811289
102075,5609,0.5771082189338563
27999,6009,0.6139124646363787
218299,5408,0.11131656804733728
26748,5989,1.947069627650693
486017,5107,0.3665557078519679
28642,5959,0.21815740896123512
666601,5021,0.13702449711212905
29612,5969,0.19852571620036857
1337691,4798,0.33722384326802834
30741795,2570,7.389494163424125
30658,5998,0.5133377792597532
61117,5702,0.3048053314626447
31438,5888,0.6581182065217391
30635,5939,1.161138238760734
30077,6041,0.186558516801854
30797,5836,0.252056202878684
30297,6014,0.8092783505154639
5422144,4275,2.520701754385965
56481,5728,0.5148393854748603
22754875,3204,2.393258426966292
21898839,3266,1.4102878138395591
143377,5585,1.8680393912264996
1151958,4847,0.5818031772230245
184136,5479,1.5842306990326702
30475,6034,0.47166058999005633
83859,5638,1.0626108549130897
10839777,5370,0.364804469273743
149014,5569,0.10325013467408871
169496,5511,0.27925966249319545
65719,5682,0.6355156634987681
1056144,4877,0.039778552388763586
428819,5149,1.6475043697805398
30636,5983,1.775196389771018
63578,5946,0.6976118398923646
1351855,4794,0.0310805173133083
29810,5972,2.1552243804420628
38711,5850,0.6577777777777778
29812,5988,3.8570474281897127
1397993,4781,0.0629575402635432
137840,5593,0.49454675487216165
30680,5983,1.18669563763998
1923870,4654,1.48581865062312
65735,5682,0.17986624428018302
29838,5981,2.2081591707072397
656307,5026,1.2584560286510147
30535,5995,1.9431192660550458
528543,5087,0.09357184981324945
221998,5401,0.2714312164413997
29922,5965,2.7753562447611064
58397,5721,0.22863135815416885
65192,5684,1.0014074595355384
44534,5817,1.4163658243080626
33139,5952,1.2437836021505377
25862547,5667,0.5556731956943709
34289,5971,1.195444649137498
34272,6012,0.5612109115103127
34350,5952,1.1207997311827957
3524766,4436,2.0024797114517585
301899,5293,1.0035896467031928
34244,5961,0.6181848683106861
171306,5507,0.2698383875068095
78747,5648,0.8953611898016998
766968,4980,0.22590361445783133
34421,6037,0.16630776875931755
34399,6184,1.7278460543337646
77880,5650,2.3276106194690267
14529239,5921,0.8856612058773856
1332334,4800,0.23833333333333334
415767,5163,0.5384466395506489
12232585,3872,0.07980371900826447
684813,5013,0.4815479752643128
20764470,3347,0.029279952195996415
1553191,5378,0.9155820007437709
201936,5441,1.8513140966734056
31150160,2535,3.187376725838264
47374,5799,1.1774443869632696
21538638,3289,1.5944055944055944
12561015,5060,1.2887351778656126
167884,5516,0.37835387962291517
33933496,2269,0.7902159541648304
1673370,4706,0.2615809604759881
5069516,5945,1.5998317914213624
275051,5324,0.5788880540946657
82065,5641,0.13171423506470484
2047065,4630,0.028509719222462204
765,5947,2.1170337985538925
307,5949,2.634224239367961
2731583,5938,4.334456045806669
58809,5719,0.44815527190068194
2343,5959,0.08793421715052861
49392,5785,1.1232497839239413
2503,5945,0.383515559293524
2162,5980,0.5844481605351171
18947965,5904,0.5204945799457995
1653,5945,0.4938603868797309
894,5968,0.7873659517426274
10934212,5775,1.3503030303030303
1921,5951,1.5197445807427323
251879,5352,1.0678251121076232
5042706,6190,1.6310177705977382
48370461,5940,0.6267676767676768
166702,5519,0.7827504982786737
161947,5531,0.5431205930211535
624,5972,1.6155391828533154
500309,5099,0.025495195136301236
736,5947,2.740205145451488
717,6061,0.9128856624319419
2965,5903,0.8255124512959512
358934,5216,1.656441717791411
212472,5418,1.3397932816537468
45214,5812,0.45543702684101856
5297192,4285,0.022403733955659276
55313,5734,0.5081967213114754
381552,5195,0.2325312800769971
1845,5987,1.3039919826290296
18914017,5954,1.3112193483372523
1902,5997,0.47440386860096717
1950,5994,0.8430096763430097
863,5950,1.9845378151260504
521057,5090,0.6214145383104126
5315944,4283,0.15269670791501283
1131183,4853,0.9480733566865857
1973,5991,1.1403772325154398
172479,5505,0.13006357856494097
19346935,5738,1.3572673405367723
4097799,4383,1.2769792379648643
2460,5946,1.1907164480322907
12,5972,2.9477561955793705
1023,5971,1.1430246189917936
1630179,4716,0.4857930449533503
22320587,5507,0.3130561104049392
315087,5274,0.2804323094425484
432972,5145,0.41166180758017495
1623,5959,1.4128209431112604
99881,5613,0.5057901300552289
864,5949,1.472348293830896
232035,5384,0.16790490341753342
48522,5792,0.4414709944751381
72671,5663,1.046441815292248
5792809,5963,1.221197383867181
800,5948,1.1807330195023538
331538,5254,0.30757518081461743
2314,5962,0.16001341831600135
52045701,485,0.30721649484536084
205522,5433,2.219215902816124
68335,5674,0.9460697920338386
700568,5007,0.6021569802276813
4577283,4341,0.11817553559087768
569,5951,0.7615526802218114
283205,5317,1.1277035922512695
43441237,5203,0.14510859119738612
2197030,4606,0.2924446374294399
8814638,4058,0.14218827008378512
42762068,1720,0.475
1429917,4771,0.46824565080695874
571440,5069,0.15308739396330637
1078,5976,1.7208835341365463
2200527,6075,1.7153909465020576
37873196,4292,0.19501397949673813
80740,5644,1.559355067328136
2944,5906,1.0352184219437859
155033,5552,0.31574207492795386
140376,5593,1.7091006615412123
1806,5981,1.7134258485203144
309935,5282,0.5162817114729269
51669,5764,0.1851145038167939
42277,5832,0.5279492455418381
274539,5324,0.9663786626596544
425757,5152,0.0984083850931677
2450993,4570,0.3424507658643326
6822,5967,1.1303837774426009
678255,5016,0.18281499202551835
606848,5051,5.430013858641853
553050,5076,0.07289204097714735
5920,6025,0.22721991701244812
17253537,6162,0.854592664719247
320023,5267,0.10366432504271882
68319,5674,0.7091998590059923
6907,5956,0.5142713230355943
42635,5830,1.567066895368782
51255,5768,0.9500693481276006
278119,5319,0.8497837939462305
80696,5807,2.1332874117444462
6100,6032,0.4937002652519894
50490,5775,1.1832034632034631
6886,5959,3.2476925658667564
5945,5954,1.0849848841115217
5465786,4273,0.029487479522583664
1651190,4711,0.19252812566334113
250193,5356,0.28416728902165794
5405,5961,2.6946821003187384
5751,5987,1.1862368465007516
15147453,3691,0.09563803847195881
7738,5836,1.8252227553118574
2627820,4547,1.636903452826039
5847204,4244,1.184024505183789
196570,5453,0.18815331010452963
125309,5597,1.0389494371984993
63317,5689,0.6790297064510459
5211,5939,3.0974911601279675
345597,5234,0.09629346580053497
5635,6127,1.6528480496164517
73626,5660,0.7835689045936396
1281795,4812,0.4322527015793849
6438,5994,0.6830163496830164
6671,5965,0.49438390611902766
8718425,5945,2.242893187552565
28291766,5962,0.8683327742368333
8389,5954,1.6699697682230434
6910,5952,1.0685483870967742
5987,5946,1.2255297679112007
208413,5426,0.501658680427571
191704,5464,0.1641654465592972
241649,5369,0.44384429130191844
325329,5261,2.005512260026611
7463,5910,1.2822335025380711
13886661,3769,0.5582382594852746
20914042,5975,0.4312970711297071
9209651,5968,1.7965817694369972
215623,5412,0.45805617147080563
215623,5412,0.45805617147080563
158177,5677,1.142152545358464
7023,5940,1.5547138047138047
95801,5619,0.3440113899270333
2298740,4591,1.570028316270965
6623,5959,0.23812720255076356
41568624,1502,0.6038615179760319
5530,5940,1.2966329966329966
5919,6049,0.07984790874524715
7283,5923,0.14604085767347627
26410,5906,0.9475110057568574
5278,5984,1.304144385026738
18948365,5616,0.48878205128205127
5648,5971,0.9433930664880255
5714828,5918,0.4217641094964515
5655,5950,1.1618487394957984
7683,5883,0.8096209416964134
5326,5965,1.903436714165968
49823,5782,0.23400207540643375
5785,5994,0.49382716049382713
7172656,4161,0.3710646479211728
2279619,4594,1.6689159773617763
23818735,3122,0.24791800128122998
8931878,4051,0.024685262898049863
709683,5002,0.3154738104758097
1046514,4881,0.48002458512599877
7339782,4150,0.4568674698795181
69801,5671,0.6861223770058191
4412145,5956,1.6885493619879113
6760,5972,0.4310113864701942
36662188,2019,0.9777117384843982
5042481,6010,2.103161397670549
6827,5966,1.54307743881998
1008588,5944,0.9724091520861373
181322,5486,0.17644914327378783
32492747,4563,0.6473811089195705
19005719,5078,0.17959826703426546
5593,5951,2.1611493866577045
183570,5481,0.3745666849115125
252854,5351,0.8370398056438049
20648089,6039,0.27156814042059946
235169,5379,0.11507715188696784
605837,5052,0.5766033254156769
339365,5242,1.2336894315146891
456252,5125,0.8386341463414634
9442699,4024,0.010685884691848906
10431114,3973,0.05008809463881198
12686162,3845,0.31365409622886864
42458764,1408,0.030539772727272728
21388838,3300,0.005757575757575757
6167925,4221,0.01089789149490642
41069253,1557,0.056518946692357096
44445668,1186,0.013490725126475547
49978660,690,0.3159420289855073
7689686,4128,0.01187015503875969
46348494,1046,0.0076481835564053535
38951568,1786,0.036954087346024636
47080362,967,0.002068252326783868
51494994,533,0.05628517823639775
455251,5126,0.009754194303550527
22479390,3226,0.02758834469931804
9631579,4014,0.003487792725460887
4342913,4362,0.04997707473635947
27799462,2801,0.048554087825776505
21021116,3325,0.012932330827067668
1078595,4870,0.014989733059548255
2060627,4628,0.024200518582541054
2197028,4606,0.1411202778983934
322893,5264,0.016717325227963525
25135168,3012,0.005312084993359893
40154277,1657,0.01931200965600483
6077938,4227,0.015613910574875798
32742565,2379,0.012610340479192938
2318393,4588,0.05841325196163906
956143,4914,0.05555555555555555
3439232,4446,0.1090868196131354
28483033,2735,0.006946983546617916
1088005,4867,0.014793507294020958
3959213,4395,0.04732650739476678
27825781,2795,0.005008944543828265
37512183,1934,0.012926577042399173
46754214,1004,0.008964143426294821
17766194,3545,0.00930888575458392
48822361,795,0.007547169811320755
12803554,3837,0.011467292155329685
16530509,3617,0.006635333149018523
6520541,4202,0.009281294621608758
14418686,3737,0.016323253947016322
972904,4908,0.09616951915240424
32719690,2381,0.012179756404871903
6739763,4190,0.1369928400954654
43444653,1296,0.020061728395061727
673235,5018,0.2927461139896373
49140821,761,0.035479632063074903
1814573,4677,0.04083814410947188
14086866,3757,0.031408038328453555
47627,5798,0.12021386685063815
39497984,1727,0.0023161551823972205
1642553,4713,0.018459579885423297
19299216,3444,0.002613240418118467
35677065,2118,0.05146364494806421
2705246,4534,0.01874724305249228
40249534,1647,0.007285974499089253
38643898,1817,0.014859658778205834
2853846,4516,0.00775022143489814
56312232,33,0.36363636363636365
23660784,3135,0.003189792663476874
21978798,3261,0.004293161606869059
10857660,3952,0.0652834008097166
23823389,3122,0.014734144778987828
34653788,2201,0.13902771467514766
53007613,385,0.007792207792207792
30846624,4519,0.01858818322637752
52785376,407,0.014742014742014743
35891325,2098,0.02001906577693041
15573380,3667,0.007090264521407145
2176146,4609,0.10587980039054025
49537815,723,0.015214384508990318
54137370,268,0.12686567164179105
49394927,737,0.0067842605156037995
15809000,3652,0.0032858707557502738
39674860,1709,0.0052662375658279695
30701560,2574,0.004662004662004662
28611996,2729,0.13814584096738733
21935261,3264,0.002144607843137255
5783476,4249,0.005883737349964698
33207729,2337,0.20239623448866068
39577542,1719,0.02268760907504363
31098382,2540,0.02047244094488189
47890966,880,0.015909090909090907
27946039,2784,0.036637931034482756
19910219,3403,0.004114017043784896
43384135,1304,0.003067484662576687
36353118,2051,0.025353486104339348
16423318,3621,0.016570008285004142
23981271,3109,0.008684464458025088
50865292,608,0.03125
51984057,492,0.12601626016260162
43282033,1316,0.00303951367781155
9819503,4004,0.01048951048951049
16204789,3631,0.029193059763150647
31287432,2521,0.023006743355811186
19057971,3461,0.009534816527015313
26531141,2898,0.003795721187025535
24157550,3093,0.003556417717426447
47339176,937,0.004268943436499467
2297619,4591,0.015029405358309737
26999016,2862,0.008735150244584208
850001,4958,0.9126663977410246
1127554,4854,0.004532344458178822
32386995,2412,0.0236318407960199
630894,5039,0.045247072831911095
30688712,2575,0.011262135922330097
1471496,4759,0.02395461231351124
29227865,2680,0.004477611940298508
12055475,3883,0.007983517898532062
41921193,1466,0.0020463847203274215
52773620,409,0.009779951100244499
53307990,356,0.0056179775280898875
13130861,3816,0.019129979035639413
53434450,344,0.03197674418604651
19149495,3454,0.008106543138390272
44932075,1141,0.0052585451358457495
21810762,3271,0.007031488841332926
1477305,4758,0.03656998738965952
29260244,2678,0.07542942494398805
7405764,4146,0.05185721177038109
3944523,4397,0.022287923584261998
41601382,1499,0.05470313542361575
2428679,4573,0.013995189153728407
51623885,519,0.05009633911368015
50510200,647,0.00927357032457496
18790605,3478,0.010063254744105807
53824551,303,0.013201320132013201
32474501,2404,0.018302828618968387
566564,5071,0.04476434628278446
21608832,3285,0.00852359208523592
37629513,1922,0.01716961498439126
19917519,3403,0.0029385836027034967
286083,5313,0.4321475625823452
37063498,1976,0.0015182186234817814
22746131,3205,0.0265210608424337
45004008,1134,0.02821869488536155
9517194,4020,0.006467661691542288
23373071,3160,0.01708860759493671
17728667,3547,0.00958556526642233
31275529,2522,0.01070578905630452
50591700,638,0.006269592476489028
8905914,4053,0.007155193683691093
2120975,4618,0.01494153313122564
31110487,2539,0.041748719968491534
7898878,4115,0.00801944106925881
25117270,3013,0.031198141387321607
45620527,1076,0.026022304832713755
14139371,3754,0.009323388385721897
19854693,3407,0.005283240387437629
55877081,85,0.25882352941176473
25947725,2944,0.008491847826086956
7900755,4115,0.09793438639125152
14045456,3759,0.004256451183825486
28390368,2741,0.0134987230937614
767298,4979,0.004820245029122314
6456536,4205,0.019738406658739594
3280690,4462,0.003809950694755715
12426373,3860,0.010362694300518135
41832352,1474,0.013568521031207599
51892421,498,0.012048192771084338
54823674,192,0.036458333333333336
11594202,3910,0.014066496163682864
41653069,1493,0.0020093770931011385
55863639,86,0.011627906976744186
32732355,2380,0.0029411764705882353
56392337,24,0.25
17889706,3538,0.0033917467495760316
45715839,1673,0.05140466228332337
15688797,3659,0.010385351188849413
2049190,4630,0.02181425485961123
1650967,4711,0.1738484398216939
17246739,3577,0.004752585965893207
40605550,1608,0.04664179104477612
53305844,357,0.025210084033613446
6815072,4185,0.007168458781362007
11087090,3940,0.027411167512690356
20166074,3385,0.007385524372230428
52549168,433,0.016166281755196306
1294870,4809,0.010397171969224371
7945624,4112,0.13594357976653695
38171293,1865,0.045576407506702415
14353653,3740,0.013101604278074866
53944198,290,0.04482758620689655
10332103,3978,0.03770739064856712
41830349,1474,0.004070556309362279
12914375,3830,0.0039164490861618795
2020579,4635,0.07464940668824165
24041273,3104,0.0782860824742268
34278884,2235,0.004921700223713647
17031556,3589,0.006408470325996099
7066108,4168,0.003838771593090211
40924515,1572,0.003816793893129771
1105095,4862,0.011723570547099958
38742778,1808,0.006084070796460177
848303,4958,0.16256555062525213
49098328,765,0.00784313725490196
32070078,2441,0.0028676771814829987
348710,5230,0.04187380497131931
9662055,4012,0.01669990029910269
53432738,345,0.011594202898550725
13157878,3815,0.01363040629095675
12884591,3832,0.010438413361169102
40341217,1638,0.007936507936507936
20291651,3377,0.07521468759253776
54051832,278,0.28776978417266186
39221601,1758,0.017064846416382253
50028709,685,0.02335766423357664
55644923,112,0.05357142857142857
41858534,1472,0.007472826086956522
43249541,1319,0.004548900682335102
34212369,2242,0.0927743086529884
45377937,1101,0.014532243415077202
12399349,3862,0.008285862247540134
30201817,2609,0.06554235339210425
2520218,4561,0.0048235036176277135
14445458,3735,0.006693440428380187
3459290,4444,0.013276327632763277
39434784,1734,0.012687427912341407
21040639,3324,0.005415162454873646
12528311,3855,0.026199740596627757
3630813,4425,0.007005649717514125
22227265,3244,0.010480887792848335
46903219,987,0.025329280648429583
30297006,2601,0.006151480199923107
28090455,2769,0.01733477789815818
33808011,2281,0.10039456378781236
26911399,2869,0.009759498082955734
244944,5363,0.05854931941077755
4499489,4348,0.01218951241950322
52605712,427,0.053864168618266976
35537544,2131,0.007508212106992022
9407570,4026,0.012170889220069548
6493982,4203,0.019509873899595527
33928150,2269,0.007051564565888057
31644811,2484,0.010466988727858293
45630194,1075,0.0065116279069767444
4217424,4373,0.1740224102446833
19846274,3408,0.009683098591549295
1411489,4776,0.02554438860971524
1540273,4741,0.017295929128875766
25516614,2979,0.01779120510238335
21826649,3271,0.06206053194741669
14575416,3726,0.011808910359634998
1950191,4649,0.02581200258120026
44397606,1191,0.027707808564231738
42757829,1374,0.00363901018922853
18040894,3529,0.005950694247662227
40187,5836,0.037183002056202875
31498333,2501,0.006397441023590564
26977037,2864,0.010824022346368716
28468785,2736,0.0029239766081871343
44427539,1188,0.0025252525252525255
55673788,109,0.05504587155963303
3927257,4398,0.004547521600727604
22112840,5895,0.6525869380831213
42916227,1358,0.030927835051546393
22427736,3229,0.1155156395168783
11824667,3897,0.025917372337695664
39648993,1711,0.015780245470485097
1981369,4642,0.13011632916846186
25256162,3001,0.007330889703432189
19100377,3458,0.032388663967611336
34831176,2187,0.0054869684499314125
2739405,4529,0.027379112386840362
45000174,1134,0.8112874779541446
46835683,995,0.13467336683417086
3850274,4405,0.01975028376844495
55307191,148,0.722972972972973
18412265,3506,0.02452937820878494
5588820,4264,0.005863039399624765
34140414,2250,0.024
26044101,2936,0.0027247956403269754
52288516,458,0.026200873362445413
1243828,4822,0.014516798009124844
760424,4982,0.024688879967884384
25734043,2961,0.008105369807497468
49744674,707,0.009900990099009901
7768759,4123,0.02643706039291778
31785492,2469,0.05224787363304982
19149456,3454,0.004342790966994789
54979575,179,0.1564245810055866
1518345,4747,0.010322308826627343
25398295,2989,0.025092004014720642
10043989,3993,0.0473328324567994
39575784,1719,0.006980802792321117
55324984,147,0.061224489795918366
20400060,3370,0.027299703264094956
20647444,3354,0.13297555158020274
18693977,3485,0.011477761836441894
4596245,4339,0.008757778289928554
41257608,1537,0.02081977878985036
25086026,3016,0.010610079575596816
20962961,3330,0.002702702702702703
22609992,3216,0.00404228855721393
24844034,3036,0.01383399209486166
94948,5620,0.026690391459074734
40256312,1646,0.006682867557715674
989428,4902,0.09465524275805794
24435675,3070,0.006514657980456026
25492329,2981,0.013082858101308286
27191633,2848,0.004213483146067416
8534660,4076,0.02968596663395486
3138929,4480,0.020089285714285716
42151285,1441,0.030534351145038167
53282842,359,0.008356545961002786
39458045,1732,0.10103926096997691
6718471,4192,0.016698473282442748
7689046,4128,0.018653100775193797
50105116,678,0.061946902654867256
52341194,453,0.008830022075055188
2632847,4546,0.06819181698196217
50041968,684,0.021929824561403508
11196914,3933,0.017289600813628275
1327157,4801,0.019579254322016248
26814626,2876,0.018776077885952713
11559225,3912,0.010991820040899795
33901302,2272,0.014964788732394365
22000093,3260,0.0018404907975460123
56578149,4,0.25
7440733,4144,0.016650579150579152
15247819,3685,0.011940298507462687
19067260,3460,0.013583815028901734
38057558,1876,0.029850746268656716
1458972,4763,0.023094688221709007
8354876,4087,0.042818693418155127
32713768,2382,0.20151133501259447
55312032,148,0.10810810810810811
46404348,1040,0.03173076923076923
35004824,2172,0.011049723756906077
28286095,2751,0.016721192293711377
47375364,934,0.007494646680942184
40292709,1642,0.0018270401948842874
36920427,1991,0.0015067805123053742
28858815,2710,0.0036900369003690036
35989674,4303,0.028817104345805252
547516,5078,0.01339109885781804
9294378,4031,0.005705780203423468
4132250,4380,0.007077625570776256
30728275,2571,0.014780241151302996
6370184,4209,0.05915894511760513
32116424,2437,0.003282724661469019
4457595,4351,0.00666513445185015
52917511,394,0.06345177664974619
32911824,2363,0.0050782903089293275
5503831,4270,0.01639344262295082
23531664,3146,0.0019071837253655435
39270841,1753,0.03593839132915003
48521948,829,0.0048250904704463205
1361201,4792,0.026085141903171953
41228517,1540,0.007142857142857143
40074377,1667,0.008398320335932814
15979914,3643,0.04282185012352457
9611798,4015,0.0112079701120797
4838185,4320,0.025231481481481483
35353762,2142,0.2049486461251167
12936708,3829,0.08618438234525985
41985472,1459,0.0027416038382453737
31665644,5972,1.292196918955124
49940560,694,0.03602305475504323
3630668,4425,0.10192090395480226
983582,4993,0.1261766473062287
27678357,2808,0.03205128205128205
42127892,1444,0.008310249307479225
51285353,557,0.07540394973070018
19756527,3422,0.026884862653419054
27802465,2797,0.00572041473006793
28954658,2701,0.13513513513513514
32809229,2373,0.0025284450063211127
1927834,4653,0.0223511712873415
22452006,3228,0.004337050805452293
50753169,619,0.09046849757673667
43627263,1275,0.03215686274509804
425650,5152,0.05182453416149068
41760029,1481,0.30722484807562456
28388375,2741,0.004377964246625319
51100942,579,0.037996545768566495
18862294,3474,0.00978698906160046
46594704,1021,0.0068560235063663075
1449823,4765,0.015110178384050368
53477900,340,0.0058823529411764705
45582069,1080,0.007407407407407408
5811966,4247,0.033199905815870026
1102997,4862,0.01583710407239819
6144733,4223,0.02296945299550083
5516509,4269,0.004450691028343875
13464822,3795,0.005006587615283268
1844256,4671,0.007921216013701562
41708619,1487,0.0020174848688634837
55686468,107,0.411214953271028
2010174,4637,0.4830709510459349
11157754,3936,0.02032520325203252
33141577,2343,0.13615023474178403
34753033,2193,0.001823985408116735
606754,5051,0.023163729954464463
21667682,3281,0.0024382810118866198
9589634,4016,0.004482071713147411
11423324,3920,0.01020408163265306
45613148,1077,0.07799442896935933
34266828,2237,0.012516763522574878
6299774,4213,0.020175646807500593
6145112,4222,0.03837044054950261
20793637,3881,0.028858541612986344
5746050,4252,0.01246472248353716
11423900,3920,0.03469387755102041
5135442,4297,0.00884337910169886
952277,4916,0.0026444263628966637
45458015,1092,0.0018315018315018315
36181330,2069,0.005316578057032383
25238274,3002,0.022984676882078614
2922806,4506,0.02663115845539281
37410964,1944,0.006687242798353909
38733863,1808,0.03152654867256637
1638092,4714,0.17755621552821382
28188717,2760,0.002536231884057971
3005475,4496,0.39790925266903915
4123123,4381,0.013467244921250857
759319,4982,0.04917703733440385
39712630,1704,0.002347417840375587
38234601,1859,0.009682625067240451
54414912,234,0.004273504273504274
33818444,2280,0.008333333333333333
19831164,3409,0.0026400704018773834
39241060,1756,0.006264236902050114
451231,5129,0.036849288360304155
46676125,1012,0.042490118577075096
55275127,152,0.39473684210526316
12980728,3826,0.03633037114479874
32925140,2362,0.014394580863674851
67651,5676,0.029245947850599013
2634415,4546,0.012098548174219093
21079126,3321,0.023486901535682024
49377821,738,0.056910569105691054
30779652,2567,0.002337358784573432
24700241,3047,0.005579258286839514
48291995,851,0.036427732079905996
7392043,4147,0.012298046780805401
27241478,2845,0.003163444639718805
44950557,1139,0.012291483757682178
36075052,2080,0.0014423076923076924
13554509,3789,0.006598046978094484
47676772,901,0.2641509433962264
221182,5403,0.10272071071626875
5221320,4290,0.02400932400932401
348292,5230,0.3091778202676864
47956355,872,0.021788990825688075
5453235,4273,0.010999297917154224
34044957,2258,0.003100088573959256
31637715,2485,0.005231388329979879
7409323,4146,0.0241196333815726
13753603,3777,0.003177124702144559
1452912,4764,0.06570109151973132
44887473,1145,0.00611353711790393
3060641,4490,0.012249443207126948
48172057,859,0.05587892898719441
12582431,3851,0.09452090366138666
5826344,4246,0.004474799811587376
41681827,1490,0.012751677852348993
38485440,1832,0.0054585152838427945
30113319,2617,0.006495987772258311
44149321,1217,0.0049301561216105174
18919139,3470,0.0037463976945244955
32786844,2375,0.010947368421052631
40699014,1597,0.003757044458359424
8819688,4058,0.009857072449482503
15195415,3688,0.011117136659436009
42318707,1423,0.03935347856640899
230401,5387,0.12808613328383145
15467903,3672,0.012254901960784314
24170299,3092,0.02554980595084088
11515546,3915,0.010472541507024266
152472,5561,0.0343463405862255
3455640,4444,0.012601260126012601
43380157,1304,0.010736196319018405
29815724,2636,0.0030349013657056147
31262365,2524,0.015451664025356577
39777385,1697,0.01060695344725987
47263140,946,0.023255813953488372
17143567,3583,0.013675690761931342
47741146,894,0.0044742729306487695
33756744,2286,0.0021872265966754157
44447427,1186,0.016020236087689713
41092919,1554,0.003861003861003861
36719098,2013,0.020864381520119227
18924972,3469,0.02392620351686365
29333592,2673,0.004489337822671156
33188308,2338,0.020530367835757058
347674,5231,0.10323073982030205
40994587,1564,0.011508951406649617
18984451,3465,0.013564213564213565
2472783,4567,0.02189621195533173
42379585,1417,0.016231474947071278
27925997,2786,0.024766690595836326
28870123,2709,0.006275378368401624
132245,5595,0.007685433422698838
2896692,4510,0.03015521064301552
22321627,3237,0.0018535681186283596
26084486,2933,0.00477326968973747
36307671,2056,0.0024319066147859923
42878956,1362,0.0014684287812041115
15699744,3659,0.008745558895873189
759917,4982,0.12063428342031313
7269900,4155,0.01756919374247894
30227989,2607,0.008822401227464518
5984143,4234,0.015351913084553614
19000064,3464,0.007505773672055427
23063987,3182,0.006285355122564425
15599603,3665,0.009004092769440655
28632,5959,0.9038429266655479
30093058,2618,0.01413292589763178
18499165,3500,0.0037142857142857142
47147969,959,0.01564129301355579
1552124,4737,0.049609457462529025
45600103,1078,0.006493506493506494
46571150,1024,0.0625
32872088,2367,0.01394169835234474
1769737,4686,0.07959880495091763
7628415,4132,0.008712487899322363
1472296,4759,0.01071653708762345
16897427,3598,0.0052807115063924406
2008098,4637,0.007979296959240888
51669102,515,0.011650485436893204
38734106,1808,0.0027654867256637168
32554980,2396,0.007929883138564273
12072673,3881,0.009275959804174182
239502,5373,0.05546249767355295
4922205,4313,0.0338511476930211
4280442,4367,0.008014655369819098
2756370,4528,0.014575971731448763
858762,4954,0.012111425111021397
22146977,3250,0.01323076923076923
35210188,2155,0.010208816705336427
46764151,1003,0.01794616151545364
55188104,161,0.018633540372670808
26384249,2910,0.004810996563573883
29900781,2631,0.008361839604713038
3549550,4434,0.05615696887686062
37555546,1929,0.002592016588906169
12196830,3874,0.010841507485802787
20266466,3378,0.0020722320899940793
29240738,2679,0.003732736095558044
43889842,1246,0.004815409309791332
45719026,1065,0.008450704225352112
15810846,3652,0.009583789704271631
5874167,4242,0.015794436586515793
21845196,3270,0.012232415902140673
5136738,4297,0.011868745636490576
51910805,496,0.02620967741935484
138208,5593,0.008045771500089397
45388315,1100,0.025454545454545455
42838956,1366,0.08784773060029283
23134662,3176,0.003778337531486146
6682088,4194,0.017405817835002384
40934822,1570,0.0031847133757961785
17533108,3559,0.0033717336330429896
31106,5836,0.11223440712816998
56124342,55,0.21818181818181817
22258425,3242,0.005860579888957434
105629,5603,0.17954667142602176
29188474,2683,0.002981736861721953
55155940,164,0.23170731707317074
495353,5102,0.029988239905919246
39508918,1726,0.01100811123986095
53283788,359,0.1309192200557103
5571227,4265,0.008440797186400938
22871941,3195,0.010328638497652582
50618784,634,0.026813880126182965
20915825,3333,0.015601560156015602
12693819,3845,0.0247074122236671
53136711,373,0.07506702412868632
2849297,4516,0.26195748449955714
43133850,1334,0.02848575712143928
53487679,339,0.008849557522123894
36579038,2028,0.007889546351084813
50904583,604,0.03145695364238411
27255820,2844,0.011603375527426161
14550266,3728,0.003218884120171674
44977371,1136,0.011443661971830986
29838586,2634,0.00683371298405467
27307602,2839,0.004579077139837971
37224718,1961,0.006629270780214177
55117596,168,0.011904761904761904
7762408,4123,0.005578462284744118
31200227,2530,0.005138339920948616
4211844,4373,0.06242853876057626
56506906,11,8.727272727272727
48301578,851,0.005875440658049354
31201023,2530,0.042687747035573126
17526432,3560,0.048314606741573035
48017257,868,0.10023041474654378
45152433,1123,0.015138023152270703
651589,5028,0.2498011137629276
56507156,11,0.36363636363636365
7797671,4121,0.01455957291919437
5445533,4274,0.007253158633598503
34128929,2251,0.023545091070635273
2298823,4591,0.03419734262687867
7197000,4159,0.02789132002885309
945421,4918,0.032126880845872306
2267004,4596,0.006527415143603133
3244731,4947,0.7153830604406711
1232932,4825,0.019481865284974094
35861404,2101,0.004283674440742504
29045104,2693,0.0014853323431117712
876930,4945,0.32275025278058644
13730424,3778,0.00555849655902594
31368675,2513,0.02586549940310386
32400177,2411,0.005391953546246371
17217921,3578,0.003353828954723309
54765269,196,0.07142857142857142
17184234,3580,0.004469273743016759
1939910,4651,0.10986884540958934
50580702,639,0.00782472613458529
22050666,3257,0.00552655818237642
2215778,4603,0.011731479469910927
53566450,332,0.02108433734939759
46546514,1026,0.022417153996101363
37165415,1966,0.01017293997965412
429135,5149,0.10934161973198679
17247018,3577,0.0030752026838132512
484593,5108,0.02133907595927956
30318128,2600,0.004230769230769231
32689947,2384,0.002936241610738255
24763042,3042,0.011834319526627219
12884077,3832,0.04592901878914405
25936514,2945,0.0040747028862478775
1744094,4691,0.007674269878490727
34060285,2256,0.047872340425531915
33556964,2304,0.005642361111111111
894602,4937,0.006886773344136115
790106,4973,0.06997788055499699
40904933,1574,0.018424396442185513
19829359,3409,0.0035200938691698444
3125376,4482,0.053993752788933515
40244473,1647,0.042501517911353974
15389093,3677,0.011150394343214578
2896169,4510,0.006873614190687362
50605384,636,0.0880503144654088
52006084,489,0.018404907975460124
7609590,4133,0.02105008468424873
56502317,12,0.16666666666666666
13649598,3784,0.007399577167019027
468777,5117,0.02853234316982607
507785,5096,0.04552590266875981
6566329,4199,0.016432483924743987
41142809,1549,0.0032278889606197547
49668762,712,0.004213483146067416
3481936,4441,0.004278315694663364
38384420,1843,0.007596310363537711
34576451,2207,0.006343452650657001
3434634,4446,0.019343229869545658
1675278,4705,0.01997874601487779
50660023,630,0.014285714285714285
21666213,3281,0.0024382810118866198
23398900,3158,0.00506649778340722
41751410,1482,0.016869095816464237
54546731,218,0.013761467889908258
44716753,1161,0.009474590869939707
28107738,2768,0.028901734104046242
9895800,4001,0.005748562859285179
26199661,2924,0.006155950752393981
30852528,2561,0.005076142131979695
3684795,4420,0.05633484162895928
15383883,3677,0.008430785966820778
17472207,3563,0.007297221442604546
56028152,67,0.05970149253731343
47371466,934,0.006423982869379015
15727879,3657,0.018867924528301886
31869514,2461,0.007314099959366111
7633878,4132,0.12947725072604066
48431361,839,0.0059594755661501785
2349417,4583,0.008946105171285185
37773603,1906,0.002098635886673662
526010,5088,0.01218553459119497
26725671,2883,0.0065903572667360385
44433372,1187,0.11204717775905644
11953107,3889,0.008742607354075598
12535002,3854,0.008562532433834976
11324819,3926,0.0058583800305654615
1186176,4838,0.01364200082678793
8491077,4079,0.008090218190733023
43073294,1341,0.005219985085756898
16522101,3617,0.01465302737074924
23655003,3135,0.001594896331738437
26194461,2925,0.006837606837606838
52734649,413,1.0435835351089588
32018546,2446,0.021668029435813575
24673764,3049,0.006231551328304362
3172266,4476,0.02033065236818588
36036405,2084,0.007677543186180422
4441364,4353,0.036296806799908106
37863719,1897,0.005798629414865577
2566053,4555,0.024807903402854006
20410459,3370,0.004451038575667656
54638711,208,0.08653846153846154
25270883,2999,0.04968322774258086
46407530,1040,0.028846153846153848
36799725,2005,0.014962593516209476
55317386,147,0.5986394557823129
8718013,4064,0.08981299212598425
53906087,295,0.01694915254237288
52627959,426,0.007042253521126761
19898892,3404,0.0017626321974148062
42038058,1453,0.0653819683413627
29908557,2630,0.04068441064638783
12977142,3826,0.030057501306847884
8178843,4098,0.009760858955588092
35979790,2089,0.0014360938247965534
41129558,1551,0.0367504835589942
46566167,1024,0.01953125
3537713,4435,0.01104847801578354
27424788,2829,0.009190526687875575
1017769,4892,0.022485690923957483
892426,4938,0.08019441069258809
36227004,2065,0.001937046004842615
41963391,1461,0.012320328542094456
43774321,1257,0.053301511535401754
38675042,1814,0.013230429988974642
42217583,1434,0.02580195258019526
54476586,226,0.035398230088495575
44139616,1218,0.012315270935960592
22163753,3248,0.4177955665024631
36918402,1992,0.012048192771084338
32280184,2422,0.0033030553261767133
48692593,809,0.018541409147095178
37670102,1918,0.013555787278415016
40689672,1598,0.0025031289111389237
1841402,4671,0.012631128238064655
35074191,2165,0.0697459584295612
4317442,4364,0.007332722273143905
43948079,1241,0.021756647864625302
38851733,1796,0.010579064587973273
2026126,4633,0.03323980142456292
26883505,2871,0.019157088122605363
22833742,3198,0.017510944340212633
11325079,3925,0.01197452229299363
43302261,1313,0.0030464584920030465
18056891,3528,0.00963718820861678
31092839,2540,0.007086614173228346
36217459,2066,0.001452081316553727
51413079,541,0.22365988909426987
26046263,2936,0.0034059945504087193
47369493,934,0.37259100642398285
5990829,4233,0.03023860146468226
4164702,4377,0.028558373315055976
55415258,138,0.38405797101449274
38443759,1836,0.003812636165577342
19012861,3463,0.0040427375108287615
49705437,709,0.02538787023977433
35777199,2109,0.003319108582266477
30855048,4506,0.020639147802929428
45683178,1069,0.01683816651075772
20391040,3371,0.004449718184514981
43846068,1249,0.014411529223378704
2568958,4555,0.018880351262349066
31232003,2526,0.01741884402216944
36687596,2017,0.056023797719385225
26627703,2891,0.03943272224143895
8740507,4062,0.023141309699655343
291984,5306,0.05578590275160196
31623384,2486,0.02413515687851971
28194126,2759,0.44762595143167816
2655329,4542,0.020695728753852928
17277123,3575,0.009790209790209791
43304634,1313,0.012185833968012186
31249351,2525,0.002772277227722772
15290626,3683,0.010317675807765408
12681524,3845,0.00494148244473342
1520573,4747,0.009479671371392459
36562415,2030,0.0024630541871921183
8219421,4096,0.025390625
7152699,4162,0.011052378664103796
30298314,2601,0.00461361014994233
1727283,4694,0.027268853855986364
12549595,3854,0.006746237675142709
5241302,4289,0.03217533224527862
47588660,910,0.02857142857142857
40343760,1638,0.09829059829059829
31214009,2528,0.014240506329113924
20501321,3365,0.01099554234769688
46320063,1049,0.16301239275500476
1469194,4760,0.021638655462184873
21955910,3263,0.009806926141587496
29111512,2689,0.01822238750464857
38861535,1795,0.007799442896935933
25412480,2988,0.006358768406961178
418268,5160,0.009496124031007752
3114337,4483,0.04171313852331028
9073622,4043,0.009398961167449914
439295,5139,0.03249659466822339
40436495,1628,0.02334152334152334
38711238,1810,0.02154696132596685
36336700,2052,0.001949317738791423
23595351,3140,0.006369426751592357
39291382,1751,0.00799543118218161
27896181,2789,0.022947292936536395
427025,5151,0.047369442826635605
23588179,3141,0.0070041388092964025
49343689,742,0.012129380053908356
47957127,872,0.05733944954128441
14691507,3718,0.03200645508337816
3817892,4408,0.0324410163339383
31059338,2543,0.009437672040896579
51852004,1220,0.04344262295081967
47685547,900,0.028888888888888888
9149957,4038,0.04457652303120357
25456727,2985,0.0023450586264656616
49748211,707,0.039603960396039604
6063427,4228,0.007095553453169348
24569338,3058,0.008502289077828646
35236721,2153,0.008360427310729215
34615647,2203,0.015433499773036768
14549166,3728,0.011266094420600859
9648367,4013,0.00872165462247695
21158400,3316,0.0021109770808202654
7972592,4110,0.01167883211678832
22493089,3225,0.010852713178294573
47626128,906,0.07836644591611479
21295977,3307,0.0030238887208950713
801776,4970,0.04507042253521127
32766841,2377,0.007993268826251577
51566459,525,0.06095238095238095
26460819,2903,0.018601446779193936
11456763,3918,0.03879530372639101
32866211,2367,0.018166455428812844
202168,5440,1.2544117647058823
1608724,4722,0.06967386700550614
344462,5235,0.5829990448901624
38438451,1837,0.02885138813282526
4680907,4332,0.04293628808864266
26184067,2926,0.002050580997949419
3928,6064,0.33674142480211083
50076511,680,0.020588235294117647
32447735,2406,0.007065669160432253
11961216,3889,0.01259964001028542
4644002,4335,0.10265282583621683
365245,5210,0.23128598848368523
37556233,1929,0.003110419906687403
27934293,2785,0.02657091561938959
28068911,2771,0.014435221941537351
435428,5143,0.013805172078553373
580387,5064,0.024684044233807267
920468,4927,0.18124619443880657
19149016,3454,0.057035321366531555
1168100,4843,0.007639892628536031
29237103,2679,0.006718924972004479
37355253,1949,0.008209338122113904
41985046,1459,0.00205620287868403
45059702,1129,0.006200177147918512
15656583,3662,0.013107591480065538
31837227,2464,0.053165584415584416
2504380,4563,0.01643655489809336
24783102,3040,0.027960526315789474
44344893,1196,0.0033444816053511705
13274172,3808,0.016544117647058824
49263358,749,0.08811748998664887
56383219,25,0.08
9621755,4014,0.005480817140009965
27736652,2802,0.009279086366880799
12699597,3844,0.01586888657648283
50864202,608,0.0625
26358313,2912,0.02815934065934066
19957,5970,0.10820770519262982
1214126,4830,0.3995859213250518
46286190,3948,0.021783181357649443
33962973,2266,0.003089143865842895
26121408,2931,0.006482429205049471
45579556,1080,0.005555555555555556
24048050,3103,0.0054785691266516275
40919574,1572,0.007633587786259542
21708021,3278,0.007931665649786455
10174138,3986,0.007275464124435524
39780009,1697,0.015910430170889805
1606495,4722,0.0074121135112240576
14625406,3723,0.0029546065001343
38023324,1880,0.015425531914893617
34377637,2226,0.006289308176100629
6932095,4178,0.04332216371469603
1253979,4819,0.05706578128242374
22018423,3259,0.02086529610309911
42595853,1392,0.00646551724137931
41092173,1554,0.003861003861003861
638076,5035,0.011916583912611719
1115399,4859,0.005762502572545791
48047980,866,0.008083140877598153
2003591,4638,0.056705476498490726
36058948,2082,0.001440922190201729
1840795,4672,0.02504280821917808
33012752,2355,0.003397027600849257
135359,5594,0.01841258491240615
19581062,3424,0.0040887850467289715
23789750,3125,0.00608
47955245,873,0.008018327605956471
2006845,4637,0.1610955359068363
15441363,3674,0.010342950462710943
43382257,1304,0.0023006134969325155
19353075,3440,0.03691860465116279
15930508,3646,0.009325287986834888
3198742,4473,0.033310976972948804
5686612,4256,0.08200187969924812
54367412,239,0.016736401673640166
22567163,3219,0.016464740602671637
1489298,4755,0.045425867507886436
16695158,3610,0.005817174515235457
6480313,4204,0.009514747859181731
47173356,956,0.012552301255230125
5569789,4265,0.005158264947245018
32391125,2412,0.007462686567164179
55526643,126,0.007936507936507936
22054874,3256,0.022727272727272728
27237522,2845,0.0017574692442882249
19200105,3451,0.014198782961460446
28195311,2759,0.029720913374411018
50454583,651,0.009216589861751152
20118456,3388,0.01859504132231405
21562110,3288,0.0018248175182481751
12169644,3875,0.017548387096774195
6458186,4204,0.057326355851569935
2388291,4578,0.022062035823503714
28764489,2717,0.012881854987118146
56533,5728,0.1007332402234637
12350893,3864,0.005952380952380952
34349807,2228,0.02154398563734291
51178617,570,0.031578947368421054
34628447,2203,0.026781661370857923
40532405,1616,0.003094059405940594
10788411,3956,0.025278058645096056
33428127,2316,0.019430051813471502
1129119,4854,0.010712814173877214
27965147,2782,0.002875629043853343
44046707,1229,0.010577705451586655
21021032,3325,0.024962406015037596
47263655,945,0.013756613756613757
10043986,3993,0.010267968945654895
12478382,3858,0.00336962156557802
1752306,4689,0.0799744081893794
618849,5045,0.02001982160555005
18977896,3466,0.0049047893825735715
33629657,2297,0.0060949063996517195
38198079,1863,0.011808910359634998
49344742,741,0.010796221322537112
24603687,3055,0.016039279869067103
36453137,2041,0.0019598236158745713
14778577,3713,0.012927551844869378
56409155,22,0.13636363636363635
38348184,1846,0.005958829902491874
28854903,2710,0.0025830258302583027
41826287,1475,0.12271186440677966
47562947,913,1.6768893756845564
54902960,186,0.04838709677419355
1508321,4750,0.013052631578947368
40283469,1643,0.015216068167985392
26061,5972,0.9375418620227729
4658004,4334,0.00692201199815413
8419083,4084,0.005876591576885406
27120543,2853,0.38801261829652994
22052858,3256,0.024877149877149878
24702718,3047,0.09386281588447654
21549918,3288,0.05626520681265207
18325342,3512,0.0056947608200455585
52142737,474,0.0189873417721519
43731504,1263,0.13539192399049882
12439335,3860,0.003367875647668394
480754,5109,0.14993149344294382
2005256,4638,0.04829667960327728
15729149,3657,0.003554826360404703
18097683,3525,0.007375886524822695
10978883,3946,0.007349214394323365
22485353,3225,0.0034108527131782944
15325979,3681,0.0010866612333604998
31935791,2454,0.011817440912795437
10978340,3946,0.01013684744044602
12862518,3910,0.0370843989769821
19192369,3451,0.010431758910460736
30584090,2582,0.0023237800154918666
1138590,4851,0.24963924963924963
2789593,4524,0.03138815207780725
21835119,3270,0.007339449541284404
11534128,3914,0.01481859989780276
23995233,3107,0.002252977148374638
39828450,1692,0.0035460992907801418
35654790,2120,0.060849056603773585
2121589,4618,0.08964919878735383
42064584,1451,0.007580978635423846
19285737,3445,0.0034833091436865023
48596092,821,0.08160779537149818
32018751,2446,0.011038430089942763
26890200,2871,0.1497735980494601
36413629,2045,0.00293398533007335
1884025,4662,0.014586014586014585
28225240,2756,0.03918722786647315
21563298,3288,0.016119221411192215
32639002,2388,0.005443886097152429
866050,4950,0.018383838383838384
2844974,4517,0.15430595528005314
25016006,3022,0.0066181336863004635
3671284,4421,0.03483374802080977
24094933,3099,0.006776379477250726
11150914,3936,1.0627540650406504
30104759,2617,0.013374092472296522
9246149,4034,0.014873574615765989
28051719,2773,0.003966822935448972
15557133,3667,0.011998909190073629
24849028,3035,0.007248764415156508
1565467,4733,0.017959011197971688
38556957,1825,0.009863013698630137
46782867,1000,0.012
55601739,117,0.03418803418803419
38479160,1833,0.010911074740861976
144811,5581,0.06701308009317326
13039443,3822,0.004447933019361591
34254502,2238,0.004021447721179625
50747826,620,0.0032258064516129032
23828530,3121,0.004165331624479333
33557205,2304,0.004774305555555556
40193987,1653,0.004234724742891712
2645196,4544,0.02112676056338028
53238538,363,0.011019283746556474
43192439,1327,0.29766390354182365
31924235,2455,0.026883910386965377
33320626,2326,0.015047291487532245
1337562,4798,0.012296790329303876
3308518,4459,0.02152949091724602
44417797,1189,0.0782169890664424
21248541,3310,0.00906344410876133
52490982,438,0.01141552511415525
29550170,2656,0.00338855421686747
24473710,3066,0.00684931506849315
47523615,918,0.09259259259259259
397608,5182,0.02913932844461598
1717362,4696,0.007666098807495741
44231821,1208,0.019867549668874173
213505,5417,0.21303304412036184
21561624,3288,0.002737226277372263
20784788,3345,0.007772795216741405
1217172,4829,0.019879892317249948
81080,5643,0.012050327839801525
23387033,3159,0.0031655587211142765
6682794,4194,0.002861230329041488
12492611,3857,0.014519056261343012
3009930,4496,0.030249110320284697
24108001,3098,0.02937378954163977
16675338,3611,0.026585433397950706
11544797,3913,0.023000255558395095
21825327,3271,0.008560073372057475
1319130,4803,0.026650010410160317
9912536,4000,0.00425
45333088,1105,0.11855203619909502
11052957,3942,0.008117706747843734
18886043,3472,0.008640552995391706
8383598,4086,0.015907978463044543
38880647,1793,0.006134969325153374
53204536,366,0.040983606557377046
15771453,3655,0.01039671682626539
51106671,578,0.010380622837370242
3174866,4476,0.011170688114387846
18920843,3469,0.00835975785528971
39784712,1697,0.009428403064230996
19773834,3413,0.014063873425139173
22031337,3258,0.02056476365868631
53528343,335,0.005970149253731343
29259689,2678,0.002987303958177745
21176841,3315,0.06395173453996983
496060,5101,0.05469515781219369
3765095,4412,0.01042611060743427
2297189,4591,0.16401655412764105
2137311,4616,0.05957538994800693
42601178,1392,0.005747126436781609
38326797,1849,0.009734991887506761
53560109,332,0.02710843373493976
219366,5406,0.08860525342212357
18813325,3476,0.011219792865362486
1454675,4764,0.02413937867338371
27290277,2841,0.020415346708905314
23982659,3109,0.004824702476680605
21603660,3285,0.0837138508371385
306586,5287,0.09041044070361264
21015307,3326,0.0021046301864101023
2960920,4502,0.04775655264326966
1489377,4755,0.08033648790746582
50977743,595,0.03361344537815126
4052307,4387,0.025757921130613176
19177335,3452,0.005214368482039398
35571884,2128,0.03289473684210526
22694997,3209,0.011841695232159551
14592464,3725,0.004026845637583893
25020555,3022,0.010589013898080741
4314964,4364,0.00916590284142988
27760528,2800,0.0035714285714285713
4203664,4374,0.006630086877000457
41834204,1474,0.0013568521031207597
21451794,3295,0.006980273141122913
7373779,4148,0.008437801350048216
44064999,1227,0.035859820700896494
29963812,2628,0.01141552511415525
40730710,1594,0.0037641154328732747
12759592,3840,0.00546875
12357782,3864,0.006211180124223602
3731263,4415,0.01404303510758777
27107970,2854,0.008409250175192713
7081711,4167,0.004319654427645789
25821985,2954,0.005416384563303994
32133773,2435,0.0053388090349075976
21916846,3265,0.005513016845329249
1102521,4863,0.046062101583384744
11591368,3910,0.009207161125319692
1659930,4709,0.018050541516245487
13581248,3788,0.030359028511087644
36456122,2041,0.002449779519843214
43063258,1342,0.014157973174366617
55782747,96,0.052083333333333336
46961089,981,0.022426095820591234
39661318,1710,0.009941520467836258
13087934,3819,0.018067556952081697
7878011,4116,0.030855199222546162
24217073,3088,0.010362694300518135
4248526,4370,0.02723112128146453
20019277,3395,0.02415316642120766
27230386,2845,0.00492091388400703
35550838,2130,0.0028169014084507044
42817312,1368,0.0021929824561403508
29300680,2675,0.007850467289719627
18768286,3480,0.03189655172413793
13132026,3816,0.0023584905660377358
6716015,4192,0.01025763358778626
7487495,4140,0.005314009661835749
234732,5380,0.006319702602230483
12266069,3869,0.009563194623933832
33542888,2305,0.025596529284164858
26585826,2894,0.02626123013130615
11892058,3893,0.010788594913948112
30778815,2567,0.007401636151149201
8580672,4073,0.018659464767984288
32197967,2429,0.012350761630300536
13163170,3814,0.015731515469323543
14281799,3745,0.003471295060080107
13254650,3809,0.014439485429246522
391081,5186,0.05534130350944851
13397119,3800,0.022631578947368423
34564974,2208,0.004981884057971014
21318988,3305,0.008169440242057489
36548514,2032,0.0063976377952755905
2883114,4512,0.08599290780141844
45018871,1132,0.00265017667844523
43075314,1341,0.011185682326621925
14695230,3718,0.0029585798816568047
274851,5324,0.378099173553719
26130891,2930,0.006484641638225256
21300617,3306,0.008771929824561403
1618408,4719,0.004450095359186269
40235164,1648,0.016383495145631068
774228,4977,0.02792847096644565
329348,5256,0.028729071537290714
19758271,3414,0.06444053895723492
22655807,3212,0.015566625155666251
14902005,3705,0.0072874493927125505
20101464,3389,0.012983180879315432
20749510,3348,0.0062724014336917565
49381870,738,0.005420054200542005
21732512,3277,0.00274641440341776
55129053,167,0.0658682634730539
49801433,703,0.04551920341394026
11592171,3910,0.00639386189258312
50935610,600,0.016666666666666666
44146158,1218,0.013136288998357963
25064496,3018,0.0066269052352551355
38052994,1876,0.02771855010660981
27995900,2779,0.00791651673263764
8341276,4088,0.011741682974559686
31845535,2463,0.012992285830288266
30299,6072,1.2546113306982871
1387166,4784,0.06312709030100334
9946508,3998,0.018509254627313655
3355068,4454,0.007184553210597216
22866181,3195,0.00594679186228482
6328331,4211,0.011161244360009499
24650716,3051,0.012782694198623401
28348495,2745,0.006193078324225865
132346,5595,0.006613047363717605
49913151,696,0.05603448275862069
8598619,4072,0.01669941060903733
39018841,1779,0.007869589657110737
47127467,962,0.41476091476091476
3301444,4460,0.08542600896860987
31380298,2511,0.00398247710075667
2100146,4622,0.011683254002596278
929631,4924,0.16835905767668563
1783236,4683,0.007473841554559043
53627366,325,0.009230769230769232
24363933,3076,0.005201560468140442
31658017,2482,0.008863819500402902
26221173,2923,0.00786862812179268
19035061,3462,0.002021952628538417
47660509,903,0.004429678848283499
12346914,3865,0.017335058214747737
15278236,3684,0.009500542888165039
37238231,1960,0.00510204081632653
27879559,2791,0.004657828735220351
12241224,3871,0.01136657194523379
34350737,2228,0.035457809694793535
3827767,4407,0.112548218742909
11461598,3918,0.02348136804492088
47454004,925,0.05837837837837838
31756337,2473,0.003234937323089365
560764,5073,0.004139562389118865
12470707,3858,0.010368066355624676
1920407,4655,0.02577873254564984
23441911,4435,0.028861330326944757
30624139,2580,0.02868217054263566
7713289,4126,0.007028599127484246
26096105,2932,0.045702592087312414
44730961,1160,0.004310344827586207
15590196,3666,0.010638297872340425
22518667,3223,0.00930809804529941
16909049,3597,0.009452321378926884
53782808,308,0.012987012987012988
1898177,4659,0.013522215067611075
52282381,459,0.006535947712418301
15101082,3694,0.008662696264212236
1969889,4644,0.07428940568475452
27328060,2838,0.03946441155743481
11769701,3901,0.010253781081773904
1922894,4654,0.02256123764503653
46409927,1040,0.0125
16437000,3620,0.004972375690607734
21668805,3281,0.00731484303565986
37828955,1901,0.04050499736980537
763877,4981,0.01345111423408954
36152986,2072,0.016409266409266408
2469727,4567,0.01598423472739216
1208538,4832,0.015107615894039736
649572,5029,0.024060449393517598
25357542,2993,0.010691613765452723
4356682,4360,0.06995412844036697
13648662,3784,0.008456659619450317
41508250,1509,0.07422133863485753
32159099,2433,0.007809288943690916
46644039,1016,0.35039370078740156
31934063,2455,0.004887983706720978
19021138,3463,0.0034652035807103665
11929528,3891,0.00796710357234644
7169644,4161,0.0038452295121365054
1191972,4836,0.26592224979321755
35751459,2111,0.011842728564661297
12977462,3826,0.022739153162571878
16765787,3606,0.008042151968940654
46569630,1024,0.0830078125
19812348,3410,0.005571847507331379
34661898,2200,0.005
1957802,4647,0.023455993113836886
44149570,1217,0.003286770747740345
36999367,1983,0.002017145738779627
18834347,3475,0.0057553956834532375
55794560,95,0.05263157894736842
36114450,2076,0.002890173410404624
2450904,4570,0.022975929978118162
12140134,3877,0.042816610781532115
33406532,2318,0.012942191544434857
4898152,4315,0.028968713789107765
12695923,3844,0.004162330905306972
8389387,4085,0.027172582619339046
837215,4963,0.016723755792867216
27394169,2832,0.005296610169491525
43070186,1341,0.014914243102162566
5724920,4253,0.014813073124853044
22623843,3215,0.009953343701399688
4334441,4362,0.08046767537826685
3983303,4393,0.07762349191896198
44038632,1230,0.011382113821138212
55850583,88,0.14772727272727273
28025201,2776,0.004322766570605188
20121219,3388,0.0023612750885478157
18143342,3523,0.002838489923360772
52919118,394,0.012690355329949238
743568,4988,0.007618283881315156
25849442,2952,0.008130081300813009
13873121,3770,0.01936339522546419
3152572,4478,0.05448861098704779
13116842,3817,0.020434896515588157
19395246,3437,0.015129473377945884
30010897,2625,0.031619047619047616
2713202,4533,0.017207147584381206
2799663,4523,0.02277249613088658
26619635,2891,0.0041508128675198895
1286381,4810,0.10353430353430354
16701837,3609,0.004156275976724855
13376088,3801,0.004998684556695606
23795680,3124,0.0019206145966709346
51227685,564,0.051418439716312055
2989256,4498,0.014006224988883948
51708947,512,0.04296875
44847176,1149,0.005221932114882507
21816747,3271,0.010088657902782024
12374619,3863,0.019414962464405904
44901389,1144,0.009615384615384616
29570090,2654,0.008289374529012811
4632649,4336,0.014990774907749077
41953353,1462,0.029411764705882353
13725545,3779,0.03625297697803652
308193,5284,1.0155185465556396
7755689,4124,0.006547041707080504
48311586,850,0.036470588235294116
20962845,3330,0.018618618618618618
3784603,4411,0.01858988891407844
3427681,4447,0.006521250281088374
21716062,3278,0.005186089078706529
46962784,980,0.03469387755102041
11751971,3901,0.0587028966931556
22003924,3260,0.015337423312883436
422079,5156,0.09833204034134989
24211003,3089,0.0032372936225315637
21430607,3297,0.00818926296633303
29705853,2643,0.00832387438516837
3853041,4405,0.055164585698070374
43721541,1264,0.007120253164556962
38280927,4772,0.016345347862531435
7619919,4132,0.00968054211035818
52880786,398,0.01256281407035176
53236583,363,0.046831955922865015
38940879,1787,0.006155567991046447
36424666,2044,0.0885518590998043
18665859,3487,0.0034413535990823058
37911046,1892,0.006871035940803382
34482650,2216,0.008574007220216607
17922774,3536,0.007352941176470588
31655476,2483,0.013290374546919049
12875590,3832,0.004958246346555324
